[Header]
TITLE,MPMS RSO Measurement
BYAPP,MPMS Measurement,1.1,Summary
FILEOPENTIME, 1711730664.616000 3/30/2024, 1:44:24 AM

INFO, APPNAME, MPMS MultiVu Application, Revision 1.60,  Build 081

INFO, NAME, NWF24-C-P8
INFO, WEIGHT, 0.100
INFO, AREA, 0.000
INFO, LENGTH, 0.000
INFO, SHAPE, 0
INFO, COMMENT, 
INFO, SEQUENCE FILE: IRM_3T_300-5-300K.seq


INFO, BACKGROUND DATA FILE:, None


STARTUPAXIS,X,4,LINEAR,AUTO,0.000000,0.000000
STARTUPAXIS,Y1,5,LINEAR,AUTO,0.000000,0.000000


STARTUPGROUP,Longitudinal
FIELDGROUP,Longitudinal,1,2,3,4,5,6,7,8,9,10,11,19,20,21,22,23,35
FIELDGROUP,Transverse,1,2,3,4,12,13,14,15,16,17,18,24,25,26,27,28,35

PLOT_APPEARANCE,ALL,HORZ_GRID_ON,VERT_GRID_ON,MARKERS_AND_LINES

[Data]
Time,Comment,Field (Oe),Temperature (K),Long Moment (emu),Long Scan Std Dev,Long Offset (cm),Long Offset Std Dev,Long Algorithm,Long Reg Fit,Long Reg Factor,Trans Moment (emu),Trans Scan Std Dev,Trans Offset (cm),Trans Offset Std Dev,Trans Algorithm,Trans Reg Fit,Trans Reg Factor,Long Moment [w/o ABS] (emu),Long Scan Std Dev [w/o ABS],Long Offset [w/o ABS] (cm),Long Offset Std Dev [w/o ABS],Long Reg Fit [w/o ABS],Trans Moment [w/o ABS] (emu),Trans Scan Std Dev [w/o ABS],Trans Offset [w/o ABS] (cm),Trans Offset Std Dev [w/o ABS],Trans Reg Fit [w/o ABS],RSO Position (deg),Amplitude (cm),Frequency,Cycles to Average,Scans per Measurement,Delta Temp (K),Error,EC Comp. Running,Using ABS,
1711730664.615,,0.000000e+000,3.000149e+002,8.674966e-003,0.000000e+000,5.631858e-003,0.000000e+000,3,9.920731e-001,1.825000e+000,,,,,,,,,,,,,,,,,,0,3.000000e+000,5.000000e-001,5,1,1.181030e-002,0,0,0,
1711730808.450,,0.000000e+000,2.988412e+002,8.681880e-003,0.000000e+000,6.210661e-003,0.000000e+000,3,9.920991e-001,1.825000e+000,,,,,,,,,,,,,,,,,,0,3.000000e+000,5.000000e-001,5,1,2.114868e-001,0,0,0,
1711730876.176,,0.000000e+000,2.977242e+002,8.689744e-003,0.000000e+000,6.334303e-003,0.000000e+000,3,9.920716e-001,1.825000e+000,,,,,,,,,,,,,,,,,,0,3.000000e+000,5.000000e-001,5,1,4.078979e-001,0,0,0,
1711730925.602,,0.000000e+000,2.965172e+002,8.697703e-003,0.000000e+000,6.627238e-003,0.000000e+000,3,9.921399e-001,1.825000e+000,,,,,,,,,,,,,,,,,,0,3.000000e+000,5.000000e-001,5,1,4.966125e-001,0,1,0,
1711730958.270,,0.000000e+000,2.955219e+002,8.704709e-003,0.000000e+000,6.735235e-003,0.000000e+000,3,9.921504e-001,1.825000e+000,,,,,,,,,,,,,,,,,,0,3.000000e+000,5.000000e-001,5,1,5.963135e-001,0,1,0,
1711730986.176,,0.000000e+000,2.946017e+002,8.711442e-003,0.000000e+000,6.832991e-003,0.000000e+000,3,9.921767e-001,1.825000e+000,,,,,,,,,,,,,,,,,,0,3.000000e+000,5.000000e-001,5,1,5.354919e-001,0,1,0,
1711731020.846,,0.000000e+000,2.935803e+002,8.718980e-003,0.000000e+000,6.860911e-003,0.000000e+000,3,9.921582e-001,1.825000e+000,,,,,,,,,,,,,,,,,,0,3.000000e+000,5.000000e-001,5,1,6.220093e-001,0,1,0,
1711731053.010,,0.000000e+000,2.926333e+002,8.724458e-003,0.000000e+000,6.789129e-003,0.000000e+000,3,9.922248e-001,1.825000e+000,,,,,,,,,,,,,,,,,,0,3.000000e+000,5.000000e-001,5,1,4.155884e-001,0,1,0,
1711731083.168,,0.000000e+000,2.917487e+002,8.730646e-003,0.000000e+000,6.766821e-003,0.000000e+000,3,9.921684e-001,1.825000e+000,,,,,,,,,,,,,,,,,,0,3.000000e+000,5.000000e-001,5,1,4.129028e-001,0,1,0,
1711731124.338,,0.000000e+000,2.906538e+002,8.738039e-003,0.000000e+000,6.763349e-003,0.000000e+000,3,9.922215e-001,1.825000e+000,,,,,,,,,,,,,,,,,,0,3.000000e+000,5.000000e-001,5,1,5.093994e-001,0,1,0,
1711731160.041,,0.000000e+000,2.896773e+002,8.744299e-003,0.000000e+000,6.636537e-003,0.000000e+000,3,9.922496e-001,1.825000e+000,,,,,,,,,,,,,,,,,,0,3.000000e+000,5.000000e-001,5,1,4.948120e-001,0,1,0,
1711731197.229,,0.000000e+000,2.886476e+002,8.751250e-003,0.000000e+000,6.458034e-003,0.000000e+000,3,9.922179e-001,1.825000e+000,,,,,,,,,,,,,,,,,,0,3.000000e+000,5.000000e-001,5,1,4.036865e-001,0,1,0,
1711731233.392,,0.000000e+000,2.877178e+002,8.755856e-003,0.000000e+000,6.460180e-003,0.000000e+000,3,9.923291e-001,1.825000e+000,,,,,,,,,,,,,,,,,,0,3.000000e+000,5.000000e-001,5,1,5.635071e-001,0,1,0,
1711731272.826,,0.000000e+000,2.866220e+002,8.761473e-003,0.000000e+000,6.323516e-003,0.000000e+000,3,9.923604e-001,1.825000e+000,,,,,,,,,,,,,,,,,,0,3.000000e+000,5.000000e-001,5,1,3.977966e-001,0,1,0,
1711731308.252,,0.000000e+000,2.856953e+002,8.767307e-003,0.000000e+000,6.283906e-003,0.000000e+000,3,9.923736e-001,1.825000e+000,,,,,,,,,,,,,,,,,,0,3.000000e+000,5.000000e-001,5,1,4.913025e-001,0,1,0,
1711731345.841,,0.000000e+000,2.846688e+002,8.773398e-003,0.000000e+000,6.151259e-003,0.000000e+000,3,9.923769e-001,1.825000e+000,,,,,,,,,,,,,,,,,,0,3.000000e+000,5.000000e-001,5,1,4.344788e-001,0,1,0,
1711731380.969,,0.000000e+000,2.836500e+002,8.778436e-003,0.000000e+000,6.156560e-003,0.000000e+000,3,9.923658e-001,1.825000e+000,,,,,,,,,,,,,,,,,,0,3.000000e+000,5.000000e-001,5,1,4.206848e-001,0,1,0,
1711731415.879,,0.000000e+000,2.827277e+002,8.784867e-003,0.000000e+000,6.033963e-003,0.000000e+000,3,9.923550e-001,1.825000e+000,,,,,,,,,,,,,,,,,,0,3.000000e+000,5.000000e-001,5,1,4.385986e-001,0,1,0,
1711731459.098,,0.000000e+000,2.814854e+002,8.791751e-003,0.000000e+000,5.987992e-003,0.000000e+000,3,9.922780e-001,1.825000e+000,,,,,,,,,,,,,,,,,,0,3.000000e+000,5.000000e-001,5,1,4.656982e-001,0,1,0,
1711731493.527,,0.000000e+000,2.805525e+002,8.789998e-003,0.000000e+000,5.660818e-003,0.000000e+000,3,9.921370e-001,1.825000e+000,,,,,,,,,,,,,,,,,,0,3.000000e+000,5.000000e-001,5,1,6.781006e-001,0,1,0,
1711731524.372,,0.000000e+000,2.796716e+002,8.801467e-003,0.000000e+000,5.799668e-003,0.000000e+000,3,9.923854e-001,1.825000e+000,,,,,,,,,,,,,,,,,,0,3.000000e+000,5.000000e-001,5,1,5.510254e-001,0,1,0,
1711731556.249,,0.000000e+000,2.786953e+002,8.834195e-003,0.000000e+000,5.486473e-003,0.000000e+000,3,9.906005e-001,1.825000e+000,,,,,,,,,,,,,,,,,,0,3.000000e+000,5.000000e-001,5,1,4.458008e-001,0,1,0,
1711731592.436,,0.000000e+000,2.776559e+002,8.813962e-003,0.000000e+000,5.682284e-003,0.000000e+000,3,9.922765e-001,1.825000e+000,,,,,,,,,,,,,,,,,,0,3.000000e+000,5.000000e-001,5,1,4.622803e-001,0,0,0,
1711731625.773,,0.000000e+000,2.766747e+002,8.818793e-003,0.000000e+000,5.675190e-003,0.000000e+000,3,9.922449e-001,1.825000e+000,,,,,,,,,,,,,,,,,,0,3.000000e+000,5.000000e-001,5,1,4.787903e-001,0,0,0,
1711731662.654,,0.000000e+000,2.755771e+002,8.824977e-003,0.000000e+000,5.524106e-003,0.000000e+000,3,9.922761e-001,1.825000e+000,,,,,,,,,,,,,,,,,,0,3.000000e+000,5.000000e-001,5,1,4.846802e-001,0,0,0,
1711731694.819,,0.000000e+000,2.746507e+002,8.830173e-003,0.000000e+000,5.423556e-003,0.000000e+000,3,9.922968e-001,1.825000e+000,,,,,,,,,,,,,,,,,,0,3.000000e+000,5.000000e-001,5,1,5.203857e-001,0,0,0,
1711731725.987,,0.000000e+000,2.736920e+002,8.835207e-003,0.000000e+000,5.416636e-003,0.000000e+000,3,9.921599e-001,1.825000e+000,,,,,,,,,,,,,,,,,,0,3.000000e+000,5.000000e-001,5,1,5.751038e-001,0,0,0,
1711731760.906,,0.000000e+000,2.725808e+002,8.841905e-003,0.000000e+000,5.332394e-003,0.000000e+000,3,9.921744e-001,1.825000e+000,,,,,,,,,,,,,,,,,,0,3.000000e+000,5.000000e-001,5,1,6.571045e-001,0,0,0,
1711731795.371,,0.000000e+000,2.715318e+002,8.847150e-003,0.000000e+000,5.173276e-003,0.000000e+000,3,9.921769e-001,1.825000e+000,,,,,,,,,,,,,,,,,,0,3.000000e+000,5.000000e-001,5,1,5.750122e-001,0,0,0,
1711731828.217,,0.000000e+000,2.705247e+002,8.851270e-003,0.000000e+000,4.991245e-003,0.000000e+000,3,9.922627e-001,1.825000e+000,,,,,,,,,,,,,,,,,,0,3.000000e+000,5.000000e-001,5,1,5.799866e-001,0,0,0,
1711731853.336,,0.000000e+000,2.696104e+002,8.855686e-003,0.000000e+000,5.096669e-003,0.000000e+000,3,9.921901e-001,1.825000e+000,,,,,,,,,,,,,,,,,,0,3.000000e+000,5.000000e-001,5,1,4.909058e-001,0,1,0,
1711731888.253,,0.000000e+000,2.685015e+002,8.859939e-003,0.000000e+000,5.174592e-003,0.000000e+000,3,9.920847e-001,1.825000e+000,,,,,,,,,,,,,,,,,,0,3.000000e+000,5.000000e-001,5,1,5.426941e-001,0,1,0,
1711731915.915,,0.000000e+000,2.676158e+002,8.865868e-003,0.000000e+000,4.954852e-003,0.000000e+000,3,9.919716e-001,1.825000e+000,,,,,,,,,,,,,,,,,,0,3.000000e+000,5.000000e-001,5,1,5.388794e-001,0,1,0,
1711731947.832,,0.000000e+000,2.666257e+002,8.869556e-003,0.000000e+000,4.999871e-003,0.000000e+000,3,9.920586e-001,1.825000e+000,,,,,,,,,,,,,,,,,,0,3.000000e+000,5.000000e-001,5,1,6.268005e-001,0,1,0,
1711731977.907,,0.000000e+000,2.656387e+002,8.874123e-003,0.000000e+000,4.814032e-003,0.000000e+000,3,9.919652e-001,1.825000e+000,,,,,,,,,,,,,,,,,,0,3.000000e+000,5.000000e-001,5,1,5.395203e-001,0,1,0,
1711732009.454,,0.000000e+000,2.646326e+002,8.879256e-003,0.000000e+000,4.794257e-003,0.000000e+000,3,9.919492e-001,1.825000e+000,,,,,,,,,,,,,,,,,,0,3.000000e+000,5.000000e-001,5,1,5.622864e-001,0,1,0,
1711732043.576,,0.000000e+000,2.635356e+002,8.883144e-003,0.000000e+000,4.905659e-003,0.000000e+000,3,9.921178e-001,1.825000e+000,,,,,,,,,,,,,,,,,,0,3.000000e+000,5.000000e-001,5,1,6.022949e-001,0,1,0,
1711732076.006,,0.000000e+000,2.625507e+002,8.886446e-003,0.000000e+000,4.792660e-003,0.000000e+000,3,9.921712e-001,1.825000e+000,,,,,,,,,,,,,,,,,,0,3.000000e+000,5.000000e-001,5,1,6.062012e-001,0,1,0,
1711732106.662,,0.000000e+000,2.616445e+002,8.889292e-003,0.000000e+000,4.560805e-003,0.000000e+000,3,9.920976e-001,1.825000e+000,,,,,,,,,,,,,,,,,,0,3.000000e+000,5.000000e-001,5,1,5.489197e-001,0,1,0,
1711732138.332,,0.000000e+000,2.605906e+002,8.893938e-003,0.000000e+000,4.499313e-003,0.000000e+000,3,9.921399e-001,1.825000e+000,,,,,,,,,,,,,,,,,,0,3.000000e+000,5.000000e-001,5,1,5.534058e-001,0,1,0,
1711732169.233,,0.000000e+000,2.596542e+002,8.898545e-003,0.000000e+000,4.472608e-003,0.000000e+000,3,9.921401e-001,1.825000e+000,,,,,,,,,,,,,,,,,,0,3.000000e+000,5.000000e-001,5,1,6.716003e-001,0,1,0,
1711732202.405,,0.000000e+000,2.586115e+002,8.904196e-003,0.000000e+000,4.460734e-003,0.000000e+000,3,9.920800e-001,1.825000e+000,,,,,,,,,,,,,,,,,,0,3.000000e+000,5.000000e-001,5,1,5.971069e-001,0,1,0,
1711732235.317,,0.000000e+000,2.574957e+002,8.908409e-003,0.000000e+000,4.432710e-003,0.000000e+000,3,9.921531e-001,1.825000e+000,,,,,,,,,,,,,,,,,,0,3.000000e+000,5.000000e-001,5,1,6.005859e-001,0,1,0,
1711732265.728,,0.000000e+000,2.565679e+002,8.912497e-003,0.000000e+000,4.360541e-003,0.000000e+000,3,9.920108e-001,1.825000e+000,,,,,,,,,,,,,,,,,,0,3.000000e+000,5.000000e-001,5,1,4.685974e-001,0,1,0,
1711732294.887,,0.000000e+000,2.556382e+002,8.916892e-003,0.000000e+000,4.379623e-003,0.000000e+000,3,9.919978e-001,1.825000e+000,,,,,,,,,,,,,,,,,,0,3.000000e+000,5.000000e-001,5,1,4.568939e-001,0,1,0,
1711732330.483,,0.000000e+000,2.545474e+002,8.921089e-003,0.000000e+000,4.423917e-003,0.000000e+000,3,9.920836e-001,1.825000e+000,,,,,,,,,,,,,,,,,,0,3.000000e+000,5.000000e-001,5,1,5.283966e-001,0,1,0,
1711732360.106,,0.000000e+000,2.536154e+002,8.924306e-003,0.000000e+000,4.272623e-003,0.000000e+000,3,9.920911e-001,1.825000e+000,,,,,,,,,,,,,,,,,,0,3.000000e+000,5.000000e-001,5,1,5.329895e-001,0,1,0,
1711732391.796,,0.000000e+000,2.525785e+002,8.928290e-003,0.000000e+000,4.362764e-003,0.000000e+000,3,9.921324e-001,1.825000e+000,,,,,,,,,,,,,,,,,,0,3.000000e+000,5.000000e-001,5,1,4.626923e-001,0,1,0,
1711732425.123,,0.000000e+000,2.515335e+002,8.931684e-003,0.000000e+000,4.399085e-003,0.000000e+000,3,9.921145e-001,1.825000e+000,,,,,,,,,,,,,,,,,,0,3.000000e+000,5.000000e-001,5,1,5.572052e-001,0,1,0,
1711732455.250,,0.000000e+000,2.506555e+002,8.934143e-003,0.000000e+000,4.272691e-003,0.000000e+000,3,9.921954e-001,1.825000e+000,,,,,,,,,,,,,,,,,,0,3.000000e+000,5.000000e-001,5,1,5.453033e-001,0,1,0,
1711732488.912,,0.000000e+000,2.495978e+002,8.936665e-003,0.000000e+000,4.211052e-003,0.000000e+000,3,9.921498e-001,1.825000e+000,,,,,,,,,,,,,,,,,,0,3.000000e+000,5.000000e-001,5,1,5.326996e-001,0,1,0,
1711732523.327,,0.000000e+000,2.484770e+002,8.943204e-003,0.000000e+000,4.202850e-003,0.000000e+000,3,9.922290e-001,1.825000e+000,,,,,,,,,,,,,,,,,,0,3.000000e+000,5.000000e-001,5,1,6.479950e-001,0,1,0,
1711732549.980,,0.000000e+000,2.475641e+002,8.947782e-003,0.000000e+000,4.259715e-003,0.000000e+000,3,9.922788e-001,1.825000e+000,,,,,,,,,,,,,,,,,,0,3.000000e+000,5.000000e-001,5,1,5.559998e-001,0,1,0,
1711732583.648,,0.000000e+000,2.465515e+002,8.951414e-003,0.000000e+000,4.313094e-003,0.000000e+000,3,9.923264e-001,1.825000e+000,,,,,,,,,,,,,,,,,,0,3.000000e+000,5.000000e-001,5,1,5.516052e-001,0,1,0,
1711732618.064,,0.000000e+000,2.454689e+002,8.954978e-003,0.000000e+000,4.345975e-003,0.000000e+000,3,9.923056e-001,1.825000e+000,,,,,,,,,,,,,,,,,,0,3.000000e+000,5.000000e-001,5,1,5.624084e-001,0,1,0,
1711732642.717,,0.000000e+000,2.446515e+002,8.958567e-003,0.000000e+000,4.411261e-003,0.000000e+000,3,9.923195e-001,1.825000e+000,,,,,,,,,,,,,,,,,,0,3.000000e+000,5.000000e-001,5,1,6.674042e-001,0,1,0,
1711732680.644,,0.000000e+000,2.434696e+002,8.961794e-003,0.000000e+000,4.381200e-003,0.000000e+000,3,9.924173e-001,1.825000e+000,,,,,,,,,,,,,,,,,,0,3.000000e+000,5.000000e-001,5,1,4.766083e-001,0,0,0,
1711732705.547,,0.000000e+000,2.426461e+002,8.964450e-003,0.000000e+000,4.417101e-003,0.000000e+000,3,9.922647e-001,1.825000e+000,,,,,,,,,,,,,,,,,,0,3.000000e+000,5.000000e-001,5,1,6.033020e-001,0,0,0,
1711732741.205,,0.000000e+000,2.415022e+002,8.968009e-003,0.000000e+000,4.503415e-003,0.000000e+000,3,9.923149e-001,1.825000e+000,,,,,,,,,,,,,,,,,,0,3.000000e+000,5.000000e-001,5,1,4.841003e-001,0,0,0,
1711732770.618,,0.000000e+000,2.405865e+002,8.968672e-003,0.000000e+000,4.543731e-003,0.000000e+000,3,9.924014e-001,1.825000e+000,,,,,,,,,,,,,,,,,,0,3.000000e+000,5.000000e-001,5,1,5.330963e-001,0,0,0,
1711732798.766,,0.000000e+000,2.395805e+002,8.971740e-003,0.000000e+000,4.605231e-003,0.000000e+000,3,9.923944e-001,1.825000e+000,,,,,,,,,,,,,,,,,,0,3.000000e+000,5.000000e-001,5,1,4.915009e-001,0,0,0,
1711732832.178,,0.000000e+000,2.385240e+002,8.975729e-003,0.000000e+000,4.679645e-003,0.000000e+000,3,9.923227e-001,1.825000e+000,,,,,,,,,,,,,,,,,,0,3.000000e+000,5.000000e-001,5,1,5.684967e-001,0,0,0,
1711732862.108,,0.000000e+000,2.374801e+002,8.977771e-003,0.000000e+000,4.779972e-003,0.000000e+000,3,9.922956e-001,1.825000e+000,,,,,,,,,,,,,,,,,,0,3.000000e+000,5.000000e-001,5,1,5.489960e-001,0,0,0,
1711732889.006,,0.000000e+000,2.365759e+002,8.979799e-003,0.000000e+000,4.883645e-003,0.000000e+000,3,9.923120e-001,1.825000e+000,,,,,,,,,,,,,,,,,,0,3.000000e+000,5.000000e-001,5,1,5.740051e-001,0,0,0,
1711732918.954,,0.000000e+000,2.355487e+002,8.982182e-003,0.000000e+000,4.952560e-003,0.000000e+000,3,9.923299e-001,1.825000e+000,,,,,,,,,,,,,,,,,,0,3.000000e+000,5.000000e-001,5,1,6.410980e-001,0,0,0,
1711732947.119,,0.000000e+000,2.346268e+002,8.984313e-003,0.000000e+000,5.049155e-003,0.000000e+000,3,9.923229e-001,1.825000e+000,,,,,,,,,,,,,,,,,,0,3.000000e+000,5.000000e-001,5,1,6.860962e-001,0,1,0,
1711732977.808,,0.000000e+000,2.335345e+002,8.986900e-003,0.000000e+000,5.106327e-003,0.000000e+000,3,9.923786e-001,1.825000e+000,,,,,,,,,,,,,,,,,,0,3.000000e+000,5.000000e-001,5,1,5.169983e-001,0,1,0,
1711733010.382,,0.000000e+000,2.324435e+002,8.988140e-003,0.000000e+000,5.252326e-003,0.000000e+000,3,9.924005e-001,1.825000e+000,,,,,,,,,,,,,,,,,,0,3.000000e+000,5.000000e-001,5,1,5.402985e-001,0,1,0,
1711733034.007,,0.000000e+000,2.316358e+002,8.989497e-003,0.000000e+000,5.350753e-003,0.000000e+000,3,9.924440e-001,1.825000e+000,,,,,,,,,,,,,,,,,,0,3.000000e+000,5.000000e-001,5,1,6.690979e-001,0,1,0,
1711733062.424,,0.000000e+000,2.306120e+002,8.990969e-003,0.000000e+000,5.374683e-003,0.000000e+000,3,9.924359e-001,1.825000e+000,,,,,,,,,,,,,,,,,,0,3.000000e+000,5.000000e-001,5,1,5.321045e-001,0,1,0,
1711733094.367,,0.000000e+000,2.296761e+002,8.993225e-003,0.000000e+000,5.442583e-003,0.000000e+000,3,9.923872e-001,1.825000e+000,,,,,,,,,,,,,,,,,,0,3.000000e+000,5.000000e-001,5,1,6.374969e-001,0,1,0,
1711733125.523,,0.000000e+000,2.286284e+002,8.995338e-003,0.000000e+000,5.486549e-003,0.000000e+000,3,9.923900e-001,1.825000e+000,,,,,,,,,,,,,,,,,,0,3.000000e+000,5.000000e-001,5,1,5.842896e-001,0,1,0,
1711733154.977,,0.000000e+000,2.276339e+002,8.996648e-003,0.000000e+000,5.588549e-003,0.000000e+000,3,9.924428e-001,1.825000e+000,,,,,,,,,,,,,,,,,,0,3.000000e+000,5.000000e-001,5,1,5.794067e-001,0,1,0,
1711733186.687,,0.000000e+000,2.265475e+002,8.998882e-003,0.000000e+000,5.747375e-003,0.000000e+000,3,9.923092e-001,1.825000e+000,,,,,,,,,,,,,,,,,,0,3.000000e+000,5.000000e-001,5,1,5.606995e-001,0,1,0,
1711733215.089,,0.000000e+000,2.255869e+002,8.999163e-003,0.000000e+000,5.737820e-003,0.000000e+000,3,9.924018e-001,1.825000e+000,,,,,,,,,,,,,,,,,,0,3.000000e+000,5.000000e-001,5,1,4.832916e-001,0,1,0,
1711733241.988,,0.000000e+000,2.246641e+002,9.000354e-003,0.000000e+000,5.882834e-003,0.000000e+000,3,9.923777e-001,1.825000e+000,,,,,,,,,,,,,,,,,,0,3.000000e+000,5.000000e-001,5,1,6.501923e-001,0,1,0,
1711733273.168,,0.000000e+000,2.236408e+002,9.001369e-003,0.000000e+000,5.968198e-003,0.000000e+000,3,9.923733e-001,1.825000e+000,,,,,,,,,,,,,,,,,,0,3.000000e+000,5.000000e-001,5,1,5.597992e-001,0,1,0,
1711733307.587,,0.000000e+000,2.225107e+002,9.002932e-003,0.000000e+000,6.010672e-003,0.000000e+000,3,9.923652e-001,1.825000e+000,,,,,,,,,,,,,,,,,,0,3.000000e+000,5.000000e-001,5,1,5.606995e-001,0,1,0,
1711733335.002,,0.000000e+000,2.215831e+002,9.003581e-003,0.000000e+000,6.187660e-003,0.000000e+000,3,9.924191e-001,1.825000e+000,,,,,,,,,,,,,,,,,,0,3.000000e+000,5.000000e-001,5,1,5.881042e-001,0,1,0,
1711733365.068,,0.000000e+000,2.205902e+002,9.004748e-003,0.000000e+000,6.279806e-003,0.000000e+000,3,9.923760e-001,1.825000e+000,,,,,,,,,,,,,,,,,,0,3.000000e+000,5.000000e-001,5,1,5.829926e-001,0,1,0,
1711733394.485,,0.000000e+000,2.196122e+002,9.005073e-003,0.000000e+000,6.349777e-003,0.000000e+000,3,9.923394e-001,1.825000e+000,,,,,,,,,,,,,,,,,,0,3.000000e+000,5.000000e-001,5,1,5.653992e-001,0,1,0,
1711733423.701,,0.000000e+000,2.186862e+002,9.006215e-003,0.000000e+000,6.410846e-003,0.000000e+000,3,9.923271e-001,1.825000e+000,,,,,,,,,,,,,,,,,,0,3.000000e+000,5.000000e-001,5,1,4.236908e-001,0,1,0,
1711733453.864,,0.000000e+000,2.176658e+002,9.006117e-003,0.000000e+000,6.523162e-003,0.000000e+000,3,9.923493e-001,1.825000e+000,,,,,,,,,,,,,,,,,,0,3.000000e+000,5.000000e-001,5,1,5.000916e-001,0,1,0,
1711733491.573,,0.000000e+000,2.164745e+002,9.007800e-003,0.000000e+000,6.484150e-003,0.000000e+000,3,9.923363e-001,1.825000e+000,,,,,,,,,,,,,,,,,,0,3.000000e+000,5.000000e-001,5,1,4.824982e-001,0,1,0,
1711733520.399,,0.000000e+000,2.155410e+002,9.008048e-003,0.000000e+000,6.615341e-003,0.000000e+000,3,9.923271e-001,1.825000e+000,,,,,,,,,,,,,,,,,,0,3.000000e+000,5.000000e-001,5,1,6.542053e-001,0,1,0,
1711733548.698,,0.000000e+000,2.145818e+002,9.008370e-003,0.000000e+000,6.685122e-003,0.000000e+000,3,9.923229e-001,1.825000e+000,,,,,,,,,,,,,,,,,,0,3.000000e+000,5.000000e-001,5,1,4.322968e-001,0,1,0,
1711733582.335,,0.000000e+000,2.135627e+002,9.008403e-003,0.000000e+000,6.661448e-003,0.000000e+000,3,9.923118e-001,1.825000e+000,,,,,,,,,,,,,,,,,,0,3.000000e+000,5.000000e-001,5,1,4.819031e-001,0,1,0,
1711733610.994,,0.000000e+000,2.126387e+002,9.007843e-003,0.000000e+000,6.712553e-003,0.000000e+000,3,9.923497e-001,1.825000e+000,,,,,,,,,,,,,,,,,,0,3.000000e+000,5.000000e-001,5,1,6.430054e-001,0,1,0,
1711733642.907,,0.000000e+000,2.115703e+002,9.008245e-003,0.000000e+000,6.884112e-003,0.000000e+000,3,9.923777e-001,1.825000e+000,,,,,,,,,,,,,,,,,,0,3.000000e+000,5.000000e-001,5,1,6.484070e-001,0,1,0,
1711733669.316,,0.000000e+000,2.106510e+002,9.008435e-003,0.000000e+000,6.842828e-003,0.000000e+000,3,9.923080e-001,1.825000e+000,,,,,,,,,,,,,,,,,,0,3.000000e+000,5.000000e-001,5,1,5.039063e-001,0,1,0,
1711733701.281,,0.000000e+000,2.096136e+002,8.813116e-003,0.000000e+000,2.055764e-002,0.000000e+000,3,9.606048e-001,1.825000e+000,,,,,,,,,,,,,,,,,,0,3.000000e+000,5.000000e-001,5,1,5.908966e-001,0,1,0,
1711733732.448,,0.000000e+000,2.086712e+002,9.006849e-003,0.000000e+000,6.986338e-003,0.000000e+000,3,9.923812e-001,1.825000e+000,,,,,,,,,,,,,,,,,,0,3.000000e+000,5.000000e-001,5,1,6.425934e-001,0,0,0,
1711733764.646,,0.000000e+000,2.074948e+002,9.005677e-003,0.000000e+000,7.014295e-003,0.000000e+000,3,9.923703e-001,1.825000e+000,,,,,,,,,,,,,,,,,,0,3.000000e+000,5.000000e-001,5,1,5.792999e-001,0,0,0,
1711733793.223,,0.000000e+000,2.066243e+002,9.006400e-003,0.000000e+000,7.103987e-003,0.000000e+000,3,9.921492e-001,1.825000e+000,,,,,,,,,,,,,,,,,,0,3.000000e+000,5.000000e-001,5,1,6.350098e-001,0,0,0,
1711733824.347,,0.000000e+000,2.056060e+002,9.004211e-003,0.000000e+000,7.219051e-003,0.000000e+000,3,9.924355e-001,1.825000e+000,,,,,,,,,,,,,,,,,,0,3.000000e+000,5.000000e-001,5,1,5.580902e-001,0,0,0,
1711733853.992,,0.000000e+000,2.046133e+002,9.002929e-003,0.000000e+000,7.207626e-003,0.000000e+000,3,9.923850e-001,1.825000e+000,,,,,,,,,,,,,,,,,,0,3.000000e+000,5.000000e-001,5,1,5.693970e-001,0,0,0,
1711733885.147,,0.000000e+000,2.035376e+002,9.002145e-003,0.000000e+000,7.351142e-003,0.000000e+000,3,9.923165e-001,1.825000e+000,,,,,,,,,,,,,,,,,,0,3.000000e+000,5.000000e-001,5,1,5.798950e-001,0,0,0,
1711733915.706,,0.000000e+000,2.024966e+002,9.000302e-003,0.000000e+000,7.362794e-003,0.000000e+000,3,9.922704e-001,1.825000e+000,,,,,,,,,,,,,,,,,,0,3.000000e+000,5.000000e-001,5,1,5.097961e-001,0,0,0,
1711733943.579,,0.000000e+000,2.015988e+002,8.999512e-003,0.000000e+000,7.467701e-003,0.000000e+000,3,9.922317e-001,1.825000e+000,,,,,,,,,,,,,,,,,,0,3.000000e+000,5.000000e-001,5,1,5.800934e-001,0,0,0,
1711733974.226,,0.000000e+000,2.005212e+002,9.009765e-003,0.000000e+000,2.561557e-002,0.000000e+000,3,9.842286e-001,1.825000e+000,,,,,,,,,,,,,,,,,,0,3.000000e+000,5.000000e-001,5,1,4.530029e-001,0,1,0,
1711734001.278,,0.000000e+000,1.995409e+002,8.994814e-003,0.000000e+000,7.810420e-003,0.000000e+000,3,9.922995e-001,1.825000e+000,,,,,,,,,,,,,,,,,,0,3.000000e+000,5.000000e-001,5,1,6.053925e-001,0,1,0,
1711734029.655,,0.000000e+000,1.985903e+002,8.991906e-003,0.000000e+000,7.838447e-003,0.000000e+000,3,9.922817e-001,1.825000e+000,,,,,,,,,,,,,,,,,,0,3.000000e+000,5.000000e-001,5,1,6.929932e-001,0,1,0,
1711734060.819,,0.000000e+000,1.975506e+002,8.988854e-003,0.000000e+000,7.911187e-003,0.000000e+000,3,9.922959e-001,1.825000e+000,,,,,,,,,,,,,,,,,,0,3.000000e+000,5.000000e-001,5,1,5.223083e-001,0,1,0,
1711734089.967,,0.000000e+000,1.965367e+002,8.988440e-003,0.000000e+000,8.008405e-003,0.000000e+000,3,9.920683e-001,1.825000e+000,,,,,,,,,,,,,,,,,,0,3.000000e+000,5.000000e-001,5,1,5.982971e-001,0,1,0,
1711734122.371,,0.000000e+000,1.954798e+002,8.987170e-003,0.000000e+000,8.103502e-003,0.000000e+000,3,9.920710e-001,1.825000e+000,,,,,,,,,,,,,,,,,,0,3.000000e+000,5.000000e-001,5,1,5.971985e-001,0,1,0,
1711734150.191,,0.000000e+000,1.944411e+002,8.983683e-003,0.000000e+000,8.322475e-003,0.000000e+000,3,9.921778e-001,1.825000e+000,,,,,,,,,,,,,,,,,,0,3.000000e+000,5.000000e-001,5,1,6.011047e-001,0,1,0,
1711734177.261,,0.000000e+000,1.936222e+002,8.980229e-003,0.000000e+000,8.264762e-003,0.000000e+000,3,9.920304e-001,1.825000e+000,,,,,,,,,,,,,,,,,,0,3.000000e+000,5.000000e-001,5,1,5.913849e-001,0,1,0,
1711734203.403,,0.000000e+000,1.926240e+002,8.978209e-003,0.000000e+000,8.644603e-003,0.000000e+000,3,9.921068e-001,1.825000e+000,,,,,,,,,,,,,,,,,,0,3.000000e+000,5.000000e-001,5,1,5.222015e-001,0,1,0,
1711734233.061,,0.000000e+000,1.916673e+002,8.974334e-003,0.000000e+000,8.792354e-003,0.000000e+000,3,9.921414e-001,1.825000e+000,,,,,,,,,,,,,,,,,,0,3.000000e+000,5.000000e-001,5,1,6.526031e-001,0,1,0,
1711734263.200,,0.000000e+000,1.906378e+002,8.972055e-003,0.000000e+000,8.868040e-003,0.000000e+000,3,9.921470e-001,1.825000e+000,,,,,,,,,,,,,,,,,,0,3.000000e+000,5.000000e-001,5,1,5.024109e-001,0,1,0,
1711734296.600,,0.000000e+000,1.895078e+002,8.968495e-003,0.000000e+000,9.196612e-003,0.000000e+000,3,9.921710e-001,1.825000e+000,,,,,,,,,,,,,,,,,,0,3.000000e+000,5.000000e-001,5,1,5.867004e-001,0,1,0,
1711734326.989,,0.000000e+000,1.885916e+002,8.966208e-003,0.000000e+000,9.231201e-003,0.000000e+000,3,9.921717e-001,1.825000e+000,,,,,,,,,,,,,,,,,,0,3.000000e+000,5.000000e-001,5,1,5.204010e-001,0,1,0,
1711734358.318,,0.000000e+000,1.876143e+002,8.963316e-003,0.000000e+000,9.403899e-003,0.000000e+000,3,9.921287e-001,1.825000e+000,,,,,,,,,,,,,,,,,,0,3.000000e+000,5.000000e-001,5,1,5.755920e-001,0,1,0,
1711734387.197,,0.000000e+000,1.865822e+002,8.960058e-003,0.000000e+000,9.550676e-003,0.000000e+000,3,9.920350e-001,1.825000e+000,,,,,,,,,,,,,,,,,,0,3.000000e+000,5.000000e-001,5,1,5.834045e-001,0,1,0,
1711734415.587,,0.000000e+000,1.856403e+002,8.956270e-003,0.000000e+000,9.635118e-003,0.000000e+000,3,9.919029e-001,1.825000e+000,,,,,,,,,,,,,,,,,,0,3.000000e+000,5.000000e-001,5,1,4.412994e-001,0,1,0,
1711734445.240,,0.000000e+000,1.846580e+002,8.952636e-003,0.000000e+000,9.922565e-003,0.000000e+000,3,9.919757e-001,1.825000e+000,,,,,,,,,,,,,,,,,,0,3.000000e+000,5.000000e-001,5,1,5.181122e-001,0,1,0,
1711734481.652,,0.000000e+000,1.834070e+002,8.947819e-003,0.000000e+000,1.004033e-002,0.000000e+000,3,9.919189e-001,1.825000e+000,,,,,,,,,,,,,,,,,,0,3.000000e+000,5.000000e-001,5,1,5.247040e-001,0,1,0,
1711734511.548,,0.000000e+000,1.824673e+002,8.945634e-003,0.000000e+000,1.030345e-002,0.000000e+000,3,9.919105e-001,1.825000e+000,,,,,,,,,,,,,,,,,,0,3.000000e+000,5.000000e-001,5,1,5.139008e-001,0,1,0,
1711734541.194,,0.000000e+000,1.815565e+002,8.942649e-003,0.000000e+000,1.036946e-002,0.000000e+000,3,9.918699e-001,1.825000e+000,,,,,,,,,,,,,,,,,,0,3.000000e+000,5.000000e-001,5,1,5.889130e-001,0,1,0,
1711734569.584,,0.000000e+000,1.806794e+002,8.937696e-003,0.000000e+000,1.046420e-002,0.000000e+000,3,9.919379e-001,1.825000e+000,,,,,,,,,,,,,,,,,,0,3.000000e+000,5.000000e-001,5,1,5.748901e-001,0,1,0,
1711734602.483,,0.000000e+000,1.795109e+002,8.931709e-003,0.000000e+000,1.068676e-002,0.000000e+000,3,9.918421e-001,1.825000e+000,,,,,,,,,,,,,,,,,,0,3.000000e+000,5.000000e-001,5,1,5.933990e-001,0,1,0,
1711734629.621,,0.000000e+000,1.786311e+002,8.929318e-003,0.000000e+000,1.093062e-002,0.000000e+000,3,9.918944e-001,1.825000e+000,,,,,,,,,,,,,,,,,,0,3.000000e+000,5.000000e-001,5,1,5.794983e-001,0,1,0,
1711734664.529,,0.000000e+000,1.775354e+002,8.924576e-003,0.000000e+000,1.105626e-002,0.000000e+000,3,9.919131e-001,1.825000e+000,,,,,,,,,,,,,,,,,,0,3.000000e+000,5.000000e-001,5,1,4.515076e-001,0,1,0,
1711734692.173,,0.000000e+000,1.766369e+002,8.919857e-003,0.000000e+000,1.123146e-002,0.000000e+000,3,9.919486e-001,1.825000e+000,,,,,,,,,,,,,,,,,,0,3.000000e+000,5.000000e-001,5,1,6.542969e-001,0,0,0,
1711734720.817,,0.000000e+000,1.756112e+002,8.914785e-003,0.000000e+000,1.144029e-002,0.000000e+000,3,9.918723e-001,1.825000e+000,,,,,,,,,,,,,,,,,,0,3.000000e+000,5.000000e-001,5,1,5.160980e-001,0,0,0,
1711734751.462,,0.000000e+000,1.746660e+002,8.911403e-003,0.000000e+000,1.155445e-002,0.000000e+000,3,9.920207e-001,1.825000e+000,,,,,,,,,,,,,,,,,,0,3.000000e+000,5.000000e-001,5,1,6.486969e-001,0,0,0,
1711734780.622,,0.000000e+000,1.736418e+002,8.905954e-003,0.000000e+000,1.152551e-002,0.000000e+000,3,9.919677e-001,1.825000e+000,,,,,,,,,,,,,,,,,,0,3.000000e+000,5.000000e-001,5,1,5.051880e-001,0,0,0,
1711734815.441,,0.000000e+000,1.724666e+002,8.899467e-003,0.000000e+000,1.180575e-002,0.000000e+000,3,9.920010e-001,1.825000e+000,,,,,,,,,,,,,,,,,,0,3.000000e+000,5.000000e-001,5,1,5.224915e-001,0,0,0,
1711734845.862,,0.000000e+000,1.714451e+002,8.894092e-003,0.000000e+000,1.182919e-002,0.000000e+000,3,9.920723e-001,1.825000e+000,,,,,,,,,,,,,,,,,,0,3.000000e+000,5.000000e-001,5,1,5.285034e-001,0,0,0,
1711734874.259,,0.000000e+000,1.705262e+002,8.888275e-003,0.000000e+000,1.205777e-002,0.000000e+000,3,9.919627e-001,1.825000e+000,,,,,,,,,,,,,,,,,,0,3.000000e+000,5.000000e-001,5,1,6.083069e-001,0,0,0,
1711734901.938,,0.000000e+000,1.695531e+002,8.883917e-003,0.000000e+000,1.203018e-002,0.000000e+000,3,9.919561e-001,1.825000e+000,,,,,,,,,,,,,,,,,,0,3.000000e+000,5.000000e-001,5,1,5.979919e-001,0,0,0,
1711734932.335,,0.000000e+000,1.684751e+002,8.808153e-003,0.000000e+000,1.582335e-002,0.000000e+000,3,9.802266e-001,1.825000e+000,,,,,,,,,,,,,,,,,,0,3.000000e+000,5.000000e-001,5,1,6.968994e-001,0,1,0,
1711734960.253,,0.000000e+000,1.675592e+002,8.872235e-003,0.000000e+000,1.227936e-002,0.000000e+000,3,9.921254e-001,1.825000e+000,,,,,,,,,,,,,,,,,,0,3.000000e+000,5.000000e-001,5,1,5.473022e-001,0,1,0,
1711734987.399,,0.000000e+000,1.665826e+002,8.865593e-003,0.000000e+000,1.227392e-002,0.000000e+000,3,9.919495e-001,1.825000e+000,,,,,,,,,,,,,,,,,,0,3.000000e+000,5.000000e-001,5,1,6.302948e-001,0,1,0,
1711735018.044,,0.000000e+000,1.655139e+002,8.858792e-003,0.000000e+000,1.250029e-002,0.000000e+000,3,9.920985e-001,1.825000e+000,,,,,,,,,,,,,,,,,,0,3.000000e+000,5.000000e-001,5,1,5.567017e-001,0,1,0,
1711735045.977,,0.000000e+000,1.644998e+002,8.851131e-003,0.000000e+000,1.266547e-002,0.000000e+000,3,9.921178e-001,1.825000e+000,,,,,,,,,,,,,,,,,,0,3.000000e+000,5.000000e-001,5,1,5.395050e-001,0,1,0,
1711735075.143,,0.000000e+000,1.635656e+002,8.847016e-003,0.000000e+000,1.267800e-002,0.000000e+000,3,9.919499e-001,1.825000e+000,,,,,,,,,,,,,,,,,,0,3.000000e+000,5.000000e-001,5,1,7.019958e-001,0,1,0,
1711735108.466,,0.000000e+000,1.623667e+002,8.840153e-003,0.000000e+000,1.291068e-002,0.000000e+000,3,9.921100e-001,1.825000e+000,,,,,,,,,,,,,,,,,,0,3.000000e+000,5.000000e-001,5,1,6.145935e-001,0,1,0,
1711735136.342,,0.000000e+000,1.614834e+002,8.832248e-003,0.000000e+000,1.305599e-002,0.000000e+000,3,9.920903e-001,1.825000e+000,,,,,,,,,,,,,,,,,,0,3.000000e+000,5.000000e-001,5,1,6.878967e-001,0,1,0,
1711735161.289,,0.000000e+000,1.606020e+002,8.823156e-003,0.000000e+000,1.308374e-002,0.000000e+000,3,9.919231e-001,1.825000e+000,,,,,,,,,,,,,,,,,,0,3.000000e+000,5.000000e-001,5,1,6.298981e-001,0,1,0,
1711735190.689,,0.000000e+000,1.595731e+002,8.817498e-003,0.000000e+000,1.327949e-002,0.000000e+000,3,9.921138e-001,1.825000e+000,,,,,,,,,,,,,,,,,,0,3.000000e+000,5.000000e-001,5,1,5.540009e-001,0,1,0,
1711735226.588,,0.000000e+000,1.583964e+002,8.811252e-003,0.000000e+000,1.350645e-002,0.000000e+000,3,9.919558e-001,1.825000e+000,,,,,,,,,,,,,,,,,,0,3.000000e+000,5.000000e-001,5,1,6.172028e-001,0,1,0,
1711735254.737,,0.000000e+000,1.574404e+002,8.804541e-003,0.000000e+000,1.358538e-002,0.000000e+000,3,9.920335e-001,1.825000e+000,,,,,,,,,,,,,,,,,,0,3.000000e+000,5.000000e-001,5,1,5.502930e-001,0,1,0,
1711735280.624,,0.000000e+000,1.567097e+002,8.799908e-003,0.000000e+000,1.364891e-002,0.000000e+000,3,9.920496e-001,1.825000e+000,,,,,,,,,,,,,,,,,,0,3.000000e+000,5.000000e-001,5,1,5.720978e-001,0,1,0,
1711735311.272,,0.000000e+000,1.555944e+002,8.791662e-003,0.000000e+000,1.383201e-002,0.000000e+000,3,9.919939e-001,1.825000e+000,,,,,,,,,,,,,,,,,,0,3.000000e+000,5.000000e-001,5,1,5.091095e-001,0,1,0,
1711735341.962,,0.000000e+000,1.545919e+002,8.782174e-003,0.000000e+000,1.394578e-002,0.000000e+000,3,9.919967e-001,1.825000e+000,,,,,,,,,,,,,,,,,,0,3.000000e+000,5.000000e-001,5,1,5.094910e-001,0,1,0,
1711735371.275,,0.000000e+000,1.536989e+002,8.772934e-003,0.000000e+000,1.421468e-002,0.000000e+000,3,9.919990e-001,1.825000e+000,,,,,,,,,,,,,,,,,,0,3.000000e+000,5.000000e-001,5,1,5.709991e-001,0,1,0,
1711735404.412,,0.000000e+000,1.525142e+002,8.762385e-003,0.000000e+000,1.439968e-002,0.000000e+000,3,9.920344e-001,1.825000e+000,,,,,,,,,,,,,,,,,,0,3.000000e+000,5.000000e-001,5,1,5.187988e-001,0,1,0,
1711735434.555,,0.000000e+000,1.515093e+002,8.755344e-003,0.000000e+000,1.449723e-002,0.000000e+000,3,9.920198e-001,1.825000e+000,,,,,,,,,,,,,,,,,,0,3.000000e+000,5.000000e-001,5,1,5.094147e-001,0,1,0,
1711735463.694,,0.000000e+000,1.505397e+002,8.747325e-003,0.000000e+000,1.474228e-002,0.000000e+000,3,9.919672e-001,1.825000e+000,,,,,,,,,,,,,,,,,,0,3.000000e+000,5.000000e-001,5,1,5.833130e-001,0,1,0,
1711735492.379,,0.000000e+000,1.496466e+002,8.739421e-003,0.000000e+000,1.480137e-002,0.000000e+000,3,9.921229e-001,1.825000e+000,,,,,,,,,,,,,,,,,,0,3.000000e+000,5.000000e-001,5,1,5.009918e-001,0,1,0,
1711735521.522,,0.000000e+000,1.486674e+002,8.754590e-003,0.000000e+000,1.884580e-002,0.000000e+000,3,9.689726e-001,1.825000e+000,,,,,,,,,,,,,,,,,,0,3.000000e+000,5.000000e-001,5,1,5.758972e-001,0,1,0,
1711735553.936,,0.000000e+000,1.475267e+002,8.722628e-003,0.000000e+000,1.520070e-002,0.000000e+000,3,9.920637e-001,1.825000e+000,,,,,,,,,,,,,,,,,,0,3.000000e+000,5.000000e-001,5,1,5.737000e-001,0,0,0,
1711735584.075,,0.000000e+000,1.465639e+002,8.712248e-003,0.000000e+000,1.532093e-002,0.000000e+000,3,9.919769e-001,1.825000e+000,,,,,,,,,,,,,,,,,,0,3.000000e+000,5.000000e-001,5,1,5.054016e-001,0,0,0,
1711735615.218,,0.000000e+000,1.455654e+002,8.701270e-003,0.000000e+000,1.555567e-002,0.000000e+000,3,9.919304e-001,1.825000e+000,,,,,,,,,,,,,,,,,,0,3.000000e+000,5.000000e-001,5,1,6.434021e-001,0,0,0,
1711735641.898,,0.000000e+000,1.445489e+002,8.694616e-003,0.000000e+000,1.570652e-002,0.000000e+000,3,9.919866e-001,1.825000e+000,,,,,,,,,,,,,,,,,,0,3.000000e+000,5.000000e-001,5,1,5.184021e-001,0,0,0,
1711735677.069,,0.000000e+000,1.434393e+002,8.680934e-003,0.000000e+000,1.587776e-002,0.000000e+000,3,9.920682e-001,1.825000e+000,,,,,,,,,,,,,,,,,,0,3.000000e+000,5.000000e-001,5,1,5.639038e-001,0,0,0,
1711735703.702,,0.000000e+000,1.425394e+002,8.676020e-003,0.000000e+000,1.602223e-002,0.000000e+000,3,9.919935e-001,1.825000e+000,,,,,,,,,,,,,,,,,,0,3.000000e+000,5.000000e-001,5,1,6.717987e-001,0,0,0,
1711735734.853,,0.000000e+000,1.414432e+002,8.667053e-003,0.000000e+000,1.615649e-002,0.000000e+000,3,9.920357e-001,1.825000e+000,,,,,,,,,,,,,,,,,,0,3.000000e+000,5.000000e-001,5,1,5.175018e-001,0,0,0,
1711735763.294,,0.000000e+000,1.404517e+002,8.657113e-003,0.000000e+000,1.628174e-002,0.000000e+000,3,9.921392e-001,1.825000e+000,,,,,,,,,,,,,,,,,,0,3.000000e+000,5.000000e-001,5,1,5.839996e-001,0,0,0,
1711735791.432,,0.000000e+000,1.395004e+002,8.649011e-003,0.000000e+000,1.631131e-002,0.000000e+000,3,9.920831e-001,1.825000e+000,,,,,,,,,,,,,,,,,,0,3.000000e+000,5.000000e-001,5,1,5.877075e-001,0,0,0,
1711735817.574,,0.000000e+000,1.386069e+002,8.581100e-003,0.000000e+000,1.219247e-002,0.000000e+000,3,9.757907e-001,1.825000e+000,,,,,,,,,,,,,,,,,,0,3.000000e+000,5.000000e-001,5,1,7.579041e-001,0,1,0,
1711735848.268,,0.000000e+000,1.375353e+002,8.627883e-003,0.000000e+000,1.670978e-002,0.000000e+000,3,9.920700e-001,1.825000e+000,,,,,,,,,,,,,,,,,,0,3.000000e+000,5.000000e-001,5,1,6.251068e-001,0,1,0,
1711735876.213,,0.000000e+000,1.364527e+002,8.618185e-003,0.000000e+000,1.698438e-002,0.000000e+000,3,9.921244e-001,1.825000e+000,,,,,,,,,,,,,,,,,,0,3.000000e+000,5.000000e-001,5,1,4.700012e-001,0,1,0,
1711735904.109,,0.000000e+000,1.354882e+002,8.607947e-003,0.000000e+000,1.715122e-002,0.000000e+000,3,9.920626e-001,1.825000e+000,,,,,,,,,,,,,,,,,,0,3.000000e+000,5.000000e-001,5,1,5.351105e-001,0,1,0,
1711735936.767,,0.000000e+000,1.344005e+002,8.594335e-003,0.000000e+000,1.735882e-002,0.000000e+000,3,9.921523e-001,1.825000e+000,,,,,,,,,,,,,,,,,,0,3.000000e+000,5.000000e-001,5,1,5.425110e-001,0,1,0,
1711735964.409,,0.000000e+000,1.334429e+002,8.584429e-003,0.000000e+000,1.751931e-002,0.000000e+000,3,9.921177e-001,1.825000e+000,,,,,,,,,,,,,,,,,,0,3.000000e+000,5.000000e-001,5,1,6.121979e-001,0,1,0,
1711735986.308,,0.000000e+000,1.327157e+002,8.576420e-003,0.000000e+000,1.759707e-002,0.000000e+000,3,9.921147e-001,1.825000e+000,,,,,,,,,,,,,,,,,,0,3.000000e+000,5.000000e-001,5,1,5.426941e-001,0,1,0,
1711736018.245,,0.000000e+000,1.315633e+002,8.564711e-003,0.000000e+000,1.785036e-002,0.000000e+000,3,9.921155e-001,1.825000e+000,,,,,,,,,,,,,,,,,,0,3.000000e+000,5.000000e-001,5,1,5.391998e-001,0,1,0,
1711736050.818,,0.000000e+000,1.304835e+002,8.551943e-003,0.000000e+000,1.794072e-002,0.000000e+000,3,9.921305e-001,1.825000e+000,,,,,,,,,,,,,,,,,,0,3.000000e+000,5.000000e-001,5,1,6.453094e-001,0,1,0,
1711736079.105,,0.000000e+000,1.294771e+002,8.542289e-003,0.000000e+000,1.796898e-002,0.000000e+000,3,9.920689e-001,1.825000e+000,,,,,,,,,,,,,,,,,,0,3.000000e+000,5.000000e-001,5,1,5.101929e-001,0,1,0,
1711736105.223,,0.000000e+000,1.285910e+002,8.531197e-003,0.000000e+000,1.825934e-002,0.000000e+000,3,9.920509e-001,1.825000e+000,,,,,,,,,,,,,,,,,,0,3.000000e+000,5.000000e-001,5,1,5.733032e-001,0,1,0,
1711736134.621,,0.000000e+000,1.275877e+002,8.518788e-003,0.000000e+000,1.831500e-002,0.000000e+000,3,9.920120e-001,1.825000e+000,,,,,,,,,,,,,,,,,,0,3.000000e+000,5.000000e-001,5,1,5.700073e-001,0,1,0,
1711736168.019,,0.000000e+000,1.264705e+002,8.505290e-003,0.000000e+000,1.835736e-002,0.000000e+000,3,9.920675e-001,1.825000e+000,,,,,,,,,,,,,,,,,,0,3.000000e+000,5.000000e-001,5,1,6.331024e-001,0,1,0,
1711736192.902,,0.000000e+000,1.256113e+002,8.496222e-003,0.000000e+000,1.860110e-002,0.000000e+000,3,9.921051e-001,1.825000e+000,,,,,,,,,,,,,,,,,,0,3.000000e+000,5.000000e-001,5,1,4.965973e-001,0,1,0,
1711736223.049,,0.000000e+000,1.245401e+002,8.483380e-003,0.000000e+000,1.868327e-002,0.000000e+000,3,9.921040e-001,1.825000e+000,,,,,,,,,,,,,,,,,,0,3.000000e+000,5.000000e-001,5,1,5.019989e-001,0,1,0,
1711736250.183,,0.000000e+000,1.236124e+002,8.472322e-003,0.000000e+000,1.894284e-002,0.000000e+000,3,9.920536e-001,1.825000e+000,,,,,,,,,,,,,,,,,,0,3.000000e+000,5.000000e-001,5,1,4.950027e-001,0,1,0,
1711736283.092,,0.000000e+000,1.225404e+002,8.458578e-003,0.000000e+000,1.898407e-002,0.000000e+000,3,9.920359e-001,1.825000e+000,,,,,,,,,,,,,,,,,,0,3.000000e+000,5.000000e-001,5,1,5.042038e-001,0,1,0,
1711736315.795,,0.000000e+000,1.215063e+002,8.444892e-003,0.000000e+000,1.915134e-002,0.000000e+000,3,9.920471e-001,1.825000e+000,,,,,,,,,,,,,,,,,,0,3.000000e+000,5.000000e-001,5,1,5.715027e-001,0,1,0,
1711736342.685,,0.000000e+000,1.205743e+002,8.431230e-003,0.000000e+000,1.932584e-002,0.000000e+000,3,9.920794e-001,1.825000e+000,,,,,,,,,,,,,,,,,,0,3.000000e+000,5.000000e-001,5,1,5.717010e-001,0,1,0,
1711736371.254,,0.000000e+000,1.196049e+002,8.402703e-003,0.000000e+000,1.920508e-002,0.000000e+000,3,9.907882e-001,1.825000e+000,,,,,,,,,,,,,,,,,,0,3.000000e+000,5.000000e-001,5,1,6.483994e-001,0,0,0,
1711736400.382,,0.000000e+000,1.185394e+002,8.406696e-003,0.000000e+000,1.948664e-002,0.000000e+000,3,9.921027e-001,1.825000e+000,,,,,,,,,,,,,,,,,,0,3.000000e+000,5.000000e-001,5,1,5.102997e-001,0,0,0,
1711736430.693,,0.000000e+000,1.176174e+002,8.392424e-003,0.000000e+000,1.952425e-002,0.000000e+000,3,9.920802e-001,1.825000e+000,,,,,,,,,,,,,,,,,,0,3.000000e+000,5.000000e-001,5,1,6.366959e-001,0,0,0,
1711736462.823,,0.000000e+000,1.163196e+002,8.379364e-003,0.000000e+000,1.984436e-002,0.000000e+000,3,9.920633e-001,1.825000e+000,,,,,,,,,,,,,,,,,,0,3.000000e+000,5.000000e-001,5,1,5.198975e-001,0,0,0,
1711736487.713,,0.000000e+000,1.155239e+002,8.367513e-003,0.000000e+000,1.995017e-002,0.000000e+000,3,9.921570e-001,1.825000e+000,,,,,,,,,,,,,,,,,,0,3.000000e+000,5.000000e-001,5,1,6.655960e-001,0,0,0,
1711736516.601,,0.000000e+000,1.145410e+002,8.352479e-003,0.000000e+000,2.011779e-002,0.000000e+000,3,9.920400e-001,1.825000e+000,,,,,,,,,,,,,,,,,,0,3.000000e+000,5.000000e-001,5,1,7.338943e-001,0,0,0,
1711736542.175,,0.000000e+000,1.135652e+002,8.340845e-003,0.000000e+000,2.013996e-002,0.000000e+000,3,9.919984e-001,1.825000e+000,,,,,,,,,,,,,,,,,,0,3.000000e+000,5.000000e-001,5,1,5.051041e-001,0,0,0,
1711736571.552,,0.000000e+000,1.125332e+002,8.327070e-003,0.000000e+000,2.020688e-002,0.000000e+000,3,9.920194e-001,1.825000e+000,,,,,,,,,,,,,,,,,,0,3.000000e+000,5.000000e-001,5,1,5.206985e-001,0,0,0,
1711736600.008,,0.000000e+000,1.115042e+002,8.313592e-003,0.000000e+000,2.035528e-002,0.000000e+000,3,9.920312e-001,1.825000e+000,,,,,,,,,,,,,,,,,,0,3.000000e+000,5.000000e-001,5,1,6.739044e-001,0,0,0,
1711736631.404,,0.000000e+000,1.103949e+002,8.296739e-003,0.000000e+000,2.045886e-002,0.000000e+000,3,9.920557e-001,1.825000e+000,,,,,,,,,,,,,,,,,,0,3.000000e+000,5.000000e-001,5,1,6.687012e-001,0,0,0,
1711736654.286,,0.000000e+000,1.096171e+002,8.063815e-003,0.000000e+000,2.321840e-002,0.000000e+000,3,9.506543e-001,1.825000e+000,,,,,,,,,,,,,,,,,,0,3.000000e+000,5.000000e-001,5,1,5.944977e-001,0,1,0,
1711736685.186,,0.000000e+000,1.084635e+002,8.271089e-003,0.000000e+000,2.052449e-002,0.000000e+000,3,9.921080e-001,1.825000e+000,,,,,,,,,,,,,,,,,,0,3.000000e+000,5.000000e-001,5,1,6.375046e-001,0,1,0,
1711736710.133,,0.000000e+000,1.075680e+002,8.257852e-003,0.000000e+000,2.055219e-002,0.000000e+000,3,9.920678e-001,1.825000e+000,,,,,,,,,,,,,,,,,,0,3.000000e+000,5.000000e-001,5,1,5.478058e-001,0,1,0,
1711736736.324,,0.000000e+000,1.065087e+002,8.244449e-003,0.000000e+000,2.072539e-002,0.000000e+000,3,9.920265e-001,1.825000e+000,,,,,,,,,,,,,,,,,,0,3.000000e+000,5.000000e-001,5,1,6.299973e-001,0,1,0,
1711736763.216,,0.000000e+000,1.056147e+002,8.230317e-003,0.000000e+000,2.092046e-002,0.000000e+000,3,9.920657e-001,1.825000e+000,,,,,,,,,,,,,,,,,,0,3.000000e+000,5.000000e-001,5,1,5.396957e-001,0,1,0,
1711736793.861,,0.000000e+000,1.044898e+002,8.212189e-003,0.000000e+000,2.096036e-002,0.000000e+000,3,9.920270e-001,1.825000e+000,,,,,,,,,,,,,,,,,,0,3.000000e+000,5.000000e-001,5,1,6.150055e-001,0,1,0,
1711736821.253,,0.000000e+000,1.035231e+002,8.197568e-003,0.000000e+000,2.112141e-002,0.000000e+000,3,9.920503e-001,1.825000e+000,,,,,,,,,,,,,,,,,,0,3.000000e+000,5.000000e-001,5,1,5.392990e-001,0,1,0,
1711736849.897,,0.000000e+000,1.025558e+002,8.181810e-003,0.000000e+000,2.123736e-002,0.000000e+000,3,9.919762e-001,1.825000e+000,,,,,,,,,,,,,,,,,,0,3.000000e+000,5.000000e-001,5,1,6.159973e-001,0,1,0,
1711736876.560,,0.000000e+000,1.014706e+002,8.167688e-003,0.000000e+000,2.120637e-002,0.000000e+000,3,9.919931e-001,1.825000e+000,,,,,,,,,,,,,,,,,,0,3.000000e+000,5.000000e-001,5,1,6.254044e-001,0,1,0,
1711736903.216,,0.000000e+000,1.006245e+002,8.153168e-003,0.000000e+000,2.117604e-002,0.000000e+000,3,9.920012e-001,1.825000e+000,,,,,,,,,,,,,,,,,,0,3.000000e+000,5.000000e-001,5,1,6.130981e-001,0,1,0,
1711736934.119,,0.000000e+000,9.949910e+001,8.136990e-003,0.000000e+000,2.140311e-002,0.000000e+000,3,9.919675e-001,1.825000e+000,,,,,,,,,,,,,,,,,,0,3.000000e+000,5.000000e-001,5,1,5.532532e-001,0,1,0,
1711736960.063,,0.000000e+000,9.856773e+001,8.121054e-003,0.000000e+000,2.152029e-002,0.000000e+000,3,9.920393e-001,1.825000e+000,,,,,,,,,,,,,,,,,,0,3.000000e+000,5.000000e-001,5,1,6.989899e-001,0,1,0,
1711736986.704,,0.000000e+000,9.759497e+001,8.107577e-003,0.000000e+000,2.174264e-002,0.000000e+000,3,9.920229e-001,1.825000e+000,,,,,,,,,,,,,,,,,,0,3.000000e+000,5.000000e-001,5,1,6.247330e-001,0,1,0,
1711737013.852,,0.000000e+000,9.658356e+001,8.094133e-003,0.000000e+000,2.180026e-002,0.000000e+000,3,9.919754e-001,1.825000e+000,,,,,,,,,,,,,,,,,,0,3.000000e+000,5.000000e-001,5,1,6.321564e-001,0,1,0,
1711737041.239,,0.000000e+000,9.561523e+001,8.080024e-003,0.000000e+000,2.183904e-002,0.000000e+000,3,9.918432e-001,1.825000e+000,,,,,,,,,,,,,,,,,,0,3.000000e+000,5.000000e-001,5,1,5.477142e-001,0,1,0,
1711737073.136,,0.000000e+000,9.444405e+001,8.064358e-003,0.000000e+000,2.177033e-002,0.000000e+000,3,9.919078e-001,1.825000e+000,,,,,,,,,,,,,,,,,,0,3.000000e+000,5.000000e-001,5,1,5.460434e-001,0,1,0,
1711737103.566,,0.000000e+000,9.345802e+001,8.048743e-003,0.000000e+000,2.191332e-002,0.000000e+000,3,9.918652e-001,1.825000e+000,,,,,,,,,,,,,,,,,,0,3.000000e+000,5.000000e-001,5,1,6.314011e-001,0,1,0,
1711737126.700,,0.000000e+000,9.247372e+001,8.044901e-003,0.000000e+000,2.221087e-002,0.000000e+000,3,9.918167e-001,1.825000e+000,,,,,,,,,,,,,,,,,,0,3.000000e+000,5.000000e-001,5,1,5.583801e-001,0,1,0,
1711737155.597,,0.000000e+000,9.145367e+001,8.022071e-003,0.000000e+000,2.213765e-002,0.000000e+000,3,9.919887e-001,1.825000e+000,,,,,,,,,,,,,,,,,,0,3.000000e+000,5.000000e-001,5,1,5.620956e-001,0,0,0,
1711737180.920,,0.000000e+000,9.054816e+001,8.009775e-003,0.000000e+000,2.222622e-002,0.000000e+000,3,9.918494e-001,1.825000e+000,,,,,,,,,,,,,,,,,,0,3.000000e+000,5.000000e-001,5,1,6.374359e-001,0,0,0,
1711737210.292,,0.000000e+000,8.959277e+001,7.997239e-003,0.000000e+000,2.232899e-002,0.000000e+000,3,9.919782e-001,1.825000e+000,,,,,,,,,,,,,,,,,,0,3.000000e+000,5.000000e-001,5,1,6.443939e-001,0,0,0,
1711737238.493,,0.000000e+000,8.851144e+001,7.982305e-003,0.000000e+000,2.233801e-002,0.000000e+000,3,9.920325e-001,1.825000e+000,,,,,,,,,,,,,,,,,,0,3.000000e+000,5.000000e-001,5,1,5.473404e-001,0,0,0,
1711737265.443,,0.000000e+000,8.745454e+001,7.969173e-003,0.000000e+000,2.242624e-002,0.000000e+000,3,9.918707e-001,1.825000e+000,,,,,,,,,,,,,,,,,,0,3.000000e+000,5.000000e-001,5,1,7.405624e-001,0,0,0,
1711737294.828,,0.000000e+000,8.635699e+001,7.955236e-003,0.000000e+000,2.243025e-002,0.000000e+000,3,9.918699e-001,1.825000e+000,,,,,,,,,,,,,,,,,,0,3.000000e+000,5.000000e-001,5,1,6.568146e-001,0,0,0,
1711737320.721,,0.000000e+000,8.544768e+001,7.942553e-003,0.000000e+000,2.261331e-002,0.000000e+000,3,9.918758e-001,1.825000e+000,,,,,,,,,,,,,,,,,,0,3.000000e+000,5.000000e-001,5,1,6.599350e-001,0,0,0,
1711737343.525,,0.000000e+000,8.453543e+001,7.932426e-003,0.000000e+000,2.263520e-002,0.000000e+000,3,9.918360e-001,1.825000e+000,,,,,,,,,,,,,,,,,,0,3.000000e+000,5.000000e-001,5,1,8.330383e-001,0,0,0,
1711737372.936,,0.000000e+000,8.341335e+001,7.917773e-003,0.000000e+000,2.267578e-002,0.000000e+000,3,9.918098e-001,1.825000e+000,,,,,,,,,,,,,,,,,,0,3.000000e+000,5.000000e-001,5,1,7.502594e-001,0,0,0,
1711737397.371,,0.000000e+000,8.240170e+001,7.906097e-003,0.000000e+000,2.275899e-002,0.000000e+000,3,9.918033e-001,1.825000e+000,,,,,,,,,,,,,,,,,,0,3.000000e+000,5.000000e-001,5,1,5.980606e-001,0,0,0,
1711737423.265,,0.000000e+000,8.134793e+001,7.894131e-003,0.000000e+000,2.286077e-002,0.000000e+000,3,9.917835e-001,1.825000e+000,,,,,,,,,,,,,,,,,,0,3.000000e+000,5.000000e-001,5,1,6.853638e-001,0,0,0,
1711737446.833,,0.000000e+000,8.049521e+001,7.882101e-003,0.000000e+000,2.290939e-002,0.000000e+000,3,9.917264e-001,1.825000e+000,,,,,,,,,,,,,,,,,,0,3.000000e+000,5.000000e-001,5,1,6.845474e-001,0,0,0,
1711737466.694,,0.000000e+000,7.963788e+001,7.870422e-003,0.000000e+000,2.306060e-002,0.000000e+000,3,9.917670e-001,1.825000e+000,,,,,,,,,,,,,,,,,,0,3.000000e+000,5.000000e-001,5,1,7.008209e-001,0,1,0,
1711737496.603,,0.000000e+000,7.852858e+001,7.858708e-003,0.000000e+000,2.300933e-002,0.000000e+000,3,9.917662e-001,1.825000e+000,,,,,,,,,,,,,,,,,,0,3.000000e+000,5.000000e-001,5,1,8.078613e-001,0,1,0,
1711737522.744,,0.000000e+000,7.744616e+001,7.846300e-003,0.000000e+000,2.316183e-002,0.000000e+000,3,9.917417e-001,1.825000e+000,,,,,,,,,,,,,,,,,,0,3.000000e+000,5.000000e-001,5,1,6.429596e-001,0,1,0,
1711737549.137,,0.000000e+000,7.637327e+001,7.835826e-003,0.000000e+000,2.315188e-002,0.000000e+000,3,9.917207e-001,1.825000e+000,,,,,,,,,,,,,,,,,,0,3.000000e+000,5.000000e-001,5,1,6.234589e-001,0,1,0,
1711737568.283,,0.000000e+000,7.555600e+001,7.827866e-003,0.000000e+000,2.316698e-002,0.000000e+000,3,9.917194e-001,1.825000e+000,,,,,,,,,,,,,,,,,,0,3.000000e+000,5.000000e-001,5,1,6.398010e-001,0,1,0,
1711737596.178,,0.000000e+000,7.443606e+001,7.816303e-003,0.000000e+000,2.334538e-002,0.000000e+000,3,9.917614e-001,1.825000e+000,,,,,,,,,,,,,,,,,,0,3.000000e+000,5.000000e-001,5,1,5.403290e-001,0,1,0,
1711737618.817,,0.000000e+000,7.356135e+001,7.807850e-003,0.000000e+000,2.344024e-002,0.000000e+000,3,9.917459e-001,1.825000e+000,,,,,,,,,,,,,,,,,,0,3.000000e+000,5.000000e-001,5,1,6.638031e-001,0,1,0,
1711737647.961,,0.000000e+000,7.255876e+001,7.795855e-003,0.000000e+000,2.350939e-002,0.000000e+000,3,9.918120e-001,1.825000e+000,,,,,,,,,,,,,,,,,,0,3.000000e+000,5.000000e-001,5,1,6.822281e-001,0,1,0,
1711737673.352,,0.000000e+000,7.144647e+001,7.786658e-003,0.000000e+000,2.353483e-002,0.000000e+000,3,9.918632e-001,1.825000e+000,,,,,,,,,,,,,,,,,,0,3.000000e+000,5.000000e-001,5,1,6.828918e-001,0,1,0,
1711737700.746,,0.000000e+000,7.036546e+001,7.776593e-003,0.000000e+000,2.369163e-002,0.000000e+000,3,9.918308e-001,1.825000e+000,,,,,,,,,,,,,,,,,,0,3.000000e+000,5.000000e-001,5,1,7.813110e-001,0,1,0,
1711737720.380,,0.000000e+000,6.962643e+001,7.769505e-003,0.000000e+000,2.366460e-002,0.000000e+000,3,9.917906e-001,1.825000e+000,,,,,,,,,,,,,,,,,,0,3.000000e+000,5.000000e-001,5,1,6.967545e-001,0,1,0,
1711737749.280,,0.000000e+000,6.837419e+001,7.758966e-003,0.000000e+000,2.379031e-002,0.000000e+000,3,9.918664e-001,1.825000e+000,,,,,,,,,,,,,,,,,,0,3.000000e+000,5.000000e-001,5,1,6.060715e-001,0,1,0,
1711737772.672,,0.000000e+000,6.745770e+001,7.750670e-003,0.000000e+000,2.376817e-002,0.000000e+000,3,9.918110e-001,1.825000e+000,,,,,,,,,,,,,,,,,,0,3.000000e+000,5.000000e-001,5,1,7.009048e-001,0,1,0,
1711737797.073,,0.000000e+000,6.645087e+001,7.741461e-003,0.000000e+000,2.383484e-002,0.000000e+000,3,9.918477e-001,1.825000e+000,,,,,,,,,,,,,,,,,,0,3.000000e+000,5.000000e-001,5,1,6.103745e-001,0,1,0,
1711737821.708,,0.000000e+000,6.547629e+001,7.733291e-003,0.000000e+000,2.396758e-002,0.000000e+000,3,9.918259e-001,1.825000e+000,,,,,,,,,,,,,,,,,,0,3.000000e+000,5.000000e-001,5,1,6.214981e-001,0,1,0,
1711737845.088,,0.000000e+000,6.454710e+001,7.725437e-003,0.000000e+000,2.403416e-002,0.000000e+000,3,9.918111e-001,1.825000e+000,,,,,,,,,,,,,,,,,,0,3.000000e+000,5.000000e-001,5,1,7.106857e-001,0,1,0,
1711737875.230,,0.000000e+000,6.334631e+001,7.714866e-003,0.000000e+000,2.395128e-002,0.000000e+000,3,9.917786e-001,1.825000e+000,,,,,,,,,,,,,,,,,,0,3.000000e+000,5.000000e-001,5,1,6.212502e-001,0,1,0,
1711737895.112,,0.000000e+000,6.254280e+001,7.695585e-003,0.000000e+000,2.469047e-002,0.000000e+000,3,9.908425e-001,1.825000e+000,,,,,,,,,,,,,,,,,,0,3.000000e+000,5.000000e-001,5,1,6.221085e-001,0,0,0,
1711737924.012,,0.000000e+000,6.127884e+001,7.698104e-003,0.000000e+000,2.418157e-002,0.000000e+000,3,9.918657e-001,1.825000e+000,,,,,,,,,,,,,,,,,,0,3.000000e+000,5.000000e-001,5,1,6.422119e-001,0,0,0,
1711737945.147,,0.000000e+000,6.037128e+001,7.690813e-003,0.000000e+000,2.420415e-002,0.000000e+000,3,9.918254e-001,1.825000e+000,,,,,,,,,,,,,,,,,,0,3.000000e+000,5.000000e-001,5,1,6.376114e-001,0,0,0,
1711737972.790,,0.000000e+000,5.926578e+001,7.683194e-003,0.000000e+000,2.411026e-002,0.000000e+000,3,9.917793e-001,1.825000e+000,,,,,,,,,,,,,,,,,,0,3.000000e+000,5.000000e-001,5,1,6.438484e-001,0,0,0,
1711737992.172,,0.000000e+000,5.837328e+001,7.676353e-003,0.000000e+000,2.414880e-002,0.000000e+000,3,9.917843e-001,1.825000e+000,,,,,,,,,,,,,,,,,,0,3.000000e+000,5.000000e-001,5,1,7.653694e-001,0,0,0,
1711738014.312,,0.000000e+000,5.746783e+001,7.669660e-003,0.000000e+000,2.414523e-002,0.000000e+000,3,9.917764e-001,1.825000e+000,,,,,,,,,,,,,,,,,,0,3.000000e+000,5.000000e-001,5,1,7.133789e-001,0,0,0,
1711738041.722,,0.000000e+000,5.636615e+001,7.661631e-003,0.000000e+000,2.420122e-002,0.000000e+000,3,9.917954e-001,1.825000e+000,,,,,,,,,,,,,,,,,,0,3.000000e+000,5.000000e-001,5,1,7.948608e-001,0,0,0,
1711738061.109,,0.000000e+000,5.547311e+001,7.655465e-003,0.000000e+000,2.424793e-002,0.000000e+000,3,9.917865e-001,1.825000e+000,,,,,,,,,,,,,,,,,,0,3.000000e+000,5.000000e-001,5,1,8.024979e-001,0,0,0,
1711738082.502,,0.000000e+000,5.445555e+001,7.648364e-003,0.000000e+000,2.425867e-002,0.000000e+000,3,9.917749e-001,1.825000e+000,,,,,,,,,,,,,,,,,,0,3.000000e+000,5.000000e-001,5,1,7.200584e-001,0,0,0,
1711738109.183,,0.000000e+000,5.337733e+001,7.640748e-003,0.000000e+000,2.416093e-002,0.000000e+000,3,9.918552e-001,1.825000e+000,,,,,,,,,,,,,,,,,,0,3.000000e+000,5.000000e-001,5,1,7.107010e-001,0,0,0,
1711738129.601,,0.000000e+000,5.247533e+001,7.634764e-003,0.000000e+000,2.420035e-002,0.000000e+000,3,9.918712e-001,1.825000e+000,,,,,,,,,,,,,,,,,,0,3.000000e+000,5.000000e-001,5,1,7.219887e-001,0,0,0,
1711738151.738,,0.000000e+000,5.144262e+001,7.628441e-003,0.000000e+000,2.420592e-002,0.000000e+000,3,9.918688e-001,1.825000e+000,,,,,,,,,,,,,,,,,,0,3.000000e+000,5.000000e-001,5,1,6.365509e-001,0,0,0,
1711738174.121,,0.000000e+000,5.044398e+001,7.622377e-003,0.000000e+000,2.430522e-002,0.000000e+000,3,9.918750e-001,1.825000e+000,,,,,,,,,,,,,,,,,,0,3.000000e+000,5.000000e-001,5,1,6.331100e-001,0,0,0,
1711738196.002,,0.000000e+000,4.953044e+001,7.616132e-003,0.000000e+000,2.424205e-002,0.000000e+000,3,9.919262e-001,1.825000e+000,,,,,,,,,,,,,,,,,,0,3.000000e+000,5.000000e-001,5,1,8.216820e-001,0,0,0,
1711738219.141,,0.000000e+000,4.828220e+001,7.610098e-003,0.000000e+000,2.419909e-002,0.000000e+000,3,9.917976e-001,1.825000e+000,,,,,,,,,,,,,,,,,,0,3.000000e+000,5.000000e-001,5,1,7.547302e-001,0,0,0,
1711738241.527,,0.000000e+000,4.728475e+001,7.604044e-003,0.000000e+000,2.432856e-002,0.000000e+000,3,9.918385e-001,1.825000e+000,,,,,,,,,,,,,,,,,,0,3.000000e+000,5.000000e-001,5,1,6.786613e-001,0,1,0,
1711738264.207,,0.000000e+000,4.630739e+001,7.598433e-003,0.000000e+000,2.433396e-002,0.000000e+000,3,9.918960e-001,1.825000e+000,,,,,,,,,,,,,,,,,,0,3.000000e+000,5.000000e-001,5,1,8.857002e-001,0,1,0,
1711738287.847,,0.000000e+000,4.518531e+001,7.592088e-003,0.000000e+000,2.429964e-002,0.000000e+000,3,9.918031e-001,1.825000e+000,,,,,,,,,,,,,,,,,,0,3.000000e+000,5.000000e-001,5,1,7.736893e-001,0,1,0,
1711738309.897,,0.000000e+000,4.417395e+001,7.586826e-003,0.000000e+000,2.430735e-002,0.000000e+000,3,9.918762e-001,1.825000e+000,,,,,,,,,,,,,,,,,,0,3.000000e+000,5.000000e-001,5,1,6.719818e-001,0,1,0,
1711738331.014,,0.000000e+000,4.327064e+001,7.581765e-003,0.000000e+000,2.432273e-002,0.000000e+000,3,9.918441e-001,1.825000e+000,,,,,,,,,,,,,,,,,,0,3.000000e+000,5.000000e-001,5,1,7.550011e-001,0,1,0,
1711738350.397,,0.000000e+000,4.242062e+001,7.577385e-003,0.000000e+000,2.436749e-002,0.000000e+000,3,9.918966e-001,1.825000e+000,,,,,,,,,,,,,,,,,,0,3.000000e+000,5.000000e-001,5,1,7.386093e-001,0,1,0,
1711738372.538,,0.000000e+000,4.141100e+001,7.573324e-003,0.000000e+000,2.431181e-002,0.000000e+000,3,9.918239e-001,1.825000e+000,,,,,,,,,,,,,,,,,,0,3.000000e+000,5.000000e-001,5,1,5.398674e-001,0,1,0,
1711738397.242,,0.000000e+000,4.044072e+001,7.567698e-003,0.000000e+000,2.436967e-002,0.000000e+000,3,9.917926e-001,1.825000e+000,,,,,,,,,,,,,,,,,,0,3.000000e+000,5.000000e-001,5,1,7.025795e-001,0,1,0,
1711738423.381,,0.000000e+000,3.941376e+001,7.563756e-003,0.000000e+000,2.441530e-002,0.000000e+000,3,9.916887e-001,1.825000e+000,,,,,,,,,,,,,,,,,,0,3.000000e+000,5.000000e-001,5,1,6.761475e-001,0,1,0,
1711738445.762,,0.000000e+000,3.862076e+001,7.559535e-003,0.000000e+000,2.446930e-002,0.000000e+000,3,9.918531e-001,1.825000e+000,,,,,,,,,,,,,,,,,,0,3.000000e+000,5.000000e-001,5,1,7.423820e-001,0,1,0,
1711738477.904,,0.000000e+000,3.739639e+001,7.554016e-003,0.000000e+000,2.440992e-002,0.000000e+000,3,9.918357e-001,1.825000e+000,,,,,,,,,,,,,,,,,,0,3.000000e+000,5.000000e-001,5,1,5.633888e-001,0,1,0,
1711738502.043,,0.000000e+000,3.647678e+001,7.550036e-003,0.000000e+000,2.453440e-002,0.000000e+000,3,9.918358e-001,1.825000e+000,,,,,,,,,,,,,,,,,,0,3.000000e+000,5.000000e-001,5,1,4.740601e-001,0,1,0,
1711738531.435,,0.000000e+000,3.545290e+001,7.545866e-003,0.000000e+000,2.455962e-002,0.000000e+000,3,9.917216e-001,1.825000e+000,,,,,,,,,,,,,,,,,,0,3.000000e+000,5.000000e-001,5,1,6.290588e-001,0,1,0,
1711738557.756,,0.000000e+000,3.450533e+001,7.541305e-003,0.000000e+000,2.465901e-002,0.000000e+000,3,9.918935e-001,1.825000e+000,,,,,,,,,,,,,,,,,,0,3.000000e+000,5.000000e-001,5,1,6.387329e-001,0,0,0,
1711738583.631,,0.000000e+000,3.352518e+001,7.538705e-003,0.000000e+000,2.453962e-002,0.000000e+000,3,9.917466e-001,1.825000e+000,,,,,,,,,,,,,,,,,,0,3.000000e+000,5.000000e-001,5,1,5.029488e-001,0,0,0,
1711738612.275,,0.000000e+000,3.246030e+001,7.534483e-003,0.000000e+000,2.458020e-002,0.000000e+000,3,9.918491e-001,1.825000e+000,,,,,,,,,,,,,,,,,,0,3.000000e+000,5.000000e-001,5,1,7.808914e-001,0,0,0,
1711738635.352,,0.000000e+000,3.158598e+001,7.531751e-003,0.000000e+000,2.452305e-002,0.000000e+000,3,9.917819e-001,1.825000e+000,,,,,,,,,,,,,,,,,,0,3.000000e+000,5.000000e-001,5,1,7.961292e-001,0,0,0,
1711738662.512,,0.000000e+000,3.042291e+001,7.529169e-003,0.000000e+000,2.460322e-002,0.000000e+000,3,9.917836e-001,1.825000e+000,,,,,,,,,,,,,,,,,,0,3.000000e+000,5.000000e-001,5,1,6.364899e-001,0,0,0,
1711738687.664,,0.000000e+000,2.940654e+001,7.527088e-003,0.000000e+000,2.449625e-002,0.000000e+000,3,9.917941e-001,1.825000e+000,,,,,,,,,,,,,,,,,,0,3.000000e+000,5.000000e-001,5,1,8.482800e-001,0,0,0,
1711738708.048,,0.000000e+000,2.863770e+001,7.525693e-003,0.000000e+000,2.457708e-002,0.000000e+000,3,9.917609e-001,1.825000e+000,,,,,,,,,,,,,,,,,,0,3.000000e+000,5.000000e-001,5,1,6.894016e-001,0,0,0,
1711738734.598,,0.000000e+000,2.742513e+001,7.524355e-003,0.000000e+000,2.461718e-002,0.000000e+000,3,9.918288e-001,1.825000e+000,,,,,,,,,,,,,,,,,,0,3.000000e+000,5.000000e-001,5,1,7.017498e-001,0,0,0,
1711738755.961,,0.000000e+000,2.658883e+001,7.523959e-003,0.000000e+000,2.473546e-002,0.000000e+000,3,9.918306e-001,1.825000e+000,,,,,,,,,,,,,,,,,,0,3.000000e+000,5.000000e-001,5,1,7.948303e-001,0,0,0,
1711738785.383,,0.000000e+000,2.533529e+001,7.521966e-003,0.000000e+000,2.464165e-002,0.000000e+000,3,9.919046e-001,1.825000e+000,,,,,,,,,,,,,,,,,,0,3.000000e+000,5.000000e-001,5,1,8.279800e-001,0,0,0,
1711738809.020,,0.000000e+000,2.439254e+001,7.522856e-003,0.000000e+000,2.465425e-002,0.000000e+000,3,9.917887e-001,1.825000e+000,,,,,,,,,,,,,,,,,,0,3.000000e+000,5.000000e-001,5,1,5.286694e-001,0,0,0,
1711738834.654,,0.000000e+000,2.356267e+001,7.522836e-003,0.000000e+000,2.465641e-002,0.000000e+000,3,9.918998e-001,1.825000e+000,,,,,,,,,,,,,,,,,,0,3.000000e+000,5.000000e-001,5,1,6.165199e-001,0,0,0,
1711738865.552,,0.000000e+000,2.248537e+001,7.523859e-003,0.000000e+000,2.468712e-002,0.000000e+000,3,9.918777e-001,1.825000e+000,,,,,,,,,,,,,,,,,,0,3.000000e+000,5.000000e-001,5,1,5.340996e-001,0,0,0,
1711738894.949,,0.000000e+000,2.159767e+001,7.525681e-003,0.000000e+000,2.467836e-002,0.000000e+000,3,9.916958e-001,1.825000e+000,,,,,,,,,,,,,,,,,,0,3.000000e+000,5.000000e-001,5,1,5.821190e-001,0,0,0,
1711738925.852,,0.000000e+000,2.047079e+001,7.526040e-003,0.000000e+000,2.476564e-002,0.000000e+000,3,9.918985e-001,1.825000e+000,,,,,,,,,,,,,,,,,,0,3.000000e+000,5.000000e-001,5,1,4.969292e-001,0,0,0,
1711738952.793,,0.000000e+000,1.953549e+001,7.527641e-003,0.000000e+000,2.470749e-002,0.000000e+000,3,9.918296e-001,1.825000e+000,,,,,,,,,,,,,,,,,,0,3.000000e+000,5.000000e-001,5,1,5.995216e-001,0,0,0,
1711738987.447,,0.000000e+000,1.849582e+001,7.530565e-003,0.000000e+000,2.473929e-002,0.000000e+000,3,9.918105e-001,1.825000e+000,,,,,,,,,,,,,,,,,,0,3.000000e+000,5.000000e-001,5,1,6.290302e-001,0,0,0,
1711739013.614,,0.000000e+000,1.760767e+001,7.532490e-003,0.000000e+000,2.478408e-002,0.000000e+000,3,9.917887e-001,1.825000e+000,,,,,,,,,,,,,,,,,,0,3.000000e+000,5.000000e-001,5,1,6.058483e-001,0,0,0,
1711739043.012,,0.000000e+000,1.665609e+001,7.534979e-003,0.000000e+000,2.470503e-002,0.000000e+000,3,9.917782e-001,1.825000e+000,,,,,,,,,,,,,,,,,,0,3.000000e+000,5.000000e-001,5,1,6.138515e-001,0,0,0,
1711739075.915,,0.000000e+000,1.549471e+001,7.538007e-003,0.000000e+000,2.474279e-002,0.000000e+000,3,9.917817e-001,1.825000e+000,,,,,,,,,,,,,,,,,,0,3.000000e+000,5.000000e-001,5,1,6.121197e-001,0,0,0,
1711739103.832,,0.000000e+000,1.456639e+001,7.540041e-003,0.000000e+000,2.481463e-002,0.000000e+000,3,9.918240e-001,1.825000e+000,,,,,,,,,,,,,,,,,,0,3.000000e+000,5.000000e-001,5,1,5.598898e-001,0,0,0,
1711739133.727,,0.000000e+000,1.340374e+001,7.542107e-003,0.000000e+000,2.484549e-002,0.000000e+000,3,9.918023e-001,1.825000e+000,,,,,,,,,,,,,,,,,,0,3.000000e+000,5.000000e-001,5,1,5.949497e-001,0,1,0,
1711739157.371,,0.000000e+000,1.256806e+001,7.544478e-003,0.000000e+000,2.486829e-002,0.000000e+000,3,9.918528e-001,1.825000e+000,,,,,,,,,,,,,,,,,,0,3.000000e+000,5.000000e-001,5,1,4.541702e-001,0,1,0,
1711739188.783,,0.000000e+000,1.157761e+001,7.546792e-003,0.000000e+000,2.493278e-002,0.000000e+000,3,9.918470e-001,1.825000e+000,,,,,,,,,,,,,,,,,,0,3.000000e+000,5.000000e-001,5,1,6.039104e-001,0,1,0,
1711739219.928,,0.000000e+000,1.053592e+001,7.549592e-003,0.000000e+000,2.491568e-002,0.000000e+000,3,9.917824e-001,1.825000e+000,,,,,,,,,,,,,,,,,,0,3.000000e+000,5.000000e-001,5,1,5.962296e-001,0,1,0,
1711739245.833,,0.000000e+000,9.664816e+000,7.551673e-003,0.000000e+000,2.495402e-002,0.000000e+000,3,9.918344e-001,1.825000e+000,,,,,,,,,,,,,,,,,,0,3.000000e+000,5.000000e-001,5,1,5.209322e-001,0,1,0,
1711739282.005,,0.000000e+000,8.600181e+000,7.555168e-003,0.000000e+000,2.490051e-002,0.000000e+000,3,9.918240e-001,1.825000e+000,,,,,,,,,,,,,,,,,,0,3.000000e+000,5.000000e-001,5,1,5.274220e-001,0,1,0,
1711739314.402,,0.000000e+000,7.684303e+000,7.558406e-003,0.000000e+000,2.498196e-002,0.000000e+000,3,9.917713e-001,1.825000e+000,,,,,,,,,,,,,,,,,,0,3.000000e+000,5.000000e-001,5,1,4.814048e-001,0,1,0,
1711739351.799,,0.000000e+000,6.612221e+000,7.561945e-003,0.000000e+000,2.510609e-002,0.000000e+000,3,9.918391e-001,1.825000e+000,,,,,,,,,,,,,,,,,,0,3.000000e+000,5.000000e-001,5,1,4.626832e-001,0,1,0,
1711739383.950,,0.000000e+000,5.737241e+000,7.564880e-003,0.000000e+000,2.514202e-002,0.000000e+000,3,9.917806e-001,1.825000e+000,,,,,,,,,,,,,,,,,,0,3.000000e+000,5.000000e-001,5,1,4.597330e-001,0,0,0,
1711739995.990,,0.000000e+000,5.004951e+000,7.565948e-003,0.000000e+000,2.492825e-002,0.000000e+000,3,9.918067e-001,1.825000e+000,,,,,,,,,,,,,,,,,,0,3.000000e+000,5.000000e-001,5,1,6.693077e-002,0,0,0,
1711740087.944,,0.000000e+000,4.993620e+000,7.566267e-003,0.000000e+000,2.505882e-002,0.000000e+000,3,9.918131e-001,1.825000e+000,,,,,,,,,,,,,,,,,,0,3.000000e+000,5.000000e-001,5,1,1.212311e-002,0,0,0,
1711740152.383,,0.000000e+000,6.528929e+000,7.560670e-003,0.000000e+000,2.494074e-002,0.000000e+000,3,9.918211e-001,1.825000e+000,,,,,,,,,,,,,,,,,,0,3.000000e+000,5.000000e-001,5,1,6.681256e-001,0,0,0,
1711740181.550,,0.000000e+000,7.414896e+000,7.557498e-003,0.000000e+000,2.488662e-002,0.000000e+000,3,9.918293e-001,1.825000e+000,,,,,,,,,,,,,,,,,,0,3.000000e+000,5.000000e-001,5,1,4.538794e-001,0,0,0,
1711740216.697,,0.000000e+000,8.623596e+000,7.553965e-003,0.000000e+000,2.488449e-002,0.000000e+000,3,9.918113e-001,1.825000e+000,,,,,,,,,,,,,,,,,,0,3.000000e+000,5.000000e-001,5,1,6.005030e-001,0,0,0,
1711740239.099,,0.000000e+000,9.372591e+000,7.551863e-003,0.000000e+000,2.488339e-002,0.000000e+000,3,9.918469e-001,1.825000e+000,,,,,,,,,,,,,,,,,,0,3.000000e+000,5.000000e-001,5,1,5.271711e-001,0,0,0,
1711740269.519,,0.000000e+000,1.032704e+001,7.549300e-003,0.000000e+000,2.481165e-002,0.000000e+000,3,9.918391e-001,1.825000e+000,,,,,,,,,,,,,,,,,,0,3.000000e+000,5.000000e-001,5,1,6.060400e-001,0,0,0,
1711740304.428,,0.000000e+000,1.140319e+001,7.546186e-003,0.000000e+000,2.472067e-002,0.000000e+000,3,9.918070e-001,1.825000e+000,,,,,,,,,,,,,,,,,,0,3.000000e+000,5.000000e-001,5,1,5.817995e-001,0,0,0,
1711740342.606,,0.000000e+000,1.249729e+001,7.542396e-003,0.000000e+000,2.473493e-002,0.000000e+000,3,9.918051e-001,1.825000e+000,,,,,,,,,,,,,,,,,,0,3.000000e+000,5.000000e-001,5,1,5.511999e-001,0,0,0,
1711740374.002,,0.000000e+000,1.351184e+001,7.540352e-003,0.000000e+000,2.459925e-002,0.000000e+000,3,9.918168e-001,1.825000e+000,,,,,,,,,,,,,,,,,,0,3.000000e+000,5.000000e-001,5,1,6.034393e-001,0,0,0,
1711740399.200,,0.000000e+000,1.440248e+001,7.537953e-003,0.000000e+000,2.466798e-002,0.000000e+000,3,9.918495e-001,1.825000e+000,,,,,,,,,,,,,,,,,,0,3.000000e+000,5.000000e-001,5,1,6.425495e-001,0,0,0,
1711740429.151,,0.000000e+000,1.540961e+001,7.535929e-003,0.000000e+000,2.464482e-002,0.000000e+000,3,9.918482e-001,1.825000e+000,,,,,,,,,,,,,,,,,,0,3.000000e+000,5.000000e-001,5,1,6.092100e-001,0,1,0,
1711740459.297,,0.000000e+000,1.633675e+001,7.533093e-003,0.000000e+000,2.451885e-002,0.000000e+000,3,9.918603e-001,1.825000e+000,,,,,,,,,,,,,,,,,,0,3.000000e+000,5.000000e-001,5,1,6.370487e-001,0,1,0,
1711740489.453,,0.000000e+000,1.735633e+001,7.530245e-003,0.000000e+000,2.454895e-002,0.000000e+000,3,9.918992e-001,1.825000e+000,,,,,,,,,,,,,,,,,,0,3.000000e+000,5.000000e-001,5,1,5.588303e-001,0,1,0,
1711740522.846,,0.000000e+000,1.850940e+001,7.528127e-003,0.000000e+000,2.455106e-002,0.000000e+000,3,9.918657e-001,1.825000e+000,,,,,,,,,,,,,,,,,,0,3.000000e+000,5.000000e-001,5,1,6.249790e-001,0,1,0,
1711740548.982,,0.000000e+000,1.937607e+001,7.525876e-003,0.000000e+000,2.454958e-002,0.000000e+000,3,9.918118e-001,1.825000e+000,,,,,,,,,,,,,,,,,,0,3.000000e+000,5.000000e-001,5,1,5.454597e-001,0,1,0,
1711740580.946,,0.000000e+000,2.039172e+001,7.524526e-003,0.000000e+000,2.454448e-002,0.000000e+000,3,9.918405e-001,1.825000e+000,,,,,,,,,,,,,,,,,,0,3.000000e+000,5.000000e-001,5,1,5.378189e-001,0,0,0,
1711740615.848,,0.000000e+000,2.157146e+001,7.523612e-003,0.000000e+000,2.454368e-002,0.000000e+000,3,9.917003e-001,1.825000e+000,,,,,,,,,,,,,,,,,,0,3.000000e+000,5.000000e-001,5,1,6.059685e-001,0,0,0,
1711740640.988,,0.000000e+000,2.241206e+001,7.522475e-003,0.000000e+000,2.454244e-002,0.000000e+000,3,9.917613e-001,1.825000e+000,,,,,,,,,,,,,,,,,,0,3.000000e+000,5.000000e-001,5,1,5.320206e-001,0,0,0,
1711740670.889,,0.000000e+000,2.341196e+001,7.521149e-003,0.000000e+000,2.446869e-002,0.000000e+000,3,9.918378e-001,1.825000e+000,,,,,,,,,,,,,,,,,,0,3.000000e+000,5.000000e-001,5,1,5.308208e-001,0,0,0,
1711740700.550,,0.000000e+000,2.440667e+001,7.521156e-003,0.000000e+000,2.456194e-002,0.000000e+000,3,9.918723e-001,1.825000e+000,,,,,,,,,,,,,,,,,,0,3.000000e+000,5.000000e-001,5,1,6.565685e-001,0,0,0,
1711740732.741,,0.000000e+000,2.549146e+001,7.521838e-003,0.000000e+000,2.444673e-002,0.000000e+000,3,9.918011e-001,1.825000e+000,,,,,,,,,,,,,,,,,,0,3.000000e+000,5.000000e-001,5,1,5.913086e-001,0,0,0,
1711740776.899,,0.000000e+000,2.695746e+001,7.522361e-003,0.000000e+000,2.440287e-002,0.000000e+000,3,9.917795e-001,1.825000e+000,,,,,,,,,,,,,,,,,,0,3.000000e+000,5.000000e-001,5,1,6.492004e-001,0,0,0,
1711740798.449,,0.000000e+000,2.769938e+001,7.521963e-003,0.000000e+000,2.443170e-002,0.000000e+000,3,9.919516e-001,1.825000e+000,,,,,,,,,,,,,,,,,,0,3.000000e+000,5.000000e-001,5,1,5.787601e-001,0,0,0,
1711740822.575,,0.000000e+000,2.847244e+001,7.523838e-003,0.000000e+000,2.432612e-002,0.000000e+000,3,9.918287e-001,1.825000e+000,,,,,,,,,,,,,,,,,,0,3.000000e+000,5.000000e-001,5,1,7.055397e-001,0,0,0,
1711740853.469,,0.000000e+000,2.953012e+001,7.525970e-003,0.000000e+000,2.442370e-002,0.000000e+000,3,9.918106e-001,1.825000e+000,,,,,,,,,,,,,,,,,,0,3.000000e+000,5.000000e-001,5,1,6.356697e-001,0,0,0,
1711740879.112,,0.000000e+000,3.041739e+001,7.527505e-003,0.000000e+000,2.434118e-002,0.000000e+000,3,9.918318e-001,1.825000e+000,,,,,,,,,,,,,,,,,,0,3.000000e+000,5.000000e-001,5,1,5.084915e-001,0,0,0,
1711740915.269,,0.000000e+000,3.151051e+001,7.531167e-003,0.000000e+000,2.427869e-002,0.000000e+000,3,9.917335e-001,1.825000e+000,,,,,,,,,,,,,,,,,,0,3.000000e+000,5.000000e-001,5,1,5.437794e-001,0,0,0,
1711740941.403,,0.000000e+000,3.241836e+001,7.533366e-003,0.000000e+000,2.439048e-002,0.000000e+000,3,9.917831e-001,1.825000e+000,,,,,,,,,,,,,,,,,,0,3.000000e+000,5.000000e-001,5,1,4.668770e-001,0,0,0,
1711740972.545,,0.000000e+000,3.344876e+001,7.537199e-003,0.000000e+000,2.424368e-002,0.000000e+000,3,9.917397e-001,1.825000e+000,,,,,,,,,,,,,,,,,,0,3.000000e+000,5.000000e-001,5,1,5.285492e-001,0,0,0,
1711741004.193,,0.000000e+000,3.453634e+001,7.541484e-003,0.000000e+000,2.431312e-002,0.000000e+000,3,9.917755e-001,1.825000e+000,,,,,,,,,,,,,,,,,,0,3.000000e+000,5.000000e-001,5,1,5.906792e-001,0,0,0,
1711741030.332,,0.000000e+000,3.539693e+001,7.544576e-003,0.000000e+000,2.425729e-002,0.000000e+000,3,9.917638e-001,1.825000e+000,,,,,,,,,,,,,,,,,,0,3.000000e+000,5.000000e-001,5,1,5.579910e-001,0,0,0,
1711741059.235,,0.000000e+000,3.636643e+001,7.548592e-003,0.000000e+000,2.422857e-002,0.000000e+000,3,9.918581e-001,1.825000e+000,,,,,,,,,,,,,,,,,,0,3.000000e+000,5.000000e-001,5,1,5.527306e-001,0,0,0,
1711741093.898,,0.000000e+000,3.746296e+001,7.553708e-003,0.000000e+000,2.426006e-002,0.000000e+000,3,9.917805e-001,1.825000e+000,,,,,,,,,,,,,,,,,,0,3.000000e+000,5.000000e-001,5,1,5.452728e-001,0,0,0,
1711741124.035,,0.000000e+000,3.844983e+001,7.557771e-003,0.000000e+000,2.424545e-002,0.000000e+000,3,9.918160e-001,1.825000e+000,,,,,,,,,,,,,,,,,,0,3.000000e+000,5.000000e-001,5,1,6.111412e-001,0,0,0,
1711741154.678,,0.000000e+000,3.946353e+001,7.562810e-003,0.000000e+000,2.413485e-002,0.000000e+000,3,9.916923e-001,1.825000e+000,,,,,,,,,,,,,,,,,,0,3.000000e+000,5.000000e-001,5,1,6.032600e-001,0,0,0,
1711741184.825,,0.000000e+000,4.046514e+001,7.566846e-003,0.000000e+000,2.405973e-002,0.000000e+000,3,9.917598e-001,1.825000e+000,,,,,,,,,,,,,,,,,,0,3.000000e+000,5.000000e-001,5,1,5.979500e-001,0,0,0,
1711741210.464,,0.000000e+000,4.132552e+001,7.570217e-003,0.000000e+000,2.403482e-002,0.000000e+000,3,9.917974e-001,1.825000e+000,,,,,,,,,,,,,,,,,,0,3.000000e+000,5.000000e-001,5,1,5.949707e-001,0,0,0,
1711741240.361,,0.000000e+000,4.235191e+001,7.575205e-003,0.000000e+000,2.406444e-002,0.000000e+000,3,9.918076e-001,1.825000e+000,,,,,,,,,,,,,,,,,,0,3.000000e+000,5.000000e-001,5,1,5.274696e-001,0,0,0,
1711741278.520,,0.000000e+000,4.362626e+001,7.581463e-003,0.000000e+000,2.404193e-002,0.000000e+000,3,9.917557e-001,1.825000e+000,,,,,,,,,,,,,,,,,,0,3.000000e+000,5.000000e-001,5,1,5.824509e-001,0,0,0,
1711741305.913,,0.000000e+000,4.456440e+001,7.585557e-003,0.000000e+000,2.402616e-002,0.000000e+000,3,9.917891e-001,1.825000e+000,,,,,,,,,,,,,,,,,,0,3.000000e+000,5.000000e-001,5,1,5.232086e-001,0,0,0,
1711741331.059,,0.000000e+000,4.540245e+001,7.589837e-003,0.000000e+000,2.394760e-002,0.000000e+000,3,9.918375e-001,1.825000e+000,,,,,,,,,,,,,,,,,,0,3.000000e+000,5.000000e-001,5,1,6.380920e-001,0,0,0,
1711741381.992,,0.000000e+000,4.709386e+001,7.599474e-003,0.000000e+000,2.400172e-002,0.000000e+000,3,9.917647e-001,1.825000e+000,,,,,,,,,,,,,,,,,,0,3.000000e+000,5.000000e-001,5,1,5.564499e-001,0,1,0,
1711741403.129,,0.000000e+000,4.775747e+001,7.602507e-003,0.000000e+000,2.404418e-002,0.000000e+000,3,9.918477e-001,1.825000e+000,,,,,,,,,,,,,,,,,,0,3.000000e+000,5.000000e-001,5,1,6.307411e-001,0,1,0,
1711741425.514,,0.000000e+000,4.856165e+001,7.607448e-003,0.000000e+000,2.390966e-002,0.000000e+000,3,9.918208e-001,1.825000e+000,,,,,,,,,,,,,,,,,,0,3.000000e+000,5.000000e-001,5,1,5.703392e-001,0,1,0,
1711741451.153,,0.000000e+000,4.943806e+001,7.612596e-003,0.000000e+000,2.395645e-002,0.000000e+000,3,9.918503e-001,1.825000e+000,,,,,,,,,,,,,,,,,,0,3.000000e+000,5.000000e-001,5,1,4.907112e-001,0,1,0,
1711741482.053,,0.000000e+000,5.045805e+001,7.618607e-003,0.000000e+000,2.388294e-002,0.000000e+000,3,9.917619e-001,1.825000e+000,,,,,,,,,,,,,,,,,,0,3.000000e+000,5.000000e-001,5,1,5.568008e-001,0,1,0,
1711741514.695,,0.000000e+000,5.146726e+001,7.625373e-003,0.000000e+000,2.379634e-002,0.000000e+000,3,9.918144e-001,1.825000e+000,,,,,,,,,,,,,,,,,,0,3.000000e+000,5.000000e-001,5,1,6.264992e-001,0,1,0,
1711741546.593,,0.000000e+000,5.262469e+001,7.631906e-003,0.000000e+000,2.394632e-002,0.000000e+000,3,9.918433e-001,1.825000e+000,,,,,,,,,,,,,,,,,,0,3.000000e+000,5.000000e-001,5,1,5.603676e-001,0,1,0,
1711741575.262,,0.000000e+000,5.345956e+001,7.637590e-003,0.000000e+000,2.378542e-002,0.000000e+000,3,9.918866e-001,1.825000e+000,,,,,,,,,,,,,,,,,,0,3.000000e+000,5.000000e-001,5,1,5.576782e-001,0,1,0,
1711741600.919,,0.000000e+000,5.436589e+001,7.643502e-003,0.000000e+000,2.386039e-002,0.000000e+000,3,9.918161e-001,1.825000e+000,,,,,,,,,,,,,,,,,,0,3.000000e+000,5.000000e-001,5,1,5.600586e-001,0,1,0,
1711741660.722,,0.000000e+000,5.633496e+001,7.657368e-003,0.000000e+000,2.389089e-002,0.000000e+000,3,9.917979e-001,1.825000e+000,,,,,,,,,,,,,,,,,,0,3.000000e+000,5.000000e-001,5,1,6.132202e-001,0,1,0,
1711741684.873,,0.000000e+000,5.719194e+001,7.662810e-003,0.000000e+000,2.373509e-002,0.000000e+000,3,9.918935e-001,1.825000e+000,,,,,,,,,,,,,,,,,,0,3.000000e+000,5.000000e-001,5,1,6.836700e-001,0,0,0,
1711741705.267,,0.000000e+000,5.787322e+001,7.667025e-003,0.000000e+000,2.383417e-002,0.000000e+000,3,9.918311e-001,1.825000e+000,,,,,,,,,,,,,,,,,,0,3.000000e+000,5.000000e-001,5,1,6.788979e-001,0,0,0,
1711741724.656,,0.000000e+000,5.852062e+001,7.671828e-003,0.000000e+000,2.373781e-002,0.000000e+000,3,9.917433e-001,1.825000e+000,,,,,,,,,,,,,,,,,,0,3.000000e+000,5.000000e-001,5,1,4.833794e-001,0,0,0,
1711741753.797,,0.000000e+000,5.944153e+001,7.679186e-003,0.000000e+000,2.373109e-002,0.000000e+000,3,9.918213e-001,1.825000e+000,,,,,,,,,,,,,,,,,,0,3.000000e+000,5.000000e-001,5,1,5.408592e-001,0,0,0,
1711741783.442,,0.000000e+000,6.042348e+001,7.686220e-003,0.000000e+000,2.368618e-002,0.000000e+000,3,9.917781e-001,1.825000e+000,,,,,,,,,,,,,,,,,,0,3.000000e+000,5.000000e-001,5,1,6.139107e-001,0,0,0,
1711741811.838,,0.000000e+000,6.144069e+001,7.692970e-003,0.000000e+000,2.364793e-002,0.000000e+000,3,9.917666e-001,1.825000e+000,,,,,,,,,,,,,,,,,,0,3.000000e+000,5.000000e-001,5,1,6.100998e-001,0,0,0,
1711741841.765,,0.000000e+000,6.241397e+001,7.700124e-003,0.000000e+000,2.364216e-002,0.000000e+000,3,9.918233e-001,1.825000e+000,,,,,,,,,,,,,,,,,,0,3.000000e+000,5.000000e-001,5,1,5.409813e-001,0,0,0,
1711741876.162,,0.000000e+000,6.354678e+001,7.708902e-003,0.000000e+000,2.365721e-002,0.000000e+000,3,9.919036e-001,1.825000e+000,,,,,,,,,,,,,,,,,,0,3.000000e+000,5.000000e-001,5,1,5.382309e-001,0,0,0,
1711741902.843,,0.000000e+000,6.442050e+001,7.715985e-003,0.000000e+000,2.348392e-002,0.000000e+000,3,9.917707e-001,1.825000e+000,,,,,,,,,,,,,,,,,,0,3.000000e+000,5.000000e-001,5,1,5.384903e-001,0,0,0,
1711741931.737,,0.000000e+000,6.538139e+001,7.723957e-003,0.000000e+000,2.337692e-002,0.000000e+000,3,9.917793e-001,1.825000e+000,,,,,,,,,,,,,,,,,,0,3.000000e+000,5.000000e-001,5,1,4.632645e-001,0,0,0,
1711741978.724,,0.000000e+000,6.704066e+001,7.736411e-003,0.000000e+000,2.327070e-002,0.000000e+000,3,9.918125e-001,1.825000e+000,,,,,,,,,,,,,,,,,,0,3.000000e+000,5.000000e-001,5,1,5.876007e-001,0,0,0,
1711741997.852,,0.000000e+000,6.766276e+001,7.741861e-003,0.000000e+000,2.337605e-002,0.000000e+000,3,9.918073e-001,1.825000e+000,,,,,,,,,,,,,,,,,,0,3.000000e+000,5.000000e-001,5,1,3.916168e-001,0,0,0,
1711742021.655,,0.000000e+000,6.839311e+001,7.747770e-003,0.000000e+000,2.326371e-002,0.000000e+000,3,9.918343e-001,1.825000e+000,,,,,,,,,,,,,,,,,,0,3.000000e+000,5.000000e-001,5,1,6.596985e-001,0,0,0,
1711742051.195,,0.000000e+000,6.938216e+001,7.756584e-003,0.000000e+000,2.316108e-002,0.000000e+000,3,9.918062e-001,1.825000e+000,,,,,,,,,,,,,,,,,,0,3.000000e+000,5.000000e-001,5,1,6.409149e-001,0,0,0,
1711742081.872,,0.000000e+000,7.032704e+001,7.764746e-003,0.000000e+000,2.311613e-002,0.000000e+000,3,9.917629e-001,1.825000e+000,,,,,,,,,,,,,,,,,,0,3.000000e+000,5.000000e-001,5,1,5.971756e-001,0,0,0,
1711742111.264,,0.000000e+000,7.146626e+001,7.773134e-003,0.000000e+000,2.300565e-002,0.000000e+000,3,9.918390e-001,1.825000e+000,,,,,,,,,,,,,,,,,,0,3.000000e+000,5.000000e-001,5,1,6.657104e-001,0,0,0,
1711742144.162,,0.000000e+000,7.252964e+001,7.782671e-003,0.000000e+000,2.291606e-002,0.000000e+000,3,9.917934e-001,1.825000e+000,,,,,,,,,,,,,,,,,,0,3.000000e+000,5.000000e-001,5,1,5.914764e-001,0,0,0,
1711742169.551,,0.000000e+000,7.337512e+001,7.790269e-003,0.000000e+000,2.290359e-002,0.000000e+000,3,9.918102e-001,1.825000e+000,,,,,,,,,,,,,,,,,,0,3.000000e+000,5.000000e-001,5,1,7.212830e-001,0,0,0,
1711742199.945,,0.000000e+000,7.440372e+001,7.799714e-003,0.000000e+000,2.282824e-002,0.000000e+000,3,9.917578e-001,1.825000e+000,,,,,,,,,,,,,,,,,,0,3.000000e+000,5.000000e-001,5,1,5.674896e-001,0,0,0,
1711742233.336,,0.000000e+000,7.552644e+001,7.810401e-003,0.000000e+000,2.268873e-002,0.000000e+000,3,9.918869e-001,1.825000e+000,,,,,,,,,,,,,,,,,,0,3.000000e+000,5.000000e-001,5,1,6.535873e-001,0,0,0,
1711742261.734,,0.000000e+000,7.642437e+001,7.819035e-003,0.000000e+000,2.259005e-002,0.000000e+000,3,9.917562e-001,1.825000e+000,,,,,,,,,,,,,,,,,,0,3.000000e+000,5.000000e-001,5,1,6.423187e-001,0,0,0,
1711742293.143,,0.000000e+000,7.747988e+001,7.828586e-003,0.000000e+000,2.251489e-002,0.000000e+000,3,9.918065e-001,1.825000e+000,,,,,,,,,,,,,,,,,,0,3.000000e+000,5.000000e-001,5,1,5.695953e-001,0,0,0,
1711742322.282,,0.000000e+000,7.846441e+001,7.838295e-003,0.000000e+000,2.238829e-002,0.000000e+000,3,9.918119e-001,1.825000e+000,,,,,,,,,,,,,,,,,,0,3.000000e+000,5.000000e-001,5,1,6.365814e-001,0,0,0,
1711742350.446,,0.000000e+000,7.943420e+001,7.847481e-003,0.000000e+000,2.231779e-002,0.000000e+000,3,9.918334e-001,1.825000e+000,,,,,,,,,,,,,,,,,,0,3.000000e+000,5.000000e-001,5,1,6.069107e-001,0,0,0,
1711742382.088,,0.000000e+000,8.043491e+001,7.857984e-003,0.000000e+000,2.218203e-002,0.000000e+000,3,9.917831e-001,1.825000e+000,,,,,,,,,,,,,,,,,,0,3.000000e+000,5.000000e-001,5,1,6.363297e-001,0,0,0,
1711742409.486,,0.000000e+000,8.145158e+001,7.867753e-003,0.000000e+000,2.214149e-002,0.000000e+000,3,9.918038e-001,1.825000e+000,,,,,,,,,,,,,,,,,,0,3.000000e+000,5.000000e-001,5,1,5.011139e-001,0,0,0,
1711742439.136,,0.000000e+000,8.237423e+001,7.914491e-003,0.000000e+000,1.732947e-002,0.000000e+000,3,9.820818e-001,1.825000e+000,,,,,,,,,,,,,,,,,,0,3.000000e+000,5.000000e-001,5,1,5.689240e-001,0,1,0,
1711742468.962,,0.000000e+000,8.336163e+001,7.886975e-003,0.000000e+000,2.192748e-002,0.000000e+000,3,9.919026e-001,1.825000e+000,,,,,,,,,,,,,,,,,,0,3.000000e+000,5.000000e-001,5,1,5.474243e-001,0,1,0,
1711742502.335,,0.000000e+000,8.438983e+001,7.901039e-003,0.000000e+000,2.188084e-002,0.000000e+000,3,9.918163e-001,1.825000e+000,,,,,,,,,,,,,,,,,,0,3.000000e+000,5.000000e-001,5,1,5.982132e-001,0,1,0,
1711742532.229,,0.000000e+000,8.539888e+001,7.912102e-003,0.000000e+000,2.179319e-002,0.000000e+000,3,9.917520e-001,1.825000e+000,,,,,,,,,,,,,,,,,,0,3.000000e+000,5.000000e-001,5,1,5.934067e-001,0,1,0,
1711742579.161,,0.000000e+000,8.699426e+001,7.928211e-003,0.000000e+000,2.159980e-002,0.000000e+000,3,9.917580e-001,1.825000e+000,,,,,,,,,,,,,,,,,,0,3.000000e+000,5.000000e-001,5,1,6.042557e-001,0,1,0,
1711742602.054,,0.000000e+000,8.783257e+001,7.936629e-003,0.000000e+000,2.150956e-002,0.000000e+000,3,9.917198e-001,1.825000e+000,,,,,,,,,,,,,,,,,,0,3.000000e+000,5.000000e-001,5,1,5.222473e-001,0,1,0,
1711742623.691,,0.000000e+000,8.853055e+001,7.944288e-003,0.000000e+000,2.146830e-002,0.000000e+000,3,9.917895e-001,1.825000e+000,,,,,,,,,,,,,,,,,,0,3.000000e+000,5.000000e-001,5,1,5.945206e-001,0,1,0,
1711742653.267,,0.000000e+000,8.946974e+001,7.955242e-003,0.000000e+000,2.141664e-002,0.000000e+000,3,9.917775e-001,1.825000e+000,,,,,,,,,,,,,,,,,,0,3.000000e+000,5.000000e-001,5,1,5.926819e-001,0,1,0,
1711742686.141,,0.000000e+000,9.057401e+001,7.967879e-003,0.000000e+000,2.134424e-002,0.000000e+000,3,9.917509e-001,1.825000e+000,,,,,,,,,,,,,,,,,,0,3.000000e+000,5.000000e-001,5,1,5.327835e-001,0,1,0,
1711742709.779,,0.000000e+000,9.138008e+001,7.975357e-003,0.000000e+000,2.126322e-002,0.000000e+000,3,9.917955e-001,1.825000e+000,,,,,,,,,,,,,,,,,,0,3.000000e+000,5.000000e-001,5,1,6.755905e-001,0,1,0,
1711742737.723,,0.000000e+000,9.229720e+001,7.985315e-003,0.000000e+000,2.119804e-002,0.000000e+000,3,9.917334e-001,1.825000e+000,,,,,,,,,,,,,,,,,,0,3.000000e+000,5.000000e-001,5,1,5.868607e-001,0,1,0,
1711742772.624,,0.000000e+000,9.351044e+001,7.999480e-003,0.000000e+000,2.115344e-002,0.000000e+000,3,9.918307e-001,1.825000e+000,,,,,,,,,,,,,,,,,,0,3.000000e+000,5.000000e-001,5,1,5.285110e-001,0,0,0,
1711742800.457,,0.000000e+000,9.441740e+001,8.010189e-003,0.000000e+000,2.105841e-002,0.000000e+000,3,9.918912e-001,1.825000e+000,,,,,,,,,,,,,,,,,,0,3.000000e+000,5.000000e-001,5,1,4.297714e-001,0,0,0,
1711742835.835,,0.000000e+000,9.560177e+001,8.023935e-003,0.000000e+000,2.086902e-002,0.000000e+000,3,9.918751e-001,1.825000e+000,,,,,,,,,,,,,,,,,,0,3.000000e+000,5.000000e-001,5,1,5.529785e-001,0,0,0,
1711742862.887,,0.000000e+000,9.652857e+001,8.034677e-003,0.000000e+000,2.078526e-002,0.000000e+000,3,9.918479e-001,1.825000e+000,,,,,,,,,,,,,,,,,,0,3.000000e+000,5.000000e-001,5,1,6.150208e-001,0,0,0,
1711742892.273,,0.000000e+000,9.744548e+001,8.047428e-003,0.000000e+000,2.057175e-002,0.000000e+000,3,9.919631e-001,1.825000e+000,,,,,,,,,,,,,,,,,,0,3.000000e+000,5.000000e-001,5,1,6.816559e-001,0,0,0,
1711742923.916,,0.000000e+000,9.849617e+001,8.060012e-003,0.000000e+000,2.068663e-002,0.000000e+000,3,9.918846e-001,1.825000e+000,,,,,,,,,,,,,,,,,,0,3.000000e+000,5.000000e-001,5,1,6.068726e-001,0,0,0,
1711742950.241,,0.000000e+000,9.937751e+001,8.070445e-003,0.000000e+000,2.053630e-002,0.000000e+000,3,9.918582e-001,1.825000e+000,,,,,,,,,,,,,,,,,,0,3.000000e+000,5.000000e-001,5,1,6.157532e-001,0,0,0,
1711742980.861,,0.000000e+000,1.003851e+002,8.081955e-003,0.000000e+000,2.050944e-002,0.000000e+000,3,9.919155e-001,1.825000e+000,,,,,,,,,,,,,,,,,,0,3.000000e+000,5.000000e-001,5,1,6.044998e-001,0,0,0,
1711743010.259,,0.000000e+000,1.014193e+002,8.094235e-003,0.000000e+000,2.027791e-002,0.000000e+000,3,9.918115e-001,1.825000e+000,,,,,,,,,,,,,,,,,,0,3.000000e+000,5.000000e-001,5,1,5.346985e-001,0,0,0,
1711743040.902,,0.000000e+000,1.024090e+002,8.104309e-003,0.000000e+000,2.019219e-002,0.000000e+000,3,9.919831e-001,1.825000e+000,,,,,,,,,,,,,,,,,,0,3.000000e+000,5.000000e-001,5,1,6.389008e-001,0,0,0,
1711743071.045,,0.000000e+000,1.034176e+002,8.117717e-003,0.000000e+000,2.011929e-002,0.000000e+000,3,9.918952e-001,1.825000e+000,,,,,,,,,,,,,,,,,,0,3.000000e+000,5.000000e-001,5,1,6.939011e-001,0,0,0,
1711743101.686,,0.000000e+000,1.044218e+002,8.130237e-003,0.000000e+000,2.000725e-002,0.000000e+000,3,9.919649e-001,1.825000e+000,,,,,,,,,,,,,,,,,,0,3.000000e+000,5.000000e-001,5,1,6.236954e-001,0,0,0,
1711743131.587,,0.000000e+000,1.054903e+002,8.141059e-003,0.000000e+000,2.001733e-002,0.000000e+000,3,9.919759e-001,1.825000e+000,,,,,,,,,,,,,,,,,,0,3.000000e+000,5.000000e-001,5,1,5.547028e-001,0,0,0,
1711743178.533,,0.000000e+000,1.070424e+002,8.157786e-003,0.000000e+000,1.981226e-002,0.000000e+000,3,9.919936e-001,1.825000e+000,,,,,,,,,,,,,,,,,,0,3.000000e+000,5.000000e-001,5,1,4.835052e-001,0,0,0,
1711743200.168,,0.000000e+000,1.077236e+002,8.166900e-003,0.000000e+000,1.983661e-002,0.000000e+000,3,9.920444e-001,1.825000e+000,,,,,,,,,,,,,,,,,,0,3.000000e+000,5.000000e-001,5,1,6.128998e-001,0,0,0,
1711743223.056,,0.000000e+000,1.085107e+002,8.175730e-003,0.000000e+000,1.966286e-002,0.000000e+000,3,9.919679e-001,1.825000e+000,,,,,,,,,,,,,,,,,,0,3.000000e+000,5.000000e-001,5,1,5.497971e-001,0,0,0,
1711743251.703,,0.000000e+000,1.094633e+002,8.185406e-003,0.000000e+000,1.958586e-002,0.000000e+000,3,9.920124e-001,1.825000e+000,,,,,,,,,,,,,,,,,,0,3.000000e+000,5.000000e-001,5,1,5.412979e-001,0,0,0,
1711743283.348,,0.000000e+000,1.104525e+002,8.197747e-003,0.000000e+000,1.952717e-002,0.000000e+000,3,9.919789e-001,1.825000e+000,,,,,,,,,,,,,,,,,,0,3.000000e+000,5.000000e-001,5,1,6.168060e-001,0,0,0,
1711743310.739,,0.000000e+000,1.113654e+002,8.206801e-003,0.000000e+000,1.934619e-002,0.000000e+000,3,9.920495e-001,1.825000e+000,,,,,,,,,,,,,,,,,,0,3.000000e+000,5.000000e-001,5,1,6.793976e-001,0,0,0,
1711743341.809,,0.000000e+000,1.124464e+002,8.218481e-003,0.000000e+000,1.919292e-002,0.000000e+000,3,9.919969e-001,1.825000e+000,,,,,,,,,,,,,,,,,,0,3.000000e+000,5.000000e-001,5,1,5.417023e-001,0,0,0,
1711743373.936,,0.000000e+000,1.135233e+002,8.230406e-003,0.000000e+000,1.909580e-002,0.000000e+000,3,9.920056e-001,1.825000e+000,,,,,,,,,,,,,,,,,,0,3.000000e+000,5.000000e-001,5,1,6.777954e-001,0,0,0,
1711743401.334,,0.000000e+000,1.144679e+002,8.239723e-003,0.000000e+000,1.893326e-002,0.000000e+000,3,9.920374e-001,1.825000e+000,,,,,,,,,,,,,,,,,,0,3.000000e+000,5.000000e-001,5,1,6.693954e-001,0,0,0,
1711743429.982,,0.000000e+000,1.154043e+002,8.248618e-003,0.000000e+000,1.885944e-002,0.000000e+000,3,9.921045e-001,1.825000e+000,,,,,,,,,,,,,,,,,,0,3.000000e+000,5.000000e-001,5,1,6.757050e-001,0,0,0,
1711743460.381,,0.000000e+000,1.163737e+002,8.258847e-003,0.000000e+000,1.871108e-002,0.000000e+000,3,9.922377e-001,1.825000e+000,,,,,,,,,,,,,,,,,,0,3.000000e+000,5.000000e-001,5,1,6.052017e-001,0,0,0,
1711743490.533,,0.000000e+000,1.174055e+002,8.270229e-003,0.000000e+000,1.860053e-002,0.000000e+000,3,9.921036e-001,1.825000e+000,,,,,,,,,,,,,,,,,,0,3.000000e+000,5.000000e-001,5,1,6.659012e-001,0,0,0,
1711743520.927,,0.000000e+000,1.184360e+002,8.279423e-003,0.000000e+000,1.850322e-002,0.000000e+000,3,9.921013e-001,1.825000e+000,,,,,,,,,,,,,,,,,,0,3.000000e+000,5.000000e-001,5,1,5.970001e-001,0,0,0,
1711743553.755,,0.000000e+000,1.195442e+002,8.290661e-003,0.000000e+000,1.815375e-002,0.000000e+000,3,9.921581e-001,1.825000e+000,,,,,,,,,,,,,,,,,,0,3.000000e+000,5.000000e-001,5,1,6.964035e-001,0,1,0,
1711743581.882,,0.000000e+000,1.204837e+002,8.299070e-003,0.000000e+000,1.815183e-002,0.000000e+000,3,9.922267e-001,1.825000e+000,,,,,,,,,,,,,,,,,,0,3.000000e+000,5.000000e-001,5,1,4.888992e-001,0,1,0,
1711743609.570,,0.000000e+000,1.213856e+002,8.307973e-003,0.000000e+000,1.804535e-002,0.000000e+000,3,9.921079e-001,1.825000e+000,,,,,,,,,,,,,,,,,,0,3.000000e+000,5.000000e-001,5,1,6.287994e-001,0,1,0,
1711743638.714,,0.000000e+000,1.223587e+002,8.316793e-003,0.000000e+000,1.779142e-002,0.000000e+000,3,9.921809e-001,1.825000e+000,,,,,,,,,,,,,,,,,,0,3.000000e+000,5.000000e-001,5,1,6.295013e-001,0,1,0,
1711743672.114,,0.000000e+000,1.234426e+002,8.327176e-003,0.000000e+000,1.770493e-002,0.000000e+000,3,9.921474e-001,1.825000e+000,,,,,,,,,,,,,,,,,,0,3.000000e+000,5.000000e-001,5,1,5.583038e-001,0,1,0,
1711743704.513,,0.000000e+000,1.245947e+002,8.336913e-003,0.000000e+000,1.753568e-002,0.000000e+000,3,9.921370e-001,1.825000e+000,,,,,,,,,,,,,,,,,,0,3.000000e+000,5.000000e-001,5,1,4.893036e-001,0,1,0,
1711743727.066,,0.000000e+000,1.253304e+002,8.342694e-003,0.000000e+000,1.753152e-002,0.000000e+000,3,9.922002e-001,1.825000e+000,,,,,,,,,,,,,,,,,,0,3.000000e+000,5.000000e-001,5,1,5.607986e-001,0,1,0,
1711743779.482,,0.000000e+000,1.271196e+002,8.355913e-003,0.000000e+000,1.715094e-002,0.000000e+000,3,9.919881e-001,1.825000e+000,,,,,,,,,,,,,,,,,,0,3.000000e+000,5.000000e-001,5,1,5.027008e-001,0,1,0,
1711743802.556,,0.000000e+000,1.278526e+002,8.363183e-003,0.000000e+000,1.706593e-002,0.000000e+000,3,9.921013e-001,1.825000e+000,,,,,,,,,,,,,,,,,,0,3.000000e+000,5.000000e-001,5,1,5.538940e-001,0,1,0,
1711743824.917,,0.000000e+000,1.285149e+002,8.411120e-003,0.000000e+000,8.456682e-003,0.000000e+000,3,9.686270e-001,1.825000e+000,,,,,,,,,,,,,,,,,,0,3.000000e+000,5.000000e-001,5,1,6.327972e-001,0,1,0,
1711743850.301,,0.000000e+000,1.294747e+002,8.375882e-003,0.000000e+000,1.674983e-002,0.000000e+000,3,9.922389e-001,1.825000e+000,,,,,,,,,,,,,,,,,,0,3.000000e+000,5.000000e-001,5,1,4.866943e-001,0,0,0,
1711743880.942,,0.000000e+000,1.304050e+002,8.386666e-003,0.000000e+000,1.669128e-002,0.000000e+000,3,9.921637e-001,1.825000e+000,,,,,,,,,,,,,,,,,,0,3.000000e+000,5.000000e-001,5,1,5.545959e-001,0,0,0,
1711743904.842,,0.000000e+000,1.312582e+002,8.391596e-003,0.000000e+000,1.663630e-002,0.000000e+000,3,9.922464e-001,1.825000e+000,,,,,,,,,,,,,,,,,,0,3.000000e+000,5.000000e-001,5,1,4.842072e-001,0,0,0,
1711743939.752,,0.000000e+000,1.324619e+002,8.400891e-003,0.000000e+000,1.645832e-002,0.000000e+000,3,9.922647e-001,1.825000e+000,,,,,,,,,,,,,,,,,,0,3.000000e+000,5.000000e-001,5,1,5.507050e-001,0,0,0,
1711743969.649,,0.000000e+000,1.333788e+002,8.408570e-003,0.000000e+000,1.627921e-002,0.000000e+000,3,9.922657e-001,1.825000e+000,,,,,,,,,,,,,,,,,,0,3.000000e+000,5.000000e-001,5,1,6.166992e-001,0,0,0,
1711744004.797,,0.000000e+000,1.345719e+002,8.414473e-003,0.000000e+000,1.479520e-002,0.000000e+000,3,9.917139e-001,1.825000e+000,,,,,,,,,,,,,,,,,,0,3.000000e+000,5.000000e-001,5,1,5.462036e-001,0,0,0,
1711744029.187,,0.000000e+000,1.353855e+002,8.424283e-003,0.000000e+000,1.592095e-002,0.000000e+000,3,9.922082e-001,1.825000e+000,,,,,,,,,,,,,,,,,,0,3.000000e+000,5.000000e-001,5,1,5.469971e-001,0,0,0,
1711744060.578,,0.000000e+000,1.364672e+002,8.431825e-003,0.000000e+000,1.566482e-002,0.000000e+000,3,9.922637e-001,1.825000e+000,,,,,,,,,,,,,,,,,,0,3.000000e+000,5.000000e-001,5,1,6.782074e-001,0,0,0,
1711744089.990,,0.000000e+000,1.374780e+002,8.439959e-003,0.000000e+000,1.548406e-002,0.000000e+000,3,9.921921e-001,1.825000e+000,,,,,,,,,,,,,,,,,,0,3.000000e+000,5.000000e-001,5,1,5.465088e-001,0,0,0,
1711744120.631,,0.000000e+000,1.384497e+002,8.447708e-003,0.000000e+000,1.527862e-002,0.000000e+000,3,9.922732e-001,1.825000e+000,,,,,,,,,,,,,,,,,,0,3.000000e+000,5.000000e-001,5,1,6.114044e-001,0,0,0,
1711744147.795,,0.000000e+000,1.393854e+002,8.453783e-003,0.000000e+000,1.518695e-002,0.000000e+000,3,9.922513e-001,1.825000e+000,,,,,,,,,,,,,,,,,,0,3.000000e+000,5.000000e-001,5,1,4.748077e-001,0,0,0,
1711744180.193,,0.000000e+000,1.404595e+002,8.461291e-003,0.000000e+000,1.496167e-002,0.000000e+000,3,9.922873e-001,1.825000e+000,,,,,,,,,,,,,,,,,,0,3.000000e+000,5.000000e-001,5,1,4.704895e-001,0,0,0,
1711744208.582,,0.000000e+000,1.414256e+002,8.468361e-003,0.000000e+000,1.476751e-002,0.000000e+000,3,9.921893e-001,1.825000e+000,,,,,,,,,,,,,,,,,,0,3.000000e+000,5.000000e-001,5,1,5.364990e-001,0,0,0,
1711744241.973,,0.000000e+000,1.424588e+002,8.475677e-003,0.000000e+000,1.456836e-002,0.000000e+000,3,9.922531e-001,1.825000e+000,,,,,,,,,,,,,,,,,,0,3.000000e+000,5.000000e-001,5,1,6.045990e-001,0,0,0,
1711744270.360,,0.000000e+000,1.433804e+002,8.482525e-003,0.000000e+000,1.432859e-002,0.000000e+000,3,9.921664e-001,1.825000e+000,,,,,,,,,,,,,,,,,,0,3.000000e+000,5.000000e-001,5,1,5.915985e-001,0,0,0,
1711744300.759,,0.000000e+000,1.444380e+002,8.489012e-003,0.000000e+000,1.418845e-002,0.000000e+000,3,9.922009e-001,1.825000e+000,,,,,,,,,,,,,,,,,,0,3.000000e+000,5.000000e-001,5,1,5.972900e-001,0,0,0,
1711744333.158,,0.000000e+000,1.455004e+002,8.496989e-003,0.000000e+000,1.404604e-002,0.000000e+000,3,9.920576e-001,1.825000e+000,,,,,,,,,,,,,,,,,,0,3.000000e+000,5.000000e-001,5,1,5.995941e-001,0,0,0,
1711744381.344,,0.000000e+000,1.471786e+002,8.507497e-003,0.000000e+000,1.368405e-002,0.000000e+000,3,9.921609e-001,1.825000e+000,,,,,,,,,,,,,,,,,,0,3.000000e+000,5.000000e-001,5,1,6.595001e-001,0,0,0,
1711744403.479,,0.000000e+000,1.479004e+002,8.511745e-003,0.000000e+000,1.355905e-002,0.000000e+000,3,9.921281e-001,1.825000e+000,,,,,,,,,,,,,,,,,,0,3.000000e+000,5.000000e-001,5,1,6.537018e-001,0,0,0,
1711744426.615,,0.000000e+000,1.486855e+002,8.516905e-003,0.000000e+000,1.342325e-002,0.000000e+000,3,9.921038e-001,1.825000e+000,,,,,,,,,,,,,,,,,,0,3.000000e+000,5.000000e-001,5,1,6.540985e-001,0,0,0,
1711744450.010,,0.000000e+000,1.494664e+002,8.521894e-003,0.000000e+000,1.322493e-002,0.000000e+000,3,9.920855e-001,1.825000e+000,,,,,,,,,,,,,,,,,,0,3.000000e+000,5.000000e-001,5,1,6.543884e-001,0,0,0,
1711744480.682,,0.000000e+000,1.504722e+002,8.527382e-003,0.000000e+000,1.307948e-002,0.000000e+000,3,9.920925e-001,1.825000e+000,,,,,,,,,,,,,,,,,,0,3.000000e+000,5.000000e-001,5,1,5.888977e-001,0,0,0,
1711744506.812,,0.000000e+000,1.513170e+002,8.531863e-003,0.000000e+000,1.288779e-002,0.000000e+000,3,9.920955e-001,1.825000e+000,,,,,,,,,,,,,,,,,,0,3.000000e+000,5.000000e-001,5,1,5.827026e-001,0,0,0,
1711744541.959,,0.000000e+000,1.524847e+002,8.538627e-003,0.000000e+000,1.254084e-002,0.000000e+000,3,9.921339e-001,1.825000e+000,,,,,,,,,,,,,,,,,,0,3.000000e+000,5.000000e-001,5,1,7.167969e-001,0,0,0,
1711744569.601,,0.000000e+000,1.534839e+002,8.543211e-003,0.000000e+000,1.237705e-002,0.000000e+000,3,9.921138e-001,1.825000e+000,,,,,,,,,,,,,,,,,,0,3.000000e+000,5.000000e-001,5,1,6.491089e-001,0,0,0,
1711744600.486,,0.000000e+000,1.544825e+002,8.548440e-003,0.000000e+000,1.232642e-002,0.000000e+000,3,9.921024e-001,1.825000e+000,,,,,,,,,,,,,,,,,,0,3.000000e+000,5.000000e-001,5,1,5.924988e-001,0,1,0,
1711744633.443,,0.000000e+000,1.554967e+002,8.555152e-003,0.000000e+000,1.227036e-002,0.000000e+000,3,9.921074e-001,1.825000e+000,,,,,,,,,,,,,,,,,,0,3.000000e+000,5.000000e-001,5,1,6.194000e-001,0,1,0,
1711744658.521,,0.000000e+000,1.563712e+002,8.559802e-003,0.000000e+000,1.209828e-002,0.000000e+000,3,9.921522e-001,1.825000e+000,,,,,,,,,,,,,,,,,,0,3.000000e+000,5.000000e-001,5,1,4.743042e-001,0,1,0,
1711744691.462,,0.000000e+000,1.574921e+002,8.564333e-003,0.000000e+000,1.181166e-002,0.000000e+000,3,9.920675e-001,1.825000e+000,,,,,,,,,,,,,,,,,,0,3.000000e+000,5.000000e-001,5,1,5.473022e-001,0,1,0,
1711744720.858,,0.000000e+000,1.584758e+002,8.569534e-003,0.000000e+000,1.171857e-002,0.000000e+000,3,9.920814e-001,1.825000e+000,,,,,,,,,,,,,,,,,,0,3.000000e+000,5.000000e-001,5,1,6.145020e-001,0,1,0,
1711744749.531,,0.000000e+000,1.594297e+002,8.574042e-003,0.000000e+000,1.155159e-002,0.000000e+000,3,9.920493e-001,1.825000e+000,,,,,,,,,,,,,,,,,,0,3.000000e+000,5.000000e-001,5,1,6.145020e-001,0,1,0,
1711744779.179,,0.000000e+000,1.603841e+002,8.579072e-003,0.000000e+000,1.144741e-002,0.000000e+000,3,9.919998e-001,1.825000e+000,,,,,,,,,,,,,,,,,,0,3.000000e+000,5.000000e-001,5,1,6.075897e-001,0,1,0,
1711744808.325,,0.000000e+000,1.613351e+002,8.585030e-003,0.000000e+000,1.132332e-002,0.000000e+000,3,9.921100e-001,1.825000e+000,,,,,,,,,,,,,,,,,,0,3.000000e+000,5.000000e-001,5,1,6.143036e-001,0,1,0,
1711744839.384,,0.000000e+000,1.623596e+002,8.590703e-003,0.000000e+000,1.115629e-002,0.000000e+000,3,9.920759e-001,1.825000e+000,,,,,,,,,,,,,,,,,,0,3.000000e+000,5.000000e-001,5,1,6.217041e-001,0,1,0,
1711744868.563,,0.000000e+000,1.634081e+002,8.760640e-003,0.000000e+000,3.570435e-002,0.000000e+000,3,9.620062e-001,1.825000e+000,,,,,,,,,,,,,,,,,,0,3.000000e+000,5.000000e-001,5,1,6.936035e-001,0,1,0,
1711744901.462,,0.000000e+000,1.644946e+002,8.598693e-003,0.000000e+000,1.081327e-002,0.000000e+000,3,9.920667e-001,1.825000e+000,,,,,,,,,,,,,,,,,,0,3.000000e+000,5.000000e-001,5,1,6.733093e-001,0,0,0,
1711744929.597,,0.000000e+000,1.654370e+002,8.603777e-003,0.000000e+000,1.074212e-002,0.000000e+000,3,9.919052e-001,1.825000e+000,,,,,,,,,,,,,,,,,,0,3.000000e+000,5.000000e-001,5,1,5.415955e-001,0,0,0,
1711744961.243,,0.000000e+000,1.665123e+002,8.608207e-003,0.000000e+000,1.057333e-002,0.000000e+000,3,9.920799e-001,1.825000e+000,,,,,,,,,,,,,,,,,,0,3.000000e+000,5.000000e-001,5,1,6.668091e-001,0,0,0,
1711745008.422,,0.000000e+000,1.680516e+002,8.614284e-003,0.000000e+000,1.038675e-002,0.000000e+000,3,9.920319e-001,1.825000e+000,,,,,,,,,,,,,,,,,,0,3.000000e+000,5.000000e-001,5,1,5.428009e-001,0,0,0,
1711745029.803,,0.000000e+000,1.687820e+002,8.616191e-003,0.000000e+000,1.039331e-002,0.000000e+000,3,9.919447e-001,1.825000e+000,,,,,,,,,,,,,,,,,,0,3.000000e+000,5.000000e-001,5,1,5.244904e-001,0,0,0,
1711745053.223,,0.000000e+000,1.695760e+002,8.619303e-003,0.000000e+000,1.022131e-002,0.000000e+000,3,9.920309e-001,1.825000e+000,,,,,,,,,,,,,,,,,,0,3.000000e+000,5.000000e-001,5,1,5.290985e-001,0,0,0,
1711745080.367,,0.000000e+000,1.704702e+002,8.622446e-003,0.000000e+000,1.002105e-002,0.000000e+000,3,9.920027e-001,1.825000e+000,,,,,,,,,,,,,,,,,,0,3.000000e+000,5.000000e-001,5,1,7.201996e-001,0,0,0,
1711745106.176,,0.000000e+000,1.713532e+002,8.626228e-003,0.000000e+000,9.903874e-003,0.000000e+000,3,9.921070e-001,1.825000e+000,,,,,,,,,,,,,,,,,,0,3.000000e+000,5.000000e-001,5,1,5.317993e-001,0,0,0,
1711745141.822,,0.000000e+000,1.724747e+002,8.628762e-003,0.000000e+000,9.672358e-003,0.000000e+000,3,9.921919e-001,1.825000e+000,,,,,,,,,,,,,,,,,,0,3.000000e+000,5.000000e-001,5,1,6.571960e-001,0,0,0,
1711745171.463,,0.000000e+000,1.734578e+002,8.632380e-003,0.000000e+000,9.522355e-003,0.000000e+000,3,9.919943e-001,1.825000e+000,,,,,,,,,,,,,,,,,,0,3.000000e+000,5.000000e-001,5,1,6.562042e-001,0,0,0,
1711745198.104,,0.000000e+000,1.744432e+002,8.635289e-003,0.000000e+000,9.360199e-003,0.000000e+000,3,9.920748e-001,1.825000e+000,,,,,,,,,,,,,,,,,,0,3.000000e+000,5.000000e-001,5,1,5.258026e-001,0,0,0,
1711745228.239,,0.000000e+000,1.754559e+002,8.637415e-003,0.000000e+000,9.141954e-003,0.000000e+000,3,9.920864e-001,1.825000e+000,,,,,,,,,,,,,,,,,,0,3.000000e+000,5.000000e-001,5,1,5.888062e-001,0,0,0,
1711745255.556,,0.000000e+000,1.763928e+002,8.640185e-003,0.000000e+000,9.086518e-003,0.000000e+000,3,9.919845e-001,1.825000e+000,,,,,,,,,,,,,,,,,,0,3.000000e+000,5.000000e-001,5,1,5.121002e-001,0,0,0,
1711745289.198,,0.000000e+000,1.774730e+002,8.643086e-003,0.000000e+000,8.832258e-003,0.000000e+000,3,9.919372e-001,1.825000e+000,,,,,,,,,,,,,,,,,,0,3.000000e+000,5.000000e-001,5,1,5.850067e-001,0,0,0,
1711745320.512,,0.000000e+000,1.784728e+002,8.646014e-003,0.000000e+000,8.762508e-003,0.000000e+000,3,9.920376e-001,1.825000e+000,,,,,,,,,,,,,,,,,,0,3.000000e+000,5.000000e-001,5,1,6.587982e-001,0,0,0,
1711745349.134,,0.000000e+000,1.794406e+002,8.647943e-003,0.000000e+000,8.493425e-003,0.000000e+000,3,9.920723e-001,1.825000e+000,,,,,,,,,,,,,,,,,,0,3.000000e+000,5.000000e-001,5,1,6.484985e-001,0,0,0,
1711745379.779,,0.000000e+000,1.804744e+002,8.650345e-003,0.000000e+000,8.233547e-003,0.000000e+000,3,9.919778e-001,1.825000e+000,,,,,,,,,,,,,,,,,,0,3.000000e+000,5.000000e-001,5,1,6.470032e-001,0,0,0,
1711745408.920,,0.000000e+000,1.814410e+002,8.651378e-003,0.000000e+000,8.083103e-003,0.000000e+000,3,9.920796e-001,1.825000e+000,,,,,,,,,,,,,,,,,,0,3.000000e+000,5.000000e-001,5,1,6.447906e-001,0,0,0,
1711745438.310,,0.000000e+000,1.824037e+002,8.652990e-003,0.000000e+000,7.896999e-003,0.000000e+000,3,9.921280e-001,1.825000e+000,,,,,,,,,,,,,,,,,,0,3.000000e+000,5.000000e-001,5,1,6.501007e-001,0,0,0,
1711745470.959,,0.000000e+000,1.834873e+002,8.655598e-003,0.000000e+000,7.679818e-003,0.000000e+000,3,9.920967e-001,1.825000e+000,,,,,,,,,,,,,,,,,,0,3.000000e+000,5.000000e-001,5,1,6.320038e-001,0,0,0,
1711745498.106,,0.000000e+000,1.844758e+002,8.656594e-003,0.000000e+000,7.547898e-003,0.000000e+000,3,9.920767e-001,1.825000e+000,,,,,,,,,,,,,,,,,,0,3.000000e+000,5.000000e-001,5,1,5.755005e-001,0,0,0,
1711745529.538,,0.000000e+000,1.854655e+002,8.657421e-003,0.000000e+000,7.297705e-003,0.000000e+000,3,9.920679e-001,1.825000e+000,,,,,,,,,,,,,,,,,,0,3.000000e+000,5.000000e-001,5,1,6.449890e-001,0,0,0,
1711745558.463,,0.000000e+000,1.864514e+002,8.658614e-003,0.000000e+000,7.090316e-003,0.000000e+000,3,9.920558e-001,1.825000e+000,,,,,,,,,,,,,,,,,,0,3.000000e+000,5.000000e-001,5,1,5.780029e-001,0,0,0,
1711745608.191,,0.000000e+000,1.880655e+002,8.661057e-003,0.000000e+000,6.868683e-003,0.000000e+000,3,9.920046e-001,1.825000e+000,,,,,,,,,,,,,,,,,,0,3.000000e+000,5.000000e-001,5,1,4.664001e-001,0,1,0,
1711745630.823,,0.000000e+000,1.888286e+002,8.661886e-003,0.000000e+000,6.619155e-003,0.000000e+000,3,9.920346e-001,1.825000e+000,,,,,,,,,,,,,,,,,,0,3.000000e+000,5.000000e-001,5,1,5.356903e-001,0,1,0,
1711745652.458,,0.000000e+000,1.895315e+002,8.663164e-003,0.000000e+000,6.559416e-003,0.000000e+000,3,9.920493e-001,1.825000e+000,,,,,,,,,,,,,,,,,,0,3.000000e+000,5.000000e-001,5,1,6.057892e-001,0,1,0,
1711745682.121,,0.000000e+000,1.905301e+002,8.664612e-003,0.000000e+000,6.350921e-003,0.000000e+000,3,9.921115e-001,1.825000e+000,,,,,,,,,,,,,,,,,,0,3.000000e+000,5.000000e-001,5,1,4.779968e-001,0,1,0,
1711745711.012,,0.000000e+000,1.915005e+002,8.663597e-003,0.000000e+000,6.164295e-003,0.000000e+000,3,9.921649e-001,1.825000e+000,,,,,,,,,,,,,,,,,,0,3.000000e+000,5.000000e-001,5,1,5.406036e-001,0,1,0,
1711745738.901,,0.000000e+000,1.924363e+002,8.663625e-003,0.000000e+000,6.021246e-003,0.000000e+000,3,9.921191e-001,1.825000e+000,,,,,,,,,,,,,,,,,,0,3.000000e+000,5.000000e-001,5,1,5.359039e-001,0,1,0,
1711745767.545,,0.000000e+000,1.933416e+002,8.664967e-003,0.000000e+000,5.767462e-003,0.000000e+000,3,9.921231e-001,1.825000e+000,,,,,,,,,,,,,,,,,,0,3.000000e+000,5.000000e-001,5,1,5.897980e-001,0,1,0,
1711745797.188,,0.000000e+000,1.943443e+002,8.664903e-003,0.000000e+000,5.625995e-003,0.000000e+000,3,9.921572e-001,1.825000e+000,,,,,,,,,,,,,,,,,,0,3.000000e+000,5.000000e-001,5,1,5.858002e-001,0,1,0,
1711745826.102,,0.000000e+000,1.953919e+002,8.665479e-003,0.000000e+000,5.339380e-003,0.000000e+000,3,9.921072e-001,1.825000e+000,,,,,,,,,,,,,,,,,,0,3.000000e+000,5.000000e-001,5,1,5.316010e-001,0,1,0,
1711745859.497,,0.000000e+000,1.964203e+002,8.666385e-003,0.000000e+000,5.150300e-003,0.000000e+000,3,9.919800e-001,1.825000e+000,,,,,,,,,,,,,,,,,,0,3.000000e+000,5.000000e-001,5,1,7.395020e-001,0,1,0,
1711745891.402,,0.000000e+000,1.974841e+002,8.666729e-003,0.000000e+000,5.082755e-003,0.000000e+000,3,9.920028e-001,1.825000e+000,,,,,,,,,,,,,,,,,,0,3.000000e+000,5.000000e-001,5,1,5.935974e-001,0,0,0,
1711745921.560,,0.000000e+000,1.984660e+002,8.666381e-003,0.000000e+000,4.894785e-003,0.000000e+000,3,9.919769e-001,1.825000e+000,,,,,,,,,,,,,,,,,,0,3.000000e+000,5.000000e-001,5,1,5.888977e-001,0,0,0,
1711745947.202,,0.000000e+000,1.994260e+002,8.667284e-003,0.000000e+000,4.646377e-003,0.000000e+000,3,9.919922e-001,1.825000e+000,,,,,,,,,,,,,,,,,,0,3.000000e+000,5.000000e-001,5,1,5.214081e-001,0,0,0,
1711745975.594,,0.000000e+000,2.003056e+002,8.667092e-003,0.000000e+000,4.518684e-003,0.000000e+000,3,9.920094e-001,1.825000e+000,,,,,,,,,,,,,,,,,,0,3.000000e+000,5.000000e-001,5,1,5.888062e-001,0,0,0,
1711746010.505,,0.000000e+000,2.014101e+002,8.668027e-003,0.000000e+000,4.259947e-003,0.000000e+000,3,9.918650e-001,1.825000e+000,,,,,,,,,,,,,,,,,,0,3.000000e+000,5.000000e-001,5,1,5.843964e-001,0,0,0,
1711746039.144,,0.000000e+000,2.024618e+002,8.666844e-003,0.000000e+000,4.252363e-003,0.000000e+000,3,9.920087e-001,1.825000e+000,,,,,,,,,,,,,,,,,,0,3.000000e+000,5.000000e-001,5,1,5.793915e-001,0,0,0,
1711746073.093,,0.000000e+000,2.035836e+002,8.666970e-003,0.000000e+000,4.036350e-003,0.000000e+000,3,9.920124e-001,1.825000e+000,,,,,,,,,,,,,,,,,,0,3.000000e+000,5.000000e-001,5,1,5.204926e-001,0,0,0,
1711746100.227,,0.000000e+000,2.045203e+002,8.667883e-003,0.000000e+000,3.779741e-003,0.000000e+000,3,9.920503e-001,1.825000e+000,,,,,,,,,,,,,,,,,,0,3.000000e+000,5.000000e-001,5,1,5.688019e-001,0,0,0,
1711746128.411,,0.000000e+000,2.054763e+002,8.665848e-003,0.000000e+000,3.669849e-003,0.000000e+000,3,9.920873e-001,1.825000e+000,,,,,,,,,,,,,,,,,,0,3.000000e+000,5.000000e-001,5,1,5.738983e-001,0,0,0,
1711746156.809,,0.000000e+000,2.064261e+002,8.664771e-003,0.000000e+000,3.612703e-003,0.000000e+000,3,9.921364e-001,1.825000e+000,,,,,,,,,,,,,,,,,,0,3.000000e+000,5.000000e-001,5,1,4.389038e-001,0,0,0,
1711746209.489,,0.000000e+000,2.081463e+002,8.662621e-003,0.000000e+000,3.331547e-003,0.000000e+000,3,9.921686e-001,1.825000e+000,,,,,,,,,,,,,,,,,,0,3.000000e+000,5.000000e-001,5,1,5.772095e-001,0,0,0,
1711746231.891,,0.000000e+000,2.089016e+002,8.662201e-003,0.000000e+000,3.246665e-003,0.000000e+000,3,9.920270e-001,1.825000e+000,,,,,,,,,,,,,,,,,,0,3.000000e+000,5.000000e-001,5,1,5.699005e-001,0,0,0,
1711746254.546,,0.000000e+000,2.095761e+002,8.661604e-003,0.000000e+000,3.146542e-003,0.000000e+000,3,9.921107e-001,1.825000e+000,,,,,,,,,,,,,,,,,,0,3.000000e+000,5.000000e-001,5,1,5.276947e-001,0,0,0,
1711746278.694,,0.000000e+000,2.104026e+002,8.660277e-003,0.000000e+000,2.850182e-003,0.000000e+000,3,9.921097e-001,1.825000e+000,,,,,,,,,,,,,,,,,,0,3.000000e+000,5.000000e-001,5,1,7.223053e-001,0,0,0,
1711746311.116,,0.000000e+000,2.114915e+002,8.658794e-003,0.000000e+000,2.947959e-003,0.000000e+000,3,9.920102e-001,1.825000e+000,,,,,,,,,,,,,,,,,,0,3.000000e+000,5.000000e-001,5,1,6.538086e-001,0,0,0,
1711746344.048,,0.000000e+000,2.126357e+002,8.655605e-003,0.000000e+000,2.771665e-003,0.000000e+000,3,9.921337e-001,1.825000e+000,,,,,,,,,,,,,,,,,,0,3.000000e+000,5.000000e-001,5,1,5.899048e-001,0,0,0,
1711746370.629,,0.000000e+000,2.134410e+002,8.654192e-003,0.000000e+000,2.672401e-003,0.000000e+000,3,9.920865e-001,1.825000e+000,,,,,,,,,,,,,,,,,,0,3.000000e+000,5.000000e-001,5,1,6.537018e-001,0,0,0,
1711746400.504,,0.000000e+000,2.145099e+002,8.651462e-003,0.000000e+000,2.651967e-003,0.000000e+000,3,9.921128e-001,1.825000e+000,,,,,,,,,,,,,,,,,,0,3.000000e+000,5.000000e-001,5,1,5.760956e-001,0,0,0,
1711746429.914,,0.000000e+000,2.155076e+002,8.645940e-003,0.000000e+000,2.420185e-003,0.000000e+000,3,9.920520e-001,1.825000e+000,,,,,,,,,,,,,,,,,,0,3.000000e+000,5.000000e-001,5,1,6.358032e-001,0,0,0,
1711746458.252,,0.000000e+000,2.164594e+002,8.643887e-003,0.000000e+000,2.272880e-003,0.000000e+000,3,9.919987e-001,1.825000e+000,,,,,,,,,,,,,,,,,,0,3.000000e+000,5.000000e-001,5,1,6.351929e-001,0,0,0,
1711746488.139,,0.000000e+000,2.174470e+002,8.642420e-003,0.000000e+000,2.208176e-003,0.000000e+000,3,9.919644e-001,1.825000e+000,,,,,,,,,,,,,,,,,,0,3.000000e+000,5.000000e-001,5,1,5.792084e-001,0,0,0,
1711746516.556,,0.000000e+000,2.183595e+002,8.639577e-003,0.000000e+000,2.164977e-003,0.000000e+000,3,9.919272e-001,1.825000e+000,,,,,,,,,,,,,,,,,,0,3.000000e+000,5.000000e-001,5,1,4.783936e-001,0,1,0,
1711746548.728,,0.000000e+000,2.193926e+002,8.637150e-003,0.000000e+000,1.994918e-003,0.000000e+000,3,9.919451e-001,1.825000e+000,,,,,,,,,,,,,,,,,,0,3.000000e+000,5.000000e-001,5,1,6.269073e-001,0,1,0,
1711746578.143,,0.000000e+000,2.203878e+002,8.634154e-003,0.000000e+000,2.004664e-003,0.000000e+000,3,9.920452e-001,1.825000e+000,,,,,,,,,,,,,,,,,,0,3.000000e+000,5.000000e-001,5,1,6.958008e-001,0,1,0,
1711746608.798,,0.000000e+000,2.214553e+002,8.630770e-003,0.000000e+000,1.908669e-003,0.000000e+000,3,9.920698e-001,1.825000e+000,,,,,,,,,,,,,,,,,,0,3.000000e+000,5.000000e-001,5,1,4.853058e-001,0,1,0,
1711746635.605,,0.000000e+000,2.223304e+002,8.629533e-003,0.000000e+000,1.768854e-003,0.000000e+000,3,9.920582e-001,1.825000e+000,,,,,,,,,,,,,,,,,,0,3.000000e+000,5.000000e-001,5,1,6.499023e-001,0,1,0,
1711746668.748,,0.000000e+000,2.234781e+002,8.624170e-003,0.000000e+000,2.674522e-003,0.000000e+000,3,9.907858e-001,1.825000e+000,,,,,,,,,,,,,,,,,,0,3.000000e+000,5.000000e-001,5,1,5.198975e-001,0,1,0,
1711746698.438,,0.000000e+000,2.244409e+002,8.620850e-003,0.000000e+000,1.557827e-003,0.000000e+000,3,9.920752e-001,1.825000e+000,,,,,,,,,,,,,,,,,,0,3.000000e+000,5.000000e-001,5,1,5.832977e-001,0,1,0,
1711746728.090,,0.000000e+000,2.254448e+002,8.617486e-003,0.000000e+000,1.514797e-003,0.000000e+000,3,9.919544e-001,1.825000e+000,,,,,,,,,,,,,,,,,,0,3.000000e+000,5.000000e-001,5,1,5.818024e-001,0,1,0,
1711746757.681,,0.000000e+000,2.264508e+002,8.613488e-003,0.000000e+000,1.328028e-003,0.000000e+000,3,9.920946e-001,1.825000e+000,,,,,,,,,,,,,,,,,,0,3.000000e+000,5.000000e-001,5,1,5.802002e-001,0,1,0,
1711746785.869,,0.000000e+000,2.274117e+002,8.609392e-003,0.000000e+000,1.275209e-003,0.000000e+000,3,9.920424e-001,1.825000e+000,,,,,,,,,,,,,,,,,,0,3.000000e+000,5.000000e-001,5,1,4.976044e-001,0,0,0,
1711746829.549,,0.000000e+000,2.288597e+002,8.602806e-003,0.000000e+000,1.100808e-003,0.000000e+000,3,9.920449e-001,1.825000e+000,,,,,,,,,,,,,,,,,,0,3.000000e+000,5.000000e-001,5,1,5.581970e-001,0,0,0,
1711746853.950,,0.000000e+000,2.296006e+002,8.600622e-003,0.000000e+000,1.096690e-003,0.000000e+000,3,9.921533e-001,1.825000e+000,,,,,,,,,,,,,,,,,,0,3.000000e+000,5.000000e-001,5,1,5.137939e-001,0,0,0,
1711746876.086,,0.000000e+000,2.303775e+002,8.596861e-003,0.000000e+000,8.527607e-004,0.000000e+000,3,9.920591e-001,1.825000e+000,,,,,,,,,,,,,,,,,,0,3.000000e+000,5.000000e-001,5,1,6.275940e-001,0,0,0,
1711746908.058,,0.000000e+000,2.314616e+002,8.593262e-003,0.000000e+000,7.497406e-004,0.000000e+000,3,9.920865e-001,1.825000e+000,,,,,,,,,,,,,,,,,,0,3.000000e+000,5.000000e-001,5,1,5.706940e-001,0,0,0,
1711746939.021,,0.000000e+000,2.324364e+002,8.588235e-003,0.000000e+000,6.352552e-004,0.000000e+000,3,9.921295e-001,1.825000e+000,,,,,,,,,,,,,,,,,,0,3.000000e+000,5.000000e-001,5,1,5.682983e-001,0,0,0,
1711746971.429,,0.000000e+000,2.335489e+002,8.582821e-003,0.000000e+000,5.284998e-004,0.000000e+000,3,9.920810e-001,1.825000e+000,,,,,,,,,,,,,,,,,,0,3.000000e+000,5.000000e-001,5,1,6.869965e-001,0,0,0,
1711746997.837,,0.000000e+000,2.344090e+002,8.578665e-003,0.000000e+000,4.312161e-004,0.000000e+000,3,9.920585e-001,1.825000e+000,,,,,,,,,,,,,,,,,,0,3.000000e+000,5.000000e-001,5,1,6.206970e-001,0,0,0,
1711747027.996,,0.000000e+000,2.353724e+002,8.573357e-003,0.000000e+000,3.011118e-004,0.000000e+000,3,9.920498e-001,1.825000e+000,,,,,,,,,,,,,,,,,,0,3.000000e+000,5.000000e-001,5,1,6.186066e-001,0,0,0,
1711747055.653,,0.000000e+000,2.363654e+002,8.568765e-003,0.000000e+000,1.712096e-004,0.000000e+000,3,9.920417e-001,1.825000e+000,,,,,,,,,,,,,,,,,,0,3.000000e+000,5.000000e-001,5,1,5.584106e-001,0,0,0,
1711747088.323,,0.000000e+000,2.374290e+002,8.562361e-003,0.000000e+000,8.006097e-008,0.000000e+000,3,9.920644e-001,1.825000e+000,,,,,,,,,,,,,,,,,,0,3.000000e+000,5.000000e-001,5,1,6.219025e-001,0,0,0,
1711747119.735,,0.000000e+000,2.384427e+002,8.557281e-003,0.000000e+000,-7.389955e-005,0.000000e+000,3,9.920022e-001,1.825000e+000,,,,,,,,,,,,,,,,,,0,3.000000e+000,5.000000e-001,5,1,4.944000e-001,0,0,0,
1711747145.646,,0.000000e+000,2.393239e+002,8.552333e-003,0.000000e+000,-1.418097e-004,0.000000e+000,3,9.920655e-001,1.825000e+000,,,,,,,,,,,,,,,,,,0,3.000000e+000,5.000000e-001,5,1,4.830933e-001,0,0,0,
1711747181.307,,0.000000e+000,2.405116e+002,8.545069e-003,0.000000e+000,-2.885571e-004,0.000000e+000,3,9.921349e-001,1.825000e+000,,,,,,,,,,,,,,,,,,0,3.000000e+000,5.000000e-001,5,1,6.828918e-001,0,0,0,
1711747208.709,,0.000000e+000,2.414193e+002,8.541768e-003,0.000000e+000,-3.661650e-004,0.000000e+000,3,9.920880e-001,1.825000e+000,,,,,,,,,,,,,,,,,,0,3.000000e+000,5.000000e-001,5,1,7.409058e-001,0,0,0,
1711747240.879,,0.000000e+000,2.424895e+002,8.535943e-003,0.000000e+000,-4.550117e-004,0.000000e+000,3,9.921248e-001,1.825000e+000,,,,,,,,,,,,,,,,,,0,3.000000e+000,5.000000e-001,5,1,4.729004e-001,0,0,0,
1711747272.202,,0.000000e+000,2.434928e+002,8.530451e-003,0.000000e+000,-6.243916e-004,0.000000e+000,3,9.920208e-001,1.825000e+000,,,,,,,,,,,,,,,,,,0,3.000000e+000,5.000000e-001,5,1,5.997009e-001,0,0,0,
1711747303.628,,0.000000e+000,2.446204e+002,8.523861e-003,0.000000e+000,-7.271181e-004,0.000000e+000,3,9.920801e-001,1.825000e+000,,,,,,,,,,,,,,,,,,0,3.000000e+000,5.000000e-001,5,1,5.897064e-001,0,0,0,
1711747326.534,,0.000000e+000,2.453752e+002,8.519929e-003,0.000000e+000,-7.980490e-004,0.000000e+000,3,9.921001e-001,1.825000e+000,,,,,,,,,,,,,,,,,,0,3.000000e+000,5.000000e-001,5,1,5.307007e-001,0,0,0,
1711747359.198,,0.000000e+000,2.464374e+002,8.512003e-003,0.000000e+000,-9.280576e-004,0.000000e+000,3,9.921662e-001,1.825000e+000,,,,,,,,,,,,,,,,,,0,3.000000e+000,5.000000e-001,5,1,6.375885e-001,0,0,0,
1711747388.660,,0.000000e+000,2.474291e+002,8.507964e-003,0.000000e+000,-9.167911e-004,0.000000e+000,3,9.920999e-001,1.825000e+000,,,,,,,,,,,,,,,,,,0,3.000000e+000,5.000000e-001,5,1,5.395050e-001,0,1,0,
1711747436.593,,0.000000e+000,2.490422e+002,8.497139e-003,0.000000e+000,-1.084460e-003,0.000000e+000,3,9.921753e-001,1.825000e+000,,,,,,,,,,,,,,,,,,0,3.000000e+000,5.000000e-001,5,1,5.785980e-001,0,1,0,
1711747459.741,,0.000000e+000,2.497513e+002,8.493083e-003,0.000000e+000,-1.148743e-003,0.000000e+000,3,9.920306e-001,1.825000e+000,,,,,,,,,,,,,,,,,,0,3.000000e+000,5.000000e-001,5,1,5.656891e-001,0,1,0,
1711747479.184,,0.000000e+000,2.504484e+002,8.487941e-003,0.000000e+000,-1.182052e-003,0.000000e+000,3,9.920421e-001,1.825000e+000,,,,,,,,,,,,,,,,,,0,3.000000e+000,5.000000e-001,5,1,6.988068e-001,0,1,0,
1711747511.397,,0.000000e+000,2.514722e+002,8.480758e-003,0.000000e+000,-1.251116e-003,0.000000e+000,3,9.919916e-001,1.825000e+000,,,,,,,,,,,,,,,,,,0,3.000000e+000,5.000000e-001,5,1,6.306000e-001,0,1,0,
1711747542.817,,0.000000e+000,2.525622e+002,8.472275e-003,0.000000e+000,-1.198928e-003,0.000000e+000,3,9.920668e-001,1.825000e+000,,,,,,,,,,,,,,,,,,0,3.000000e+000,5.000000e-001,5,1,7.104034e-001,0,1,0,
1711747568.472,,0.000000e+000,2.533826e+002,8.465148e-003,0.000000e+000,-1.119766e-003,0.000000e+000,3,9.920982e-001,1.825000e+000,,,,,,,,,,,,,,,,,,0,3.000000e+000,5.000000e-001,5,1,6.318970e-001,0,1,0,
1711747600.814,,0.000000e+000,2.545139e+002,8.457426e-003,0.000000e+000,-1.195001e-003,0.000000e+000,3,9.920993e-001,1.825000e+000,,,,,,,,,,,,,,,,,,0,3.000000e+000,5.000000e-001,5,1,6.289978e-001,0,1,0,
1711747630.698,,0.000000e+000,2.554693e+002,8.450135e-003,0.000000e+000,-1.174642e-003,0.000000e+000,3,9.920914e-001,1.825000e+000,,,,,,,,,,,,,,,,,,0,3.000000e+000,5.000000e-001,5,1,5.744934e-001,0,1,0,
1711747658.107,,0.000000e+000,2.564232e+002,8.375013e-003,0.000000e+000,-8.876912e-003,0.000000e+000,3,9.444683e-001,1.825000e+000,,,,,,,,,,,,,,,,,,0,3.000000e+000,5.000000e-001,5,1,6.212769e-001,0,1,0,
1711747686.453,,0.000000e+000,2.574055e+002,8.435664e-003,0.000000e+000,-1.107802e-003,0.000000e+000,3,9.919329e-001,1.825000e+000,,,,,,,,,,,,,,,,,,0,3.000000e+000,5.000000e-001,5,1,4.887085e-001,0,0,0,
1711747717.751,,0.000000e+000,2.584429e+002,8.427321e-003,0.000000e+000,-9.999452e-004,0.000000e+000,3,9.919979e-001,1.825000e+000,,,,,,,,,,,,,,,,,,0,3.000000e+000,5.000000e-001,5,1,5.013123e-001,0,0,0,
1711747747.879,,0.000000e+000,2.594144e+002,8.418282e-003,0.000000e+000,-1.011269e-003,0.000000e+000,3,9.919891e-001,1.825000e+000,,,,,,,,,,,,,,,,,,0,3.000000e+000,5.000000e-001,5,1,4.875183e-001,0,0,0,
1711747776.790,,0.000000e+000,2.603581e+002,8.409749e-003,0.000000e+000,-1.154677e-003,0.000000e+000,3,9.920172e-001,1.825000e+000,,,,,,,,,,,,,,,,,,0,3.000000e+000,5.000000e-001,5,1,5.611877e-001,0,0,0,
1711747811.210,,0.000000e+000,2.615603e+002,8.399399e-003,0.000000e+000,-9.945737e-004,0.000000e+000,3,9.921550e-001,1.825000e+000,,,,,,,,,,,,,,,,,,0,3.000000e+000,5.000000e-001,5,1,4.866028e-001,0,0,0,
1711747835.359,,0.000000e+000,2.623503e+002,8.392933e-003,0.000000e+000,-1.016552e-003,0.000000e+000,3,9.920478e-001,1.825000e+000,,,,,,,,,,,,,,,,,,0,3.000000e+000,5.000000e-001,5,1,6.498108e-001,0,0,0,
1711747866.691,,0.000000e+000,2.633668e+002,8.383013e-003,0.000000e+000,-8.790082e-004,0.000000e+000,3,9.920630e-001,1.825000e+000,,,,,,,,,,,,,,,,,,0,3.000000e+000,5.000000e-001,5,1,3.999023e-001,0,0,0,
1711747897.816,,0.000000e+000,2.644286e+002,8.373920e-003,0.000000e+000,-8.941580e-004,0.000000e+000,3,9.920247e-001,1.825000e+000,,,,,,,,,,,,,,,,,,0,3.000000e+000,5.000000e-001,5,1,5.523071e-001,0,0,0,
1711747928.728,,0.000000e+000,2.653967e+002,8.362946e-003,0.000000e+000,-8.093064e-004,0.000000e+000,3,9.920281e-001,1.825000e+000,,,,,,,,,,,,,,,,,,0,3.000000e+000,5.000000e-001,5,1,5.657959e-001,0,0,0,
1711747958.133,,0.000000e+000,2.664277e+002,8.354339e-003,0.000000e+000,-8.111334e-004,0.000000e+000,3,9.920192e-001,1.825000e+000,,,,,,,,,,,,,,,,,,0,3.000000e+000,5.000000e-001,5,1,5.613098e-001,0,0,0,
1711747989.325,,0.000000e+000,2.674535e+002,8.343237e-003,0.000000e+000,-9.925056e-004,0.000000e+000,3,9.919212e-001,1.825000e+000,,,,,,,,,,,,,,,,,,0,3.000000e+000,5.000000e-001,5,1,6.773071e-001,0,0,0,
1711748032.245,,0.000000e+000,2.688857e+002,8.327208e-003,0.000000e+000,-6.783102e-004,0.000000e+000,3,9.920430e-001,1.825000e+000,,,,,,,,,,,,,,,,,,0,3.000000e+000,5.000000e-001,5,1,6.007080e-001,0,0,0,
1711748054.203,,0.000000e+000,2.696483e+002,8.321666e-003,0.000000e+000,-7.052801e-004,0.000000e+000,3,9.921758e-001,1.825000e+000,,,,,,,,,,,,,,,,,,0,3.000000e+000,5.000000e-001,5,1,6.609802e-001,0,0,0,
1711748078.102,,0.000000e+000,2.704488e+002,8.313982e-003,0.000000e+000,-7.186768e-004,0.000000e+000,3,9.920397e-001,1.825000e+000,,,,,,,,,,,,,,,,,,0,3.000000e+000,5.000000e-001,5,1,6.557007e-001,0,0,0,
1711748106.509,,0.000000e+000,2.714072e+002,8.303539e-003,0.000000e+000,-7.126745e-004,0.000000e+000,3,9.920444e-001,1.825000e+000,,,,,,,,,,,,,,,,,,0,3.000000e+000,5.000000e-001,5,1,4.787292e-001,0,0,0,
1711748137.209,,0.000000e+000,2.723826e+002,8.294026e-003,0.000000e+000,-6.019565e-004,0.000000e+000,3,9.921011e-001,1.825000e+000,,,,,,,,,,,,,,,,,,0,3.000000e+000,5.000000e-001,5,1,4.726868e-001,0,0,0,
1711748172.624,,0.000000e+000,2.736042e+002,8.282058e-003,0.000000e+000,-5.490253e-004,0.000000e+000,3,9.922553e-001,1.825000e+000,,,,,,,,,,,,,,,,,,0,3.000000e+000,5.000000e-001,5,1,5.162964e-001,0,0,0,
1711748198.527,,0.000000e+000,2.744741e+002,8.272476e-003,0.000000e+000,-6.307606e-004,0.000000e+000,3,9.920491e-001,1.825000e+000,,,,,,,,,,,,,,,,,,0,3.000000e+000,5.000000e-001,5,1,4.609070e-001,0,0,0,
1711748227.115,,0.000000e+000,2.753203e+002,8.263465e-003,0.000000e+000,-3.820746e-004,0.000000e+000,3,9.921819e-001,1.825000e+000,,,,,,,,,,,,,,,,,,0,3.000000e+000,5.000000e-001,5,1,5.823975e-001,0,0,0,
1711748256.237,,0.000000e+000,2.763163e+002,8.253004e-003,0.000000e+000,-5.468694e-004,0.000000e+000,3,9.923601e-001,1.825000e+000,,,,,,,,,,,,,,,,,,0,3.000000e+000,5.000000e-001,5,1,6.167908e-001,0,1,0,
1711748291.669,,0.000000e+000,2.774803e+002,8.239745e-003,0.000000e+000,-2.437494e-004,0.000000e+000,3,9.921757e-001,1.825000e+000,,,,,,,,,,,,,,,,,,0,3.000000e+000,5.000000e-001,5,1,6.322937e-001,0,1,0,
1711748319.350,,0.000000e+000,2.784526e+002,8.229967e-003,0.000000e+000,-3.597634e-004,0.000000e+000,3,9.922668e-001,1.825000e+000,,,,,,,,,,,,,,,,,,0,3.000000e+000,5.000000e-001,5,1,6.270142e-001,0,1,0,
1711748348.002,,0.000000e+000,2.794014e+002,8.219304e-003,0.000000e+000,-1.042768e-004,0.000000e+000,3,9.922139e-001,1.825000e+000,,,,,,,,,,,,,,,,,,0,3.000000e+000,5.000000e-001,5,1,5.601807e-001,0,1,0,
1711748380.915,,0.000000e+000,2.805522e+002,8.206899e-003,0.000000e+000,-5.105562e-005,0.000000e+000,3,9.923851e-001,1.825000e+000,,,,,,,,,,,,,,,,,,0,3.000000e+000,5.000000e-001,5,1,4.931946e-001,0,1,0,
1711748410.086,,0.000000e+000,2.814907e+002,8.197144e-003,0.000000e+000,1.007159e-005,0.000000e+000,3,9.922445e-001,1.825000e+000,,,,,,,,,,,,,,,,,,0,3.000000e+000,5.000000e-001,5,1,5.588989e-001,0,1,0,
1711748439.750,,0.000000e+000,2.824305e+002,8.188292e-003,0.000000e+000,2.081005e-004,0.000000e+000,3,9.924325e-001,1.825000e+000,,,,,,,,,,,,,,,,,,0,3.000000e+000,5.000000e-001,5,1,6.357117e-001,0,1,0,
1711748470.162,,0.000000e+000,2.834503e+002,8.175552e-003,0.000000e+000,2.918124e-004,0.000000e+000,3,9.922858e-001,1.825000e+000,,,,,,,,,,,,,,,,,,0,3.000000e+000,5.000000e-001,5,1,5.460815e-001,0,1,0,
1711748498.993,,0.000000e+000,2.844517e+002,8.165677e-003,0.000000e+000,5.744839e-004,0.000000e+000,3,9.923889e-001,1.825000e+000,,,,,,,,,,,,,,,,,,0,3.000000e+000,5.000000e-001,5,1,4.866943e-001,0,1,0,
1711748531.170,,0.000000e+000,2.854980e+002,8.053700e-003,0.000000e+000,-1.611730e-002,0.000000e+000,3,8.904296e-001,1.825000e+000,,,,,,,,,,,,,,,,,,0,3.000000e+000,5.000000e-001,5,1,6.290894e-001,0,1,0,
1711748559.328,,0.000000e+000,2.863538e+002,8.143277e-003,0.000000e+000,8.578254e-004,0.000000e+000,3,9.923293e-001,1.825000e+000,,,,,,,,,,,,,,,,,,0,3.000000e+000,5.000000e-001,5,1,6.759949e-001,0,0,0,
1711748586.748,,0.000000e+000,2.873931e+002,8.131658e-003,0.000000e+000,9.432279e-004,0.000000e+000,3,9.922170e-001,1.825000e+000,,,,,,,,,,,,,,,,,,0,3.000000e+000,5.000000e-001,5,1,5.622864e-001,0,0,0,
1711748639.482,,0.000000e+000,2.891451e+002,8.111502e-003,0.000000e+000,1.270534e-003,0.000000e+000,3,9.923120e-001,1.825000e+000,,,,,,,,,,,,,,,,,,0,3.000000e+000,5.000000e-001,5,1,4.818726e-001,0,0,0,
1711748660.047,,0.000000e+000,2.897875e+002,8.102771e-003,0.000000e+000,1.359512e-003,0.000000e+000,3,9.922634e-001,1.825000e+000,,,,,,,,,,,,,,,,,,0,3.000000e+000,5.000000e-001,5,1,6.712952e-001,0,0,0,
1711748684.092,,0.000000e+000,2.905985e+002,8.091727e-003,0.000000e+000,1.637626e-003,0.000000e+000,3,9.923325e-001,1.825000e+000,,,,,,,,,,,,,,,,,,0,3.000000e+000,5.000000e-001,5,1,5.534058e-001,0,0,0,
1711748710.715,,0.000000e+000,2.914980e+002,8.080349e-003,0.000000e+000,1.824724e-003,0.000000e+000,3,9.923028e-001,1.825000e+000,,,,,,,,,,,,,,,,,,0,3.000000e+000,5.000000e-001,5,1,5.570984e-001,0,0,0,
1711748738.622,,0.000000e+000,2.924484e+002,8.068713e-003,0.000000e+000,1.868846e-003,0.000000e+000,3,9.922796e-001,1.825000e+000,,,,,,,,,,,,,,,,,,0,3.000000e+000,5.000000e-001,5,1,6.955261e-001,0,0,0,
1711748767.212,,0.000000e+000,2.934275e+002,8.055850e-003,0.000000e+000,2.103516e-003,0.000000e+000,3,9.922878e-001,1.825000e+000,,,,,,,,,,,,,,,,,,0,3.000000e+000,5.000000e-001,5,1,4.743958e-001,0,0,0,
1711748797.091,,0.000000e+000,2.944368e+002,8.043071e-003,0.000000e+000,2.221944e-003,0.000000e+000,3,9.921151e-001,1.825000e+000,,,,,,,,,,,,,,,,,,0,3.000000e+000,5.000000e-001,5,1,6.372070e-001,0,0,0,
1711748822.244,,0.000000e+000,2.953212e+002,8.032244e-003,0.000000e+000,2.351034e-003,0.000000e+000,3,9.921666e-001,1.825000e+000,,,,,,,,,,,,,,,,,,0,3.000000e+000,5.000000e-001,5,1,4.924011e-001,0,0,0,
1711748859.600,,0.000000e+000,2.965289e+002,8.015845e-003,0.000000e+000,2.808849e-003,0.000000e+000,3,9.922695e-001,1.825000e+000,,,,,,,,,,,,,,,,,,0,3.000000e+000,5.000000e-001,5,1,6.120911e-001,0,0,0,
1711748888.401,,0.000000e+000,2.974562e+002,8.002924e-003,0.000000e+000,3.084973e-003,0.000000e+000,3,9.920694e-001,1.825000e+000,,,,,,,,,,,,,,,,,,0,3.000000e+000,5.000000e-001,5,1,5.704956e-001,0,0,0,
1711748916.269,,0.000000e+000,2.984368e+002,7.990142e-003,0.000000e+000,3.434278e-003,0.000000e+000,3,9.921423e-001,1.825000e+000,,,,,,,,,,,,,,,,,,0,3.000000e+000,5.000000e-001,5,1,5.504150e-001,0,0,0,
1711748943.975,,0.000000e+000,2.993474e+002,7.978929e-003,0.000000e+000,3.565275e-003,0.000000e+000,3,9.921365e-001,1.825000e+000,,,,,,,,,,,,,,,,,,0,3.000000e+000,5.000000e-001,5,1,5.422974e-001,0,0,0,
1711749224.675,,0.000000e+000,3.000031e+002,7.936507e-003,0.000000e+000,5.093027e-003,0.000000e+000,3,9.921556e-001,1.825000e+000,,,,,,,,,,,,,,,,,,0,3.000000e+000,5.000000e-001,5,1,1.190186e-002,0,1,0,
