[Header]
TITLE,MPMS RSO Measurement
BYAPP,MPMS Measurement,1.1,Summary
FILEOPENTIME, 1711916334.684000 4/1/2024, 5:18:54 AM

INFO, APPNAME, MPMS MultiVu Application, Revision 1.60,  Build 081

INFO, NAME, PO-conc3
INFO, WEIGHT, 116.900
INFO, AREA, 0.000
INFO, LENGTH, 0.000
INFO, SHAPE, 0
INFO, COMMENT, 
INFO, SEQUENCE FILE: IRM_3T_300-5-300K.seq


INFO, BACKGROUND DATA FILE:, None


STARTUPAXIS,X,4,LINEAR,AUTO,0.000000,0.000000
STARTUPAXIS,Y1,5,LINEAR,AUTO,0.000000,0.000000


STARTUPGROUP,Longitudinal
FIELDGROUP,Longitudinal,1,2,3,4,5,6,7,8,9,10,11,19,20,21,22,23,35
FIELDGROUP,Transverse,1,2,3,4,12,13,14,15,16,17,18,24,25,26,27,28,35

PLOT_APPEARANCE,ALL,HORZ_GRID_ON,VERT_GRID_ON,MARKERS_AND_LINES

[Data]
Time,Comment,Field (Oe),Temperature (K),Long Moment (emu),Long Scan Std Dev,Long Offset (cm),Long Offset Std Dev,Long Algorithm,Long Reg Fit,Long Reg Factor,Trans Moment (emu),Trans Scan Std Dev,Trans Offset (cm),Trans Offset Std Dev,Trans Algorithm,Trans Reg Fit,Trans Reg Factor,Long Moment [w/o ABS] (emu),Long Scan Std Dev [w/o ABS],Long Offset [w/o ABS] (cm),Long Offset Std Dev [w/o ABS],Long Reg Fit [w/o ABS],Trans Moment [w/o ABS] (emu),Trans Scan Std Dev [w/o ABS],Trans Offset [w/o ABS] (cm),Trans Offset Std Dev [w/o ABS],Trans Reg Fit [w/o ABS],RSO Position (deg),Amplitude (cm),Frequency,Cycles to Average,Scans per Measurement,Delta Temp (K),Error,EC Comp. Running,Using ABS,
1711916334.683,,0.000000e+000,3.000090e+002,2.239777e-003,0.000000e+000,2.604325e-002,0.000000e+000,3,9.893230e-001,1.825000e+000,,,,,,,,,,,,,,,,,,0,3.000000e+000,5.000000e-001,5,1,0.000000e+000,0,1,0,
1711916498.751,,0.000000e+000,2.988472e+002,2.248224e-003,0.000000e+000,2.605907e-002,0.000000e+000,3,9.894041e-001,1.825000e+000,,,,,,,,,,,,,,,,,,0,3.000000e+000,5.000000e-001,5,1,1.996765e-001,0,1,0,
1711916563.872,,0.000000e+000,2.976716e+002,2.260191e-003,0.000000e+000,2.617577e-002,0.000000e+000,3,9.893897e-001,1.825000e+000,,,,,,,,,,,,,,,,,,0,3.000000e+000,5.000000e-001,5,1,3.727112e-001,0,1,0,
1711916606.008,,0.000000e+000,2.966848e+002,2.272194e-003,0.000000e+000,2.614287e-002,0.000000e+000,3,9.893620e-001,1.825000e+000,,,,,,,,,,,,,,,,,,0,3.000000e+000,5.000000e-001,5,1,4.624939e-001,0,1,0,
1711916643.843,,0.000000e+000,2.955276e+002,2.284928e-003,0.000000e+000,2.610136e-002,0.000000e+000,3,9.893934e-001,1.825000e+000,,,,,,,,,,,,,,,,,,0,3.000000e+000,5.000000e-001,5,1,5.161133e-001,0,1,0,
1711916676.486,,0.000000e+000,2.945732e+002,2.296656e-003,0.000000e+000,2.607563e-002,0.000000e+000,3,9.893916e-001,1.825000e+000,,,,,,,,,,,,,,,,,,0,3.000000e+000,5.000000e-001,5,1,5.010986e-001,0,1,0,
1711916707.150,,0.000000e+000,2.936480e+002,2.307876e-003,0.000000e+000,2.606478e-002,0.000000e+000,3,9.893511e-001,1.825000e+000,,,,,,,,,,,,,,,,,,0,3.000000e+000,5.000000e-001,5,1,5.091858e-001,0,1,0,
1711916746.852,,0.000000e+000,2.926109e+002,2.321409e-003,0.000000e+000,2.575227e-002,0.000000e+000,3,9.894369e-001,1.825000e+000,,,,,,,,,,,,,,,,,,0,3.000000e+000,5.000000e-001,5,1,4.830017e-001,0,1,0,
1711916780.026,,0.000000e+000,2.917321e+002,2.333178e-003,0.000000e+000,2.549942e-002,0.000000e+000,3,9.893203e-001,1.825000e+000,,,,,,,,,,,,,,,,,,0,3.000000e+000,5.000000e-001,5,1,5.357056e-001,0,1,0,
1711916821.449,,0.000000e+000,2.905985e+002,2.346861e-003,0.000000e+000,2.532032e-002,0.000000e+000,3,9.892872e-001,1.825000e+000,,,,,,,,,,,,,,,,,,0,3.000000e+000,5.000000e-001,5,1,5.755920e-001,0,1,0,
1711916856.619,,0.000000e+000,2.896498e+002,2.358181e-003,0.000000e+000,2.492261e-002,0.000000e+000,3,9.893067e-001,1.825000e+000,,,,,,,,,,,,,,,,,,0,3.000000e+000,5.000000e-001,5,1,4.836121e-001,0,0,0,
1711916892.032,,0.000000e+000,2.886530e+002,2.369642e-003,0.000000e+000,2.477968e-002,0.000000e+000,3,9.893627e-001,1.825000e+000,,,,,,,,,,,,,,,,,,0,3.000000e+000,5.000000e-001,5,1,4.583130e-001,0,0,0,
1711916928.957,,0.000000e+000,2.877233e+002,2.381589e-003,0.000000e+000,2.448936e-002,0.000000e+000,3,9.893595e-001,1.825000e+000,,,,,,,,,,,,,,,,,,0,3.000000e+000,5.000000e-001,5,1,5.310974e-001,0,0,0,
1711916966.390,,0.000000e+000,2.866006e+002,2.393577e-003,0.000000e+000,2.435824e-002,0.000000e+000,3,9.893059e-001,1.825000e+000,,,,,,,,,,,,,,,,,,0,3.000000e+000,5.000000e-001,5,1,4.621887e-001,0,0,0,
1711916998.811,,0.000000e+000,2.856793e+002,2.404057e-003,0.000000e+000,2.421077e-002,0.000000e+000,3,9.893740e-001,1.825000e+000,,,,,,,,,,,,,,,,,,0,3.000000e+000,5.000000e-001,5,1,4.804993e-001,0,0,0,
1711917036.992,,0.000000e+000,2.846635e+002,2.416631e-003,0.000000e+000,2.382085e-002,0.000000e+000,3,9.892399e-001,1.825000e+000,,,,,,,,,,,,,,,,,,0,3.000000e+000,5.000000e-001,5,1,5.298157e-001,0,0,0,
1711917072.929,,0.000000e+000,2.835345e+002,2.428440e-003,0.000000e+000,2.363104e-002,0.000000e+000,3,9.892051e-001,1.825000e+000,,,,,,,,,,,,,,,,,,0,3.000000e+000,5.000000e-001,5,1,5.675049e-001,0,0,0,
1711917102.590,,0.000000e+000,2.826859e+002,2.438179e-003,0.000000e+000,2.344215e-002,0.000000e+000,3,9.893019e-001,1.825000e+000,,,,,,,,,,,,,,,,,,0,3.000000e+000,5.000000e-001,5,1,4.802856e-001,0,0,0,
1711917139.255,,0.000000e+000,2.815683e+002,2.450028e-003,0.000000e+000,2.330398e-002,0.000000e+000,3,9.892871e-001,1.825000e+000,,,,,,,,,,,,,,,,,,0,3.000000e+000,5.000000e-001,5,1,5.487976e-001,0,0,0,
1711917168.919,,0.000000e+000,2.806756e+002,2.459863e-003,0.000000e+000,2.307766e-002,0.000000e+000,3,9.892821e-001,1.825000e+000,,,,,,,,,,,,,,,,,,0,3.000000e+000,5.000000e-001,5,1,4.935913e-001,0,0,0,
1711917205.262,,0.000000e+000,2.796155e+002,2.471399e-003,0.000000e+000,2.284203e-002,0.000000e+000,3,9.893858e-001,1.825000e+000,,,,,,,,,,,,,,,,,,0,3.000000e+000,5.000000e-001,5,1,5.816040e-001,0,0,0,
1711917242.196,,0.000000e+000,2.784626e+002,2.483696e-003,0.000000e+000,2.271821e-002,0.000000e+000,3,9.893398e-001,1.825000e+000,,,,,,,,,,,,,,,,,,0,3.000000e+000,5.000000e-001,5,1,5.460815e-001,0,1,0,
1711917271.649,,0.000000e+000,2.776259e+002,2.493466e-003,0.000000e+000,2.244383e-002,0.000000e+000,3,9.892805e-001,1.825000e+000,,,,,,,,,,,,,,,,,,0,3.000000e+000,5.000000e-001,5,1,5.224915e-001,0,1,0,
1711917302.856,,0.000000e+000,2.766050e+002,2.503973e-003,0.000000e+000,2.230415e-002,0.000000e+000,3,9.893528e-001,1.825000e+000,,,,,,,,,,,,,,,,,,0,3.000000e+000,5.000000e-001,5,1,5.982056e-001,0,1,0,
1711917333.432,,0.000000e+000,2.756664e+002,2.513631e-003,0.000000e+000,2.223761e-002,0.000000e+000,3,9.893671e-001,1.825000e+000,,,,,,,,,,,,,,,,,,0,3.000000e+000,5.000000e-001,5,1,6.631775e-001,0,1,0,
1711917369.310,,0.000000e+000,2.745231e+002,2.525381e-003,0.000000e+000,2.201928e-002,0.000000e+000,3,9.893421e-001,1.825000e+000,,,,,,,,,,,,,,,,,,0,3.000000e+000,5.000000e-001,5,1,4.610901e-001,0,1,0,
1711917397.217,,0.000000e+000,2.736774e+002,2.534488e-003,0.000000e+000,2.183448e-002,0.000000e+000,3,9.893984e-001,1.825000e+000,,,,,,,,,,,,,,,,,,0,3.000000e+000,5.000000e-001,5,1,6.237793e-001,0,1,0,
1711917430.633,,0.000000e+000,2.725516e+002,2.545290e-003,0.000000e+000,2.177597e-002,0.000000e+000,3,9.893889e-001,1.825000e+000,,,,,,,,,,,,,,,,,,0,3.000000e+000,5.000000e-001,5,1,4.831238e-001,0,1,0,
1711917461.299,,0.000000e+000,2.716899e+002,2.555135e-003,0.000000e+000,2.147861e-002,0.000000e+000,3,9.893672e-001,1.825000e+000,,,,,,,,,,,,,,,,,,0,3.000000e+000,5.000000e-001,5,1,5.086060e-001,0,1,0,
1711917497.220,,0.000000e+000,2.705674e+002,2.566271e-003,0.000000e+000,2.145304e-002,0.000000e+000,3,9.893148e-001,1.825000e+000,,,,,,,,,,,,,,,,,,0,3.000000e+000,5.000000e-001,5,1,5.896912e-001,0,1,0,
1711917528.127,,0.000000e+000,2.696104e+002,2.576140e-003,0.000000e+000,2.118928e-002,0.000000e+000,3,9.893214e-001,1.825000e+000,,,,,,,,,,,,,,,,,,0,3.000000e+000,5.000000e-001,5,1,4.531250e-001,0,1,0,
1711917563.734,,0.000000e+000,2.685717e+002,2.587345e-003,0.000000e+000,2.108431e-002,0.000000e+000,3,9.894086e-001,1.825000e+000,,,,,,,,,,,,,,,,,,0,3.000000e+000,5.000000e-001,5,1,5.898132e-001,0,1,0,
1711917595.637,,0.000000e+000,2.675648e+002,2.597355e-003,0.000000e+000,2.095609e-002,0.000000e+000,3,9.893348e-001,1.825000e+000,,,,,,,,,,,,,,,,,,0,3.000000e+000,5.000000e-001,5,1,5.851135e-001,0,1,0,
1711917627.852,,0.000000e+000,2.665889e+002,2.607090e-003,0.000000e+000,2.096516e-002,0.000000e+000,3,9.893949e-001,1.825000e+000,,,,,,,,,,,,,,,,,,0,3.000000e+000,5.000000e-001,5,1,5.896912e-001,0,1,0,
1711917657.263,,0.000000e+000,2.657073e+002,2.616664e-003,0.000000e+000,2.066961e-002,0.000000e+000,3,9.892867e-001,1.825000e+000,,,,,,,,,,,,,,,,,,0,3.000000e+000,5.000000e-001,5,1,5.122986e-001,0,1,0,
1711917694.187,,0.000000e+000,2.645238e+002,2.627806e-003,0.000000e+000,2.058369e-002,0.000000e+000,3,9.894584e-001,1.825000e+000,,,,,,,,,,,,,,,,,,0,3.000000e+000,5.000000e-001,5,1,6.162109e-001,0,1,0,
1711917725.027,,0.000000e+000,2.636165e+002,2.637369e-003,0.000000e+000,2.056486e-002,0.000000e+000,3,9.892119e-001,1.825000e+000,,,,,,,,,,,,,,,,,,0,3.000000e+000,5.000000e-001,5,1,6.026001e-001,0,1,0,
1711917784.562,,0.000000e+000,2.618306e+002,2.655855e-003,0.000000e+000,2.028801e-002,0.000000e+000,3,9.893984e-001,1.825000e+000,,,,,,,,,,,,,,,,,,0,3.000000e+000,5.000000e-001,5,1,6.028748e-001,0,1,0,
1711917810.964,,0.000000e+000,2.610263e+002,2.663888e-003,0.000000e+000,2.022321e-002,0.000000e+000,3,9.892952e-001,1.825000e+000,,,,,,,,,,,,,,,,,,0,3.000000e+000,5.000000e-001,5,1,6.521912e-001,0,0,0,
1711917831.112,,0.000000e+000,2.604150e+002,2.670188e-003,0.000000e+000,2.004831e-002,0.000000e+000,3,9.892743e-001,1.825000e+000,,,,,,,,,,,,,,,,,,0,3.000000e+000,5.000000e-001,5,1,4.649048e-001,0,0,0,
1711917857.211,,0.000000e+000,2.596542e+002,2.678223e-003,0.000000e+000,2.009020e-002,0.000000e+000,3,9.893059e-001,1.825000e+000,,,,,,,,,,,,,,,,,,0,3.000000e+000,5.000000e-001,5,1,6.889954e-001,0,0,0,
1711917890.342,,0.000000e+000,2.584428e+002,2.688605e-003,0.000000e+000,2.000757e-002,0.000000e+000,3,9.892913e-001,1.825000e+000,,,,,,,,,,,,,,,,,,0,3.000000e+000,5.000000e-001,5,1,4.840088e-001,0,0,0,
1711917918.498,,0.000000e+000,2.576203e+002,2.697364e-003,0.000000e+000,1.988129e-002,0.000000e+000,3,9.892420e-001,1.825000e+000,,,,,,,,,,,,,,,,,,0,3.000000e+000,5.000000e-001,5,1,6.956177e-001,0,0,0,
1711917948.207,,0.000000e+000,2.566616e+002,2.706872e-003,0.000000e+000,1.979437e-002,0.000000e+000,3,9.892568e-001,1.825000e+000,,,,,,,,,,,,,,,,,,0,3.000000e+000,5.000000e-001,5,1,5.028992e-001,0,0,0,
1711917980.649,,0.000000e+000,2.555790e+002,2.717210e-003,0.000000e+000,1.964389e-002,0.000000e+000,3,9.893135e-001,1.825000e+000,,,,,,,,,,,,,,,,,,0,3.000000e+000,5.000000e-001,5,1,5.073090e-001,0,0,0,
1711918010.992,,0.000000e+000,2.546566e+002,2.726882e-003,0.000000e+000,1.954186e-002,0.000000e+000,3,9.893556e-001,1.825000e+000,,,,,,,,,,,,,,,,,,0,3.000000e+000,5.000000e-001,5,1,6.128998e-001,0,0,0,
1711918042.878,,0.000000e+000,2.535029e+002,2.736852e-003,0.000000e+000,1.951974e-002,0.000000e+000,3,9.893295e-001,1.825000e+000,,,,,,,,,,,,,,,,,,0,3.000000e+000,5.000000e-001,5,1,4.743042e-001,0,0,0,
1711918071.528,,0.000000e+000,2.525992e+002,2.746449e-003,0.000000e+000,1.940891e-002,0.000000e+000,3,9.892956e-001,1.825000e+000,,,,,,,,,,,,,,,,,,0,3.000000e+000,5.000000e-001,5,1,5.371094e-001,0,0,0,
1711918137.641,,0.000000e+000,2.504034e+002,2.769099e-003,0.000000e+000,1.912166e-002,0.000000e+000,3,9.893869e-001,1.825000e+000,,,,,,,,,,,,,,,,,,0,3.000000e+000,5.000000e-001,5,1,4.954987e-001,0,1,0,
1711918159.985,,0.000000e+000,2.496142e+002,2.776604e-003,0.000000e+000,1.916646e-002,0.000000e+000,3,9.893572e-001,1.825000e+000,,,,,,,,,,,,,,,,,,0,3.000000e+000,5.000000e-001,5,1,6.618958e-001,0,1,0,
1711918180.598,,0.000000e+000,2.489096e+002,2.783092e-003,0.000000e+000,1.909289e-002,0.000000e+000,3,9.893982e-001,1.825000e+000,,,,,,,,,,,,,,,,,,0,3.000000e+000,5.000000e-001,5,1,5.058136e-001,0,1,0,
1711918201.493,,0.000000e+000,2.482650e+002,2.790159e-003,0.000000e+000,1.906954e-002,0.000000e+000,3,9.893776e-001,1.825000e+000,,,,,,,,,,,,,,,,,,0,3.000000e+000,5.000000e-001,5,1,4.953003e-001,0,1,0,
1711918225.650,,0.000000e+000,2.474293e+002,2.798441e-003,0.000000e+000,1.905103e-002,0.000000e+000,3,9.893531e-001,1.825000e+000,,,,,,,,,,,,,,,,,,0,3.000000e+000,5.000000e-001,5,1,6.505890e-001,0,1,0,
1711918253.812,,0.000000e+000,2.465043e+002,2.807435e-003,0.000000e+000,1.896043e-002,0.000000e+000,3,9.893793e-001,1.825000e+000,,,,,,,,,,,,,,,,,,0,3.000000e+000,5.000000e-001,5,1,6.300964e-001,0,1,0,
1711918281.963,,0.000000e+000,2.455587e+002,2.816879e-003,0.000000e+000,1.895961e-002,0.000000e+000,3,9.894155e-001,1.825000e+000,,,,,,,,,,,,,,,,,,0,3.000000e+000,5.000000e-001,5,1,5.863037e-001,0,1,0,
1711918311.623,,0.000000e+000,2.445777e+002,2.826713e-003,0.000000e+000,1.890618e-002,0.000000e+000,3,9.893515e-001,1.825000e+000,,,,,,,,,,,,,,,,,,0,3.000000e+000,5.000000e-001,5,1,5.816956e-001,0,1,0,
1711918340.279,,0.000000e+000,2.435772e+002,2.836300e-003,0.000000e+000,1.888502e-002,0.000000e+000,3,9.893914e-001,1.825000e+000,,,,,,,,,,,,,,,,,,0,3.000000e+000,5.000000e-001,5,1,4.461975e-001,0,1,0,
1711918372.187,,0.000000e+000,2.426614e+002,2.846683e-003,0.000000e+000,1.878079e-002,0.000000e+000,3,9.893067e-001,1.825000e+000,,,,,,,,,,,,,,,,,,0,3.000000e+000,5.000000e-001,5,1,6.490936e-001,0,1,0,
1711918406.355,,0.000000e+000,2.414719e+002,2.857242e-003,0.000000e+000,1.889871e-002,0.000000e+000,3,9.894062e-001,1.825000e+000,,,,,,,,,,,,,,,,,,0,3.000000e+000,5.000000e-001,5,1,5.142975e-001,0,1,0,
1711918435.041,,0.000000e+000,2.405901e+002,2.866543e-003,0.000000e+000,1.875340e-002,0.000000e+000,3,9.894148e-001,1.825000e+000,,,,,,,,,,,,,,,,,,0,3.000000e+000,5.000000e-001,5,1,4.956055e-001,0,1,0,
1711918469.462,,0.000000e+000,2.394207e+002,2.877181e-003,0.000000e+000,1.892876e-002,0.000000e+000,3,9.894403e-001,1.825000e+000,,,,,,,,,,,,,,,,,,0,3.000000e+000,5.000000e-001,5,1,6.172943e-001,0,1,0,
1711918501.379,,0.000000e+000,2.384354e+002,2.886736e-003,0.000000e+000,1.878084e-002,0.000000e+000,3,9.894039e-001,1.825000e+000,,,,,,,,,,,,,,,,,,0,3.000000e+000,5.000000e-001,5,1,5.533905e-001,0,1,0,
1711918526.438,,0.000000e+000,2.376705e+002,2.894697e-003,0.000000e+000,1.868092e-002,0.000000e+000,3,9.893975e-001,1.825000e+000,,,,,,,,,,,,,,,,,,0,3.000000e+000,5.000000e-001,5,1,5.350952e-001,0,1,0,
1711918560.088,,0.000000e+000,2.365506e+002,2.905458e-003,0.000000e+000,1.876357e-002,0.000000e+000,3,9.893880e-001,1.825000e+000,,,,,,,,,,,,,,,,,,0,3.000000e+000,5.000000e-001,5,1,6.101074e-001,0,1,0,
1711918592.034,,0.000000e+000,2.355344e+002,2.915626e-003,0.000000e+000,1.887934e-002,0.000000e+000,3,9.894808e-001,1.825000e+000,,,,,,,,,,,,,,,,,,0,3.000000e+000,5.000000e-001,5,1,6.410065e-001,0,1,0,
1711918620.688,,0.000000e+000,2.346660e+002,2.924768e-003,0.000000e+000,1.873921e-002,0.000000e+000,3,9.894292e-001,1.825000e+000,,,,,,,,,,,,,,,,,,0,3.000000e+000,5.000000e-001,5,1,5.791931e-001,0,1,0,
1711918656.627,,0.000000e+000,2.334213e+002,2.936236e-003,0.000000e+000,1.883968e-002,0.000000e+000,3,9.893878e-001,1.825000e+000,,,,,,,,,,,,,,,,,,0,3.000000e+000,5.000000e-001,5,1,5.729980e-001,0,0,0,
1711918685.457,,0.000000e+000,2.326225e+002,2.945075e-003,0.000000e+000,1.877729e-002,0.000000e+000,3,9.895428e-001,1.825000e+000,,,,,,,,,,,,,,,,,,0,3.000000e+000,5.000000e-001,5,1,5.482025e-001,0,0,0,
1711918719.354,,0.000000e+000,2.314861e+002,2.956348e-003,0.000000e+000,1.884029e-002,0.000000e+000,3,9.895605e-001,1.825000e+000,,,,,,,,,,,,,,,,,,0,3.000000e+000,5.000000e-001,5,1,6.473999e-001,0,0,0,
1711918749.007,,0.000000e+000,2.305741e+002,2.966588e-003,0.000000e+000,1.870136e-002,0.000000e+000,3,9.894764e-001,1.825000e+000,,,,,,,,,,,,,,,,,,0,3.000000e+000,5.000000e-001,5,1,5.525970e-001,0,0,0,
1711918777.235,,0.000000e+000,2.295906e+002,2.975091e-003,0.000000e+000,1.890233e-002,0.000000e+000,3,9.895865e-001,1.825000e+000,,,,,,,,,,,,,,,,,,0,3.000000e+000,5.000000e-001,5,1,6.988068e-001,0,0,0,
1711918810.153,,0.000000e+000,2.285742e+002,2.986257e-003,0.000000e+000,1.879860e-002,0.000000e+000,3,9.895813e-001,1.825000e+000,,,,,,,,,,,,,,,,,,0,3.000000e+000,5.000000e-001,5,1,5.977020e-001,0,0,0,
1711918842.241,,0.000000e+000,2.273681e+002,2.996842e-003,0.000000e+000,1.892089e-002,0.000000e+000,3,9.895708e-001,1.825000e+000,,,,,,,,,,,,,,,,,,0,3.000000e+000,5.000000e-001,5,1,5.848083e-001,0,0,0,
1711918868.366,,0.000000e+000,2.266143e+002,3.006161e-003,0.000000e+000,1.880834e-002,0.000000e+000,3,9.895348e-001,1.825000e+000,,,,,,,,,,,,,,,,,,0,3.000000e+000,5.000000e-001,5,1,5.744019e-001,0,0,0,
1711918898.075,,0.000000e+000,2.255474e+002,3.015976e-003,0.000000e+000,1.887185e-002,0.000000e+000,3,9.895522e-001,1.825000e+000,,,,,,,,,,,,,,,,,,0,3.000000e+000,5.000000e-001,5,1,6.020966e-001,0,0,0,
1711918927.241,,0.000000e+000,2.245263e+002,3.026086e-003,0.000000e+000,1.885082e-002,0.000000e+000,3,9.894118e-001,1.825000e+000,,,,,,,,,,,,,,,,,,0,3.000000e+000,5.000000e-001,5,1,6.623993e-001,0,0,0,
1711918953.899,,0.000000e+000,2.236702e+002,3.034788e-003,0.000000e+000,1.887731e-002,0.000000e+000,3,9.895564e-001,1.825000e+000,,,,,,,,,,,,,,,,,,0,3.000000e+000,5.000000e-001,5,1,6.445923e-001,0,0,0,
1711919014.976,,0.000000e+000,2.216119e+002,3.056145e-003,0.000000e+000,1.883067e-002,0.000000e+000,3,9.895574e-001,1.825000e+000,,,,,,,,,,,,,,,,,,0,3.000000e+000,5.000000e-001,5,1,5.818024e-001,0,1,0,
1711919036.379,,0.000000e+000,2.207518e+002,3.063237e-003,0.000000e+000,1.888947e-002,0.000000e+000,3,9.894381e-001,1.825000e+000,,,,,,,,,,,,,,,,,,0,3.000000e+000,5.000000e-001,5,1,5.267029e-001,0,1,0,
1711919057.789,,0.000000e+000,2.200590e+002,3.070975e-003,0.000000e+000,1.876229e-002,0.000000e+000,3,9.893876e-001,1.825000e+000,,,,,,,,,,,,,,,,,,0,3.000000e+000,5.000000e-001,5,1,4.163055e-001,0,1,0,
1711919078.432,,0.000000e+000,2.193111e+002,3.078413e-003,0.000000e+000,1.883086e-002,0.000000e+000,3,9.893166e-001,1.825000e+000,,,,,,,,,,,,,,,,,,0,3.000000e+000,5.000000e-001,5,1,5.890045e-001,0,1,0,
1711919100.838,,0.000000e+000,2.185836e+002,3.085645e-003,0.000000e+000,1.886337e-002,0.000000e+000,3,9.895355e-001,1.825000e+000,,,,,,,,,,,,,,,,,,0,3.000000e+000,5.000000e-001,5,1,6.038971e-001,0,1,0,
1711919129.997,,0.000000e+000,2.175240e+002,3.096379e-003,0.000000e+000,1.897999e-002,0.000000e+000,3,9.893765e-001,1.825000e+000,,,,,,,,,,,,,,,,,,0,3.000000e+000,5.000000e-001,5,1,5.364075e-001,0,1,0,
1711919161.409,,0.000000e+000,2.166091e+002,3.106916e-003,0.000000e+000,1.884413e-002,0.000000e+000,3,9.893704e-001,1.825000e+000,,,,,,,,,,,,,,,,,,0,3.000000e+000,5.000000e-001,5,1,5.809021e-001,0,1,0,
1711919189.073,,0.000000e+000,2.156560e+002,3.116254e-003,0.000000e+000,1.906628e-002,0.000000e+000,3,9.894240e-001,1.825000e+000,,,,,,,,,,,,,,,,,,0,3.000000e+000,5.000000e-001,5,1,6.063995e-001,0,1,0,
1711919221.978,,0.000000e+000,2.145849e+002,3.127521e-003,0.000000e+000,1.898289e-002,0.000000e+000,3,9.893876e-001,1.825000e+000,,,,,,,,,,,,,,,,,,0,3.000000e+000,5.000000e-001,5,1,5.704041e-001,0,1,0,
1711919253.394,,0.000000e+000,2.134618e+002,3.138230e-003,0.000000e+000,1.908109e-002,0.000000e+000,3,9.894159e-001,1.825000e+000,,,,,,,,,,,,,,,,,,0,3.000000e+000,5.000000e-001,5,1,6.598053e-001,0,1,0,
1711919281.555,,0.000000e+000,2.125708e+002,3.148083e-003,0.000000e+000,1.908156e-002,0.000000e+000,3,9.894053e-001,1.825000e+000,,,,,,,,,,,,,,,,,,0,3.000000e+000,5.000000e-001,5,1,5.895996e-001,0,1,0,
1711919312.957,,0.000000e+000,2.115848e+002,3.158304e-003,0.000000e+000,1.909309e-002,0.000000e+000,3,9.894654e-001,1.825000e+000,,,,,,,,,,,,,,,,,,0,3.000000e+000,5.000000e-001,5,1,5.842133e-001,0,1,0,
1711919341.864,,0.000000e+000,2.106223e+002,3.168019e-003,0.000000e+000,1.914012e-002,0.000000e+000,3,9.895270e-001,1.825000e+000,,,,,,,,,,,,,,,,,,0,3.000000e+000,5.000000e-001,5,1,6.427002e-001,0,1,0,
1711919375.296,,0.000000e+000,2.094644e+002,3.179348e-003,0.000000e+000,1.913707e-002,0.000000e+000,3,9.894549e-001,1.825000e+000,,,,,,,,,,,,,,,,,,0,3.000000e+000,5.000000e-001,5,1,5.213013e-001,0,1,0,
1711919405.130,,0.000000e+000,2.084521e+002,3.188616e-003,0.000000e+000,1.917084e-002,0.000000e+000,3,9.895152e-001,1.825000e+000,,,,,,,,,,,,,,,,,,0,3.000000e+000,5.000000e-001,5,1,4.313049e-001,0,1,0,
1711919435.507,,0.000000e+000,2.076017e+002,3.198832e-003,0.000000e+000,1.921035e-002,0.000000e+000,3,9.895281e-001,1.825000e+000,,,,,,,,,,,,,,,,,,0,3.000000e+000,5.000000e-001,5,1,5.798950e-001,0,1,0,
1711919465.651,,0.000000e+000,2.065573e+002,3.208494e-003,0.000000e+000,1.930998e-002,0.000000e+000,3,9.894390e-001,1.825000e+000,,,,,,,,,,,,,,,,,,0,3.000000e+000,5.000000e-001,5,1,5.565948e-001,0,1,0,
1711919498.836,,0.000000e+000,2.054901e+002,3.214946e-003,0.000000e+000,2.745934e-002,0.000000e+000,3,9.178189e-001,1.825000e+000,,,,,,,,,,,,,,,,,,0,3.000000e+000,5.000000e-001,5,1,5.794983e-001,0,1,0,
1711919526.480,,0.000000e+000,2.046488e+002,3.228829e-003,0.000000e+000,1.938255e-002,0.000000e+000,3,9.894255e-001,1.825000e+000,,,,,,,,,,,,,,,,,,0,3.000000e+000,5.000000e-001,5,1,5.531006e-001,0,0,0,
1711919560.374,,0.000000e+000,2.034808e+002,3.239237e-003,0.000000e+000,1.944109e-002,0.000000e+000,3,9.894668e-001,1.825000e+000,,,,,,,,,,,,,,,,,,0,3.000000e+000,5.000000e-001,5,1,6.499939e-001,0,0,0,
1711919588.519,,0.000000e+000,2.025960e+002,3.248636e-003,0.000000e+000,1.953962e-002,0.000000e+000,3,9.894630e-001,1.825000e+000,,,,,,,,,,,,,,,,,,0,3.000000e+000,5.000000e-001,5,1,5.802002e-001,0,0,0,
1711919621.173,,0.000000e+000,2.015030e+002,3.259589e-003,0.000000e+000,1.950365e-002,0.000000e+000,3,9.894003e-001,1.825000e+000,,,,,,,,,,,,,,,,,,0,3.000000e+000,5.000000e-001,5,1,5.052032e-001,0,0,0,
1711919646.982,,0.000000e+000,2.006533e+002,3.268679e-003,0.000000e+000,1.963841e-002,0.000000e+000,3,9.894947e-001,1.825000e+000,,,,,,,,,,,,,,,,,,0,3.000000e+000,5.000000e-001,5,1,6.540985e-001,0,0,0,
1711919680.631,,0.000000e+000,1.995408e+002,3.279974e-003,0.000000e+000,1.968298e-002,0.000000e+000,3,9.893736e-001,1.825000e+000,,,,,,,,,,,,,,,,,,0,3.000000e+000,5.000000e-001,5,1,5.845032e-001,0,0,0,
1711919707.521,,0.000000e+000,1.986291e+002,3.289222e-003,0.000000e+000,1.973881e-002,0.000000e+000,3,9.893888e-001,1.825000e+000,,,,,,,,,,,,,,,,,,0,3.000000e+000,5.000000e-001,5,1,6.570892e-001,0,0,0,
1711919732.663,,0.000000e+000,1.976555e+002,3.297576e-003,0.000000e+000,1.979594e-002,0.000000e+000,3,9.892932e-001,1.825000e+000,,,,,,,,,,,,,,,,,,0,3.000000e+000,5.000000e-001,5,1,4.459076e-001,0,0,0,
1711919769.319,,0.000000e+000,1.964379e+002,3.309474e-003,0.000000e+000,1.990702e-002,0.000000e+000,3,9.893280e-001,1.825000e+000,,,,,,,,,,,,,,,,,,0,3.000000e+000,5.000000e-001,5,1,5.927124e-001,0,0,0,
1711919799.207,,0.000000e+000,1.954296e+002,3.320163e-003,0.000000e+000,2.000110e-002,0.000000e+000,3,9.893120e-001,1.825000e+000,,,,,,,,,,,,,,,,,,0,3.000000e+000,5.000000e-001,5,1,5.970001e-001,0,0,0,
1711919828.136,,0.000000e+000,1.944413e+002,3.329311e-003,0.000000e+000,2.004931e-002,0.000000e+000,3,9.892330e-001,1.825000e+000,,,,,,,,,,,,,,,,,,0,3.000000e+000,5.000000e-001,5,1,6.707001e-001,0,0,0,
1711919856.032,,0.000000e+000,1.934796e+002,3.338861e-003,0.000000e+000,2.018237e-002,0.000000e+000,3,9.891963e-001,1.825000e+000,,,,,,,,,,,,,,,,,,0,3.000000e+000,5.000000e-001,5,1,6.988983e-001,0,1,0,
1711919882.423,,0.000000e+000,1.925288e+002,3.347809e-003,0.000000e+000,2.020971e-002,0.000000e+000,3,9.893140e-001,1.825000e+000,,,,,,,,,,,,,,,,,,0,3.000000e+000,5.000000e-001,5,1,4.680939e-001,0,1,0,
1711919913.072,,0.000000e+000,1.915249e+002,3.358750e-003,0.000000e+000,2.034300e-002,0.000000e+000,3,9.892724e-001,1.825000e+000,,,,,,,,,,,,,,,,,,0,3.000000e+000,5.000000e-001,5,1,6.950989e-001,0,1,0,
1711919940.224,,0.000000e+000,1.906093e+002,3.367299e-003,0.000000e+000,2.042988e-002,0.000000e+000,3,9.891740e-001,1.825000e+000,,,,,,,,,,,,,,,,,,0,3.000000e+000,5.000000e-001,5,1,6.937103e-001,0,1,0,
1711919968.291,,0.000000e+000,1.895930e+002,3.376045e-003,0.000000e+000,2.052134e-002,0.000000e+000,3,9.890527e-001,1.825000e+000,,,,,,,,,,,,,,,,,,0,3.000000e+000,5.000000e-001,5,1,6.156921e-001,0,1,0,
1711920002.418,,0.000000e+000,1.885566e+002,3.388342e-003,0.000000e+000,2.060371e-002,0.000000e+000,3,9.892051e-001,1.825000e+000,,,,,,,,,,,,,,,,,,0,3.000000e+000,5.000000e-001,5,1,6.186066e-001,0,1,0,
1711920032.058,,0.000000e+000,1.874844e+002,3.397684e-003,0.000000e+000,2.074008e-002,0.000000e+000,3,9.891944e-001,1.825000e+000,,,,,,,,,,,,,,,,,,0,3.000000e+000,5.000000e-001,5,1,5.377960e-001,0,1,0,
1711920056.702,,0.000000e+000,1.866213e+002,3.405907e-003,0.000000e+000,2.090148e-002,0.000000e+000,3,9.891758e-001,1.825000e+000,,,,,,,,,,,,,,,,,,0,3.000000e+000,5.000000e-001,5,1,5.973969e-001,0,1,0,
1711920090.604,,0.000000e+000,1.855474e+002,3.416959e-003,0.000000e+000,2.110301e-002,0.000000e+000,3,9.891273e-001,1.825000e+000,,,,,,,,,,,,,,,,,,0,3.000000e+000,5.000000e-001,5,1,6.909027e-001,0,1,0,
1711920120.244,,0.000000e+000,1.846064e+002,3.426761e-003,0.000000e+000,2.113697e-002,0.000000e+000,3,9.891974e-001,1.825000e+000,,,,,,,,,,,,,,,,,,0,3.000000e+000,5.000000e-001,5,1,6.753998e-001,0,1,0,
1711920147.133,,0.000000e+000,1.836161e+002,3.435746e-003,0.000000e+000,2.128427e-002,0.000000e+000,3,9.891782e-001,1.825000e+000,,,,,,,,,,,,,,,,,,0,3.000000e+000,5.000000e-001,5,1,4.367065e-001,0,1,0,
1711920180.540,,0.000000e+000,1.825533e+002,3.446651e-003,0.000000e+000,2.141191e-002,0.000000e+000,3,9.892686e-001,1.825000e+000,,,,,,,,,,,,,,,,,,0,3.000000e+000,5.000000e-001,5,1,5.189056e-001,0,1,0,
1711920212.935,,0.000000e+000,1.815609e+002,3.458157e-003,0.000000e+000,2.136236e-002,0.000000e+000,3,9.893444e-001,1.825000e+000,,,,,,,,,,,,,,,,,,0,3.000000e+000,5.000000e-001,5,1,6.062927e-001,0,1,0,
1711920240.073,,0.000000e+000,1.806902e+002,3.466740e-003,0.000000e+000,2.160032e-002,0.000000e+000,3,9.893232e-001,1.825000e+000,,,,,,,,,,,,,,,,,,0,3.000000e+000,5.000000e-001,5,1,5.792999e-001,0,1,0,
1711920273.478,,0.000000e+000,1.795559e+002,3.478261e-003,0.000000e+000,2.169283e-002,0.000000e+000,3,9.893068e-001,1.825000e+000,,,,,,,,,,,,,,,,,,0,3.000000e+000,5.000000e-001,5,1,6.833954e-001,0,1,0,
1711920301.371,,0.000000e+000,1.786100e+002,3.487481e-003,0.000000e+000,2.179321e-002,0.000000e+000,3,9.893166e-001,1.825000e+000,,,,,,,,,,,,,,,,,,0,3.000000e+000,5.000000e-001,5,1,5.032959e-001,0,1,0,
1711920332.018,,0.000000e+000,1.776694e+002,3.497704e-003,0.000000e+000,2.188157e-002,0.000000e+000,3,9.892401e-001,1.825000e+000,,,,,,,,,,,,,,,,,,0,3.000000e+000,5.000000e-001,5,1,5.108948e-001,0,0,0,
1711920360.913,,0.000000e+000,1.766201e+002,3.507613e-003,0.000000e+000,2.203395e-002,0.000000e+000,3,9.893172e-001,1.825000e+000,,,,,,,,,,,,,,,,,,0,3.000000e+000,5.000000e-001,5,1,4.306030e-001,0,0,0,
1711920393.566,,0.000000e+000,1.756626e+002,3.518403e-003,0.000000e+000,2.208864e-002,0.000000e+000,3,9.892939e-001,1.825000e+000,,,,,,,,,,,,,,,,,,0,3.000000e+000,5.000000e-001,5,1,5.778046e-001,0,0,0,
1711920421.895,,0.000000e+000,1.746010e+002,3.527490e-003,0.000000e+000,2.229975e-002,0.000000e+000,3,9.892840e-001,1.825000e+000,,,,,,,,,,,,,,,,,,0,3.000000e+000,5.000000e-001,5,1,5.428925e-001,0,0,0,
1711920450.012,,0.000000e+000,1.736958e+002,3.536830e-003,0.000000e+000,2.241159e-002,0.000000e+000,3,9.892282e-001,1.825000e+000,,,,,,,,,,,,,,,,,,0,3.000000e+000,5.000000e-001,5,1,4.533081e-001,0,0,0,
1711920487.412,,0.000000e+000,1.724825e+002,3.549234e-003,0.000000e+000,2.241268e-002,0.000000e+000,3,9.893584e-001,1.825000e+000,,,,,,,,,,,,,,,,,,0,3.000000e+000,5.000000e-001,5,1,5.305023e-001,0,0,0,
1711920515.304,,0.000000e+000,1.715588e+002,3.558218e-003,0.000000e+000,2.254517e-002,0.000000e+000,3,9.891795e-001,1.825000e+000,,,,,,,,,,,,,,,,,,0,3.000000e+000,5.000000e-001,5,1,5.918121e-001,0,0,0,
1711920543.697,,0.000000e+000,1.706017e+002,3.567930e-003,0.000000e+000,2.263916e-002,0.000000e+000,3,9.893293e-001,1.825000e+000,,,,,,,,,,,,,,,,,,0,3.000000e+000,5.000000e-001,5,1,5.894928e-001,0,0,0,
1711920570.849,,0.000000e+000,1.696508e+002,3.577573e-003,0.000000e+000,2.281767e-002,0.000000e+000,3,9.891564e-001,1.825000e+000,,,,,,,,,,,,,,,,,,0,3.000000e+000,5.000000e-001,5,1,5.487976e-001,0,0,0,
1711920604.994,,0.000000e+000,1.684691e+002,3.589268e-003,0.000000e+000,2.292807e-002,0.000000e+000,3,9.891790e-001,1.825000e+000,,,,,,,,,,,,,,,,,,0,3.000000e+000,5.000000e-001,5,1,5.189056e-001,0,0,0,
1711920635.137,,0.000000e+000,1.674843e+002,3.598855e-003,0.000000e+000,2.295584e-002,0.000000e+000,3,9.894060e-001,1.825000e+000,,,,,,,,,,,,,,,,,,0,3.000000e+000,5.000000e-001,5,1,5.318909e-001,0,0,0,
1711920662.528,,0.000000e+000,1.664639e+002,3.619886e-003,0.000000e+000,4.565443e-002,0.000000e+000,3,9.792217e-001,1.825000e+000,,,,,,,,,,,,,,,,,,0,3.000000e+000,5.000000e-001,5,1,4.591064e-001,0,1,0,
1711920690.673,,0.000000e+000,1.655452e+002,3.617544e-003,0.000000e+000,2.314324e-002,0.000000e+000,3,9.894364e-001,1.825000e+000,,,,,,,,,,,,,,,,,,0,3.000000e+000,5.000000e-001,5,1,6.119080e-001,0,1,0,
1711920715.310,,0.000000e+000,1.646465e+002,3.626313e-003,0.000000e+000,2.317830e-002,0.000000e+000,3,9.893026e-001,1.825000e+000,,,,,,,,,,,,,,,,,,0,3.000000e+000,5.000000e-001,5,1,5.440063e-001,0,1,0,
1711920744.959,,0.000000e+000,1.636262e+002,3.636155e-003,0.000000e+000,2.330753e-002,0.000000e+000,3,9.892958e-001,1.825000e+000,,,,,,,,,,,,,,,,,,0,3.000000e+000,5.000000e-001,5,1,5.447998e-001,0,1,0,
1711920776.791,,0.000000e+000,1.625736e+002,3.646356e-003,0.000000e+000,2.351724e-002,0.000000e+000,3,9.892097e-001,1.825000e+000,,,,,,,,,,,,,,,,,,0,3.000000e+000,5.000000e-001,5,1,6.197052e-001,0,1,0,
1711920808.665,,0.000000e+000,1.614959e+002,3.657377e-003,0.000000e+000,2.359737e-002,0.000000e+000,3,9.893582e-001,1.825000e+000,,,,,,,,,,,,,,,,,,0,3.000000e+000,5.000000e-001,5,1,6.224060e-001,0,1,0,
1711920838.059,,0.000000e+000,1.605222e+002,3.667198e-003,0.000000e+000,2.364076e-002,0.000000e+000,3,9.892655e-001,1.825000e+000,,,,,,,,,,,,,,,,,,0,3.000000e+000,5.000000e-001,5,1,5.393982e-001,0,1,0,
1711920864.707,,0.000000e+000,1.595460e+002,3.676562e-003,0.000000e+000,2.387816e-002,0.000000e+000,3,9.893103e-001,1.825000e+000,,,,,,,,,,,,,,,,,,0,3.000000e+000,5.000000e-001,5,1,6.359100e-001,0,1,0,
1711920896.605,,0.000000e+000,1.585215e+002,3.686680e-003,0.000000e+000,2.398090e-002,0.000000e+000,3,9.894583e-001,1.825000e+000,,,,,,,,,,,,,,,,,,0,3.000000e+000,5.000000e-001,5,1,6.992950e-001,0,1,0,
1711920924.750,,0.000000e+000,1.576122e+002,3.695834e-003,0.000000e+000,2.398062e-002,0.000000e+000,3,9.891163e-001,1.825000e+000,,,,,,,,,,,,,,,,,,0,3.000000e+000,5.000000e-001,5,1,5.346985e-001,0,1,0,
1711920955.147,,0.000000e+000,1.565397e+002,3.705903e-003,0.000000e+000,2.418002e-002,0.000000e+000,3,9.892557e-001,1.825000e+000,,,,,,,,,,,,,,,,,,0,3.000000e+000,5.000000e-001,5,1,6.600952e-001,0,1,0,
1711920984.843,,0.000000e+000,1.555766e+002,3.715368e-003,0.000000e+000,2.420982e-002,0.000000e+000,3,9.890949e-001,1.825000e+000,,,,,,,,,,,,,,,,,,0,3.000000e+000,5.000000e-001,5,1,5.971069e-001,0,1,0,
1711921013.988,,0.000000e+000,1.546517e+002,3.726230e-003,0.000000e+000,2.441483e-002,0.000000e+000,3,9.891731e-001,1.825000e+000,,,,,,,,,,,,,,,,,,0,3.000000e+000,5.000000e-001,5,1,5.711060e-001,0,1,0,
1711921044.883,,0.000000e+000,1.536114e+002,3.735857e-003,0.000000e+000,2.463177e-002,0.000000e+000,3,9.892540e-001,1.825000e+000,,,,,,,,,,,,,,,,,,0,3.000000e+000,5.000000e-001,5,1,6.436920e-001,0,1,0,
1711921073.534,,0.000000e+000,1.526339e+002,3.743510e-003,0.000000e+000,2.479039e-002,0.000000e+000,3,9.893022e-001,1.825000e+000,,,,,,,,,,,,,,,,,,0,3.000000e+000,5.000000e-001,5,1,5.890045e-001,0,1,0,
1711921107.181,,0.000000e+000,1.515638e+002,3.754407e-003,0.000000e+000,2.477140e-002,0.000000e+000,3,9.891772e-001,1.825000e+000,,,,,,,,,,,,,,,,,,0,3.000000e+000,5.000000e-001,5,1,5.814056e-001,0,1,0,
1711921135.582,,0.000000e+000,1.505949e+002,3.772637e-003,0.000000e+000,2.245205e-002,0.000000e+000,3,9.866937e-001,1.825000e+000,,,,,,,,,,,,,,,,,,0,3.000000e+000,5.000000e-001,5,1,5.037994e-001,0,1,0,
1711921166.742,,0.000000e+000,1.495573e+002,3.773257e-003,0.000000e+000,2.514987e-002,0.000000e+000,3,9.892515e-001,1.825000e+000,,,,,,,,,,,,,,,,,,0,3.000000e+000,5.000000e-001,5,1,5.945129e-001,0,0,0,
1711921195.135,,0.000000e+000,1.485235e+002,3.782049e-003,0.000000e+000,2.526828e-002,0.000000e+000,3,9.891883e-001,1.825000e+000,,,,,,,,,,,,,,,,,,0,3.000000e+000,5.000000e-001,5,1,5.149994e-001,0,0,0,
1711921225.791,,0.000000e+000,1.476421e+002,3.791925e-003,0.000000e+000,2.536983e-002,0.000000e+000,3,9.891198e-001,1.825000e+000,,,,,,,,,,,,,,,,,,0,3.000000e+000,5.000000e-001,5,1,5.686035e-001,0,0,0,
1711921256.687,,0.000000e+000,1.465204e+002,3.801401e-003,0.000000e+000,2.556169e-002,0.000000e+000,3,9.891241e-001,1.825000e+000,,,,,,,,,,,,,,,,,,0,3.000000e+000,5.000000e-001,5,1,6.629028e-001,0,0,0,
1711921285.629,,0.000000e+000,1.455595e+002,3.810587e-003,0.000000e+000,2.567413e-002,0.000000e+000,3,9.890582e-001,1.825000e+000,,,,,,,,,,,,,,,,,,0,3.000000e+000,5.000000e-001,5,1,5.856018e-001,0,0,0,
1711921315.775,,0.000000e+000,1.446160e+002,3.820832e-003,0.000000e+000,2.566172e-002,0.000000e+000,3,9.891262e-001,1.825000e+000,,,,,,,,,,,,,,,,,,0,3.000000e+000,5.000000e-001,5,1,5.899963e-001,0,0,0,
1711921343.420,,0.000000e+000,1.436026e+002,3.829013e-003,0.000000e+000,2.601206e-002,0.000000e+000,3,9.892696e-001,1.825000e+000,,,,,,,,,,,,,,,,,,0,3.000000e+000,5.000000e-001,5,1,7.283020e-001,0,0,0,
1711921374.564,,0.000000e+000,1.425212e+002,3.839040e-003,0.000000e+000,2.597202e-002,0.000000e+000,3,9.891599e-001,1.825000e+000,,,,,,,,,,,,,,,,,,0,3.000000e+000,5.000000e-001,5,1,5.800018e-001,0,0,0,
1711921402.953,,0.000000e+000,1.415571e+002,3.848638e-003,0.000000e+000,2.604768e-002,0.000000e+000,3,9.891468e-001,1.825000e+000,,,,,,,,,,,,,,,,,,0,3.000000e+000,5.000000e-001,5,1,6.032104e-001,0,0,0,
1711921431.842,,0.000000e+000,1.405733e+002,3.857738e-003,0.000000e+000,2.613375e-002,0.000000e+000,3,9.890445e-001,1.825000e+000,,,,,,,,,,,,,,,,,,0,3.000000e+000,5.000000e-001,5,1,5.144958e-001,0,0,0,
1711921459.169,,0.000000e+000,1.396541e+002,3.866779e-003,0.000000e+000,2.622052e-002,0.000000e+000,3,9.890445e-001,1.825000e+000,,,,,,,,,,,,,,,,,,0,3.000000e+000,5.000000e-001,5,1,6.022034e-001,0,1,0,
1711921488.039,,0.000000e+000,1.385196e+002,3.876219e-003,0.000000e+000,2.648760e-002,0.000000e+000,3,9.891663e-001,1.825000e+000,,,,,,,,,,,,,,,,,,0,3.000000e+000,5.000000e-001,5,1,6.410065e-001,0,1,0,
1711921518.682,,0.000000e+000,1.374731e+002,3.886295e-003,0.000000e+000,2.667480e-002,0.000000e+000,3,9.891658e-001,1.825000e+000,,,,,,,,,,,,,,,,,,0,3.000000e+000,5.000000e-001,5,1,7.079010e-001,0,1,0,
1711921547.327,,0.000000e+000,1.365082e+002,3.895555e-003,0.000000e+000,2.664540e-002,0.000000e+000,3,9.891957e-001,1.825000e+000,,,,,,,,,,,,,,,,,,0,3.000000e+000,5.000000e-001,5,1,6.323090e-001,0,1,0,
1711921575.398,,0.000000e+000,1.355478e+002,3.905019e-003,0.000000e+000,2.682909e-002,0.000000e+000,3,9.891850e-001,1.825000e+000,,,,,,,,,,,,,,,,,,0,3.000000e+000,5.000000e-001,5,1,5.380096e-001,0,1,0,
1711921603.024,,0.000000e+000,1.345569e+002,3.913573e-003,0.000000e+000,2.693713e-002,0.000000e+000,3,9.892071e-001,1.825000e+000,,,,,,,,,,,,,,,,,,0,3.000000e+000,5.000000e-001,5,1,5.410919e-001,0,1,0,
1711921631.697,,0.000000e+000,1.336010e+002,3.923112e-003,0.000000e+000,2.710173e-002,0.000000e+000,3,9.891992e-001,1.825000e+000,,,,,,,,,,,,,,,,,,0,3.000000e+000,5.000000e-001,5,1,6.135101e-001,0,1,0,
1711921658.378,,0.000000e+000,1.326901e+002,3.930973e-003,0.000000e+000,2.729337e-002,0.000000e+000,3,9.891962e-001,1.825000e+000,,,,,,,,,,,,,,,,,,0,3.000000e+000,5.000000e-001,5,1,6.035919e-001,0,1,0,
1711921693.205,,0.000000e+000,1.314165e+002,3.941973e-003,0.000000e+000,2.746752e-002,0.000000e+000,3,9.891962e-001,1.825000e+000,,,,,,,,,,,,,,,,,,0,3.000000e+000,5.000000e-001,5,1,4.949036e-001,0,1,0,
1711921719.581,,0.000000e+000,1.306070e+002,3.949932e-003,0.000000e+000,2.752222e-002,0.000000e+000,3,9.891168e-001,1.825000e+000,,,,,,,,,,,,,,,,,,0,3.000000e+000,5.000000e-001,5,1,7.033997e-001,0,1,0,
1711921752.973,,0.000000e+000,1.293911e+002,3.960534e-003,0.000000e+000,2.773656e-002,0.000000e+000,3,9.890614e-001,1.825000e+000,,,,,,,,,,,,,,,,,,0,3.000000e+000,5.000000e-001,5,1,7.199097e-001,0,1,0,
1711921778.135,,0.000000e+000,1.285448e+002,3.967885e-003,0.000000e+000,2.781392e-002,0.000000e+000,3,9.891083e-001,1.825000e+000,,,,,,,,,,,,,,,,,,0,3.000000e+000,5.000000e-001,5,1,5.638123e-001,0,1,0,
1711921806.283,,0.000000e+000,1.275808e+002,3.976379e-003,0.000000e+000,2.785804e-002,0.000000e+000,3,9.891311e-001,1.825000e+000,,,,,,,,,,,,,,,,,,0,3.000000e+000,5.000000e-001,5,1,5.197983e-001,0,1,0,
1711921836.735,,0.000000e+000,1.265715e+002,3.986215e-003,0.000000e+000,2.790993e-002,0.000000e+000,3,9.890988e-001,1.825000e+000,,,,,,,,,,,,,,,,,,0,3.000000e+000,5.000000e-001,5,1,6.295013e-001,0,1,0,
1711921864.631,,0.000000e+000,1.256758e+002,3.994392e-003,0.000000e+000,2.801131e-002,0.000000e+000,3,9.891425e-001,1.825000e+000,,,,,,,,,,,,,,,,,,0,3.000000e+000,5.000000e-001,5,1,5.724945e-001,0,1,0,
1711921896.771,,0.000000e+000,1.244289e+002,4.004275e-003,0.000000e+000,2.820120e-002,0.000000e+000,3,9.890931e-001,1.825000e+000,,,,,,,,,,,,,,,,,,0,3.000000e+000,5.000000e-001,5,1,5.141983e-001,0,1,0,
1711921928.190,,0.000000e+000,1.234749e+002,4.014063e-003,0.000000e+000,2.830186e-002,0.000000e+000,3,9.890561e-001,1.825000e+000,,,,,,,,,,,,,,,,,,0,3.000000e+000,5.000000e-001,5,1,5.713959e-001,0,0,0,
1711921952.075,,0.000000e+000,1.227102e+002,4.020636e-003,0.000000e+000,2.841095e-002,0.000000e+000,3,9.890193e-001,1.825000e+000,,,,,,,,,,,,,,,,,,0,3.000000e+000,5.000000e-001,5,1,5.564041e-001,0,0,0,
1711921983.767,,0.000000e+000,1.216026e+002,4.030630e-003,0.000000e+000,2.851973e-002,0.000000e+000,3,9.891387e-001,1.825000e+000,,,,,,,,,,,,,,,,,,0,3.000000e+000,5.000000e-001,5,1,6.474991e-001,0,0,0,
1711922014.962,,0.000000e+000,1.205027e+002,4.039668e-003,0.000000e+000,2.866018e-002,0.000000e+000,3,9.890956e-001,1.825000e+000,,,,,,,,,,,,,,,,,,0,3.000000e+000,5.000000e-001,5,1,7.231064e-001,0,0,0,
1711922040.854,,0.000000e+000,1.196150e+002,4.048295e-003,0.000000e+000,2.874016e-002,0.000000e+000,3,9.890338e-001,1.825000e+000,,,,,,,,,,,,,,,,,,0,3.000000e+000,5.000000e-001,5,1,6.444016e-001,0,0,0,
1711922072.506,,0.000000e+000,1.185397e+002,4.058077e-003,0.000000e+000,2.874209e-002,0.000000e+000,3,9.890131e-001,1.825000e+000,,,,,,,,,,,,,,,,,,0,3.000000e+000,5.000000e-001,5,1,6.538010e-001,0,0,0,
1711922104.654,,0.000000e+000,1.173837e+002,4.067862e-003,0.000000e+000,2.884848e-002,0.000000e+000,3,9.890522e-001,1.825000e+000,,,,,,,,,,,,,,,,,,0,3.000000e+000,5.000000e-001,5,1,5.050964e-001,0,0,0,
1711922128.825,,0.000000e+000,1.165070e+002,4.076242e-003,0.000000e+000,2.889421e-002,0.000000e+000,3,9.887636e-001,1.825000e+000,,,,,,,,,,,,,,,,,,0,3.000000e+000,5.000000e-001,5,1,6.644058e-001,0,0,0,
1711922156.971,,0.000000e+000,1.154458e+002,4.084358e-003,0.000000e+000,2.908965e-002,0.000000e+000,3,9.890596e-001,1.825000e+000,,,,,,,,,,,,,,,,,,0,3.000000e+000,5.000000e-001,5,1,5.926056e-001,0,0,0,
1711922186.369,,0.000000e+000,1.144697e+002,4.094310e-003,0.000000e+000,2.899327e-002,0.000000e+000,3,9.889435e-001,1.825000e+000,,,,,,,,,,,,,,,,,,0,3.000000e+000,5.000000e-001,5,1,6.507950e-001,0,0,0,
1711922210.007,,0.000000e+000,1.136193e+002,4.101010e-003,0.000000e+000,2.918875e-002,0.000000e+000,3,9.890092e-001,1.825000e+000,,,,,,,,,,,,,,,,,,0,3.000000e+000,5.000000e-001,5,1,7.527008e-001,0,0,0,
1711922237.830,,0.000000e+000,1.126023e+002,4.109862e-003,0.000000e+000,2.929076e-002,0.000000e+000,3,9.889684e-001,1.825000e+000,,,,,,,,,,,,,,,,,,0,3.000000e+000,5.000000e-001,5,1,5.939026e-001,0,0,0,
1711922269.959,,0.000000e+000,1.114433e+002,4.120208e-003,0.000000e+000,2.922565e-002,0.000000e+000,3,9.888545e-001,1.825000e+000,,,,,,,,,,,,,,,,,,0,3.000000e+000,5.000000e-001,5,1,5.521011e-001,0,1,0,
1711922298.861,,0.000000e+000,1.103648e+002,4.128762e-003,0.000000e+000,2.937333e-002,0.000000e+000,3,9.887682e-001,1.825000e+000,,,,,,,,,,,,,,,,,,0,3.000000e+000,5.000000e-001,5,1,5.460052e-001,0,1,0,
1711922324.795,,0.000000e+000,1.094254e+002,4.136923e-003,0.000000e+000,2.940595e-002,0.000000e+000,3,9.888799e-001,1.825000e+000,,,,,,,,,,,,,,,,,,0,3.000000e+000,5.000000e-001,5,1,5.479050e-001,0,1,0,
1711922351.681,,0.000000e+000,1.085056e+002,4.145519e-003,0.000000e+000,2.948979e-002,0.000000e+000,3,9.889796e-001,1.825000e+000,,,,,,,,,,,,,,,,,,0,3.000000e+000,5.000000e-001,5,1,5.395966e-001,0,1,0,
1711922379.862,,0.000000e+000,1.075381e+002,4.155045e-003,0.000000e+000,2.953149e-002,0.000000e+000,3,9.887979e-001,1.825000e+000,,,,,,,,,,,,,,,,,,0,3.000000e+000,5.000000e-001,5,1,6.142960e-001,0,1,0,
1711922404.756,,0.000000e+000,1.066105e+002,4.162710e-003,0.000000e+000,2.951361e-002,0.000000e+000,3,9.889981e-001,1.825000e+000,,,,,,,,,,,,,,,,,,0,3.000000e+000,5.000000e-001,5,1,6.180038e-001,0,1,0,
1711922433.458,,0.000000e+000,1.055807e+002,4.171216e-003,0.000000e+000,2.961959e-002,0.000000e+000,3,9.889961e-001,1.825000e+000,,,,,,,,,,,,,,,,,,0,3.000000e+000,5.000000e-001,5,1,5.362015e-001,0,1,0,
1711922464.858,,0.000000e+000,1.044739e+002,4.181130e-003,0.000000e+000,2.966541e-002,0.000000e+000,3,9.890475e-001,1.825000e+000,,,,,,,,,,,,,,,,,,0,3.000000e+000,5.000000e-001,5,1,6.148071e-001,0,1,0,
1711922493.516,,0.000000e+000,1.034436e+002,4.189919e-003,0.000000e+000,2.982009e-002,0.000000e+000,3,9.890272e-001,1.825000e+000,,,,,,,,,,,,,,,,,,0,3.000000e+000,5.000000e-001,5,1,5.291977e-001,0,1,0,
1711922518.178,,0.000000e+000,1.025146e+002,4.197638e-003,0.000000e+000,2.996743e-002,0.000000e+000,3,9.890251e-001,1.825000e+000,,,,,,,,,,,,,,,,,,0,3.000000e+000,5.000000e-001,5,1,6.983032e-001,0,1,0,
1711922544.610,,0.000000e+000,1.015564e+002,4.205311e-003,0.000000e+000,3.008877e-002,0.000000e+000,3,9.889308e-001,1.825000e+000,,,,,,,,,,,,,,,,,,0,3.000000e+000,5.000000e-001,5,1,6.232986e-001,0,1,0,
1711922575.009,,0.000000e+000,1.004856e+002,4.214491e-003,0.000000e+000,3.010507e-002,0.000000e+000,3,9.889401e-001,1.825000e+000,,,,,,,,,,,,,,,,,,0,3.000000e+000,5.000000e-001,5,1,6.234055e-001,0,1,0,
1711922601.654,,0.000000e+000,9.956609e+001,4.222308e-003,0.000000e+000,3.023141e-002,0.000000e+000,3,9.890233e-001,1.825000e+000,,,,,,,,,,,,,,,,,,0,3.000000e+000,5.000000e-001,5,1,6.178741e-001,0,1,0,
1711922628.045,,0.000000e+000,9.859864e+001,4.229745e-003,0.000000e+000,3.031871e-002,0.000000e+000,3,9.890403e-001,1.825000e+000,,,,,,,,,,,,,,,,,,0,3.000000e+000,5.000000e-001,5,1,5.338135e-001,0,1,0,
1711922656.944,,0.000000e+000,9.762579e+001,4.238650e-003,0.000000e+000,3.040677e-002,0.000000e+000,3,9.890059e-001,1.825000e+000,,,,,,,,,,,,,,,,,,0,3.000000e+000,5.000000e-001,5,1,6.251068e-001,0,1,0,
1711922690.098,,0.000000e+000,9.638604e+001,4.248159e-003,0.000000e+000,3.042277e-002,0.000000e+000,3,9.889284e-001,1.825000e+000,,,,,,,,,,,,,,,,,,0,3.000000e+000,5.000000e-001,5,1,6.297760e-001,0,1,0,
1711922713.234,,0.000000e+000,9.557526e+001,4.255443e-003,0.000000e+000,3.054809e-002,0.000000e+000,3,9.889551e-001,1.825000e+000,,,,,,,,,,,,,,,,,,0,3.000000e+000,5.000000e-001,5,1,7.036743e-001,0,0,0,
1711922743.392,,0.000000e+000,9.457266e+001,4.264093e-003,0.000000e+000,3.053253e-002,0.000000e+000,3,9.889165e-001,1.825000e+000,,,,,,,,,,,,,,,,,,0,3.000000e+000,5.000000e-001,5,1,7.140121e-001,0,0,0,
1711922769.281,,0.000000e+000,9.347334e+001,4.271472e-003,0.000000e+000,3.071543e-002,0.000000e+000,3,9.888623e-001,1.825000e+000,,,,,,,,,,,,,,,,,,0,3.000000e+000,5.000000e-001,5,1,5.591278e-001,0,0,0,
1711922798.170,,0.000000e+000,9.253591e+001,4.280347e-003,0.000000e+000,3.066473e-002,0.000000e+000,3,9.888998e-001,1.825000e+000,,,,,,,,,,,,,,,,,,0,3.000000e+000,5.000000e-001,5,1,5.514374e-001,0,0,0,
1711922826.570,,0.000000e+000,9.150218e+001,4.288744e-003,0.000000e+000,3.077048e-002,0.000000e+000,3,9.889137e-001,1.825000e+000,,,,,,,,,,,,,,,,,,0,3.000000e+000,5.000000e-001,5,1,5.601501e-001,0,0,0,
1711922850.704,,0.000000e+000,9.053749e+001,4.295163e-003,0.000000e+000,3.087544e-002,0.000000e+000,3,9.890670e-001,1.825000e+000,,,,,,,,,,,,,,,,,,0,3.000000e+000,5.000000e-001,5,1,7.325363e-001,0,0,0,
1711922879.096,,0.000000e+000,8.953654e+001,4.304188e-003,0.000000e+000,3.092766e-002,0.000000e+000,3,9.890083e-001,1.825000e+000,,,,,,,,,,,,,,,,,,0,3.000000e+000,5.000000e-001,5,1,6.508408e-001,0,0,0,
1711922904.243,,0.000000e+000,8.848835e+001,4.311754e-003,0.000000e+000,3.081956e-002,0.000000e+000,3,9.888808e-001,1.825000e+000,,,,,,,,,,,,,,,,,,0,3.000000e+000,5.000000e-001,5,1,6.501465e-001,0,0,0,
1711922930.891,,0.000000e+000,8.756299e+001,4.319387e-003,0.000000e+000,3.090230e-002,0.000000e+000,3,9.889760e-001,1.825000e+000,,,,,,,,,,,,,,,,,,0,3.000000e+000,5.000000e-001,5,1,5.652695e-001,0,0,0,
1711922957.473,,0.000000e+000,8.645352e+001,4.327910e-003,0.000000e+000,3.100107e-002,0.000000e+000,3,9.888508e-001,1.825000e+000,,,,,,,,,,,,,,,,,,0,3.000000e+000,5.000000e-001,5,1,6.671219e-001,0,0,0,
1711922982.850,,0.000000e+000,8.546420e+001,4.334950e-003,0.000000e+000,3.109593e-002,0.000000e+000,3,9.888901e-001,1.825000e+000,,,,,,,,,,,,,,,,,,0,3.000000e+000,5.000000e-001,5,1,6.711807e-001,0,0,0,
1711923009.926,,0.000000e+000,8.452208e+001,4.343354e-003,0.000000e+000,3.104588e-002,0.000000e+000,3,9.889395e-001,1.825000e+000,,,,,,,,,,,,,,,,,,0,3.000000e+000,5.000000e-001,5,1,7.378922e-001,0,0,0,
1711923037.048,,0.000000e+000,8.347845e+001,4.351602e-003,0.000000e+000,3.104279e-002,0.000000e+000,3,9.888341e-001,1.825000e+000,,,,,,,,,,,,,,,,,,0,3.000000e+000,5.000000e-001,5,1,6.795578e-001,0,1,0,
1711923060.428,,0.000000e+000,8.247918e+001,4.359066e-003,0.000000e+000,3.109250e-002,0.000000e+000,3,9.888759e-001,1.825000e+000,,,,,,,,,,,,,,,,,,0,3.000000e+000,5.000000e-001,5,1,6.176605e-001,0,1,0,
1711923086.336,,0.000000e+000,8.156010e+001,4.366816e-003,0.000000e+000,3.113529e-002,0.000000e+000,3,9.888440e-001,1.825000e+000,,,,,,,,,,,,,,,,,,0,3.000000e+000,5.000000e-001,5,1,6.966171e-001,0,1,0,
1711923110.726,,0.000000e+000,8.050421e+001,4.372989e-003,0.000000e+000,3.128363e-002,0.000000e+000,3,9.889211e-001,1.825000e+000,,,,,,,,,,,,,,,,,,0,3.000000e+000,5.000000e-001,5,1,7.064590e-001,0,1,0,
1711923137.383,,0.000000e+000,7.953419e+001,4.380926e-003,0.000000e+000,3.130171e-002,0.000000e+000,3,9.888961e-001,1.825000e+000,,,,,,,,,,,,,,,,,,0,3.000000e+000,5.000000e-001,5,1,7.127686e-001,0,1,0,
1711923167.334,,0.000000e+000,7.830713e+001,4.389741e-003,0.000000e+000,3.138537e-002,0.000000e+000,3,9.888295e-001,1.825000e+000,,,,,,,,,,,,,,,,,,0,3.000000e+000,5.000000e-001,5,1,7.058640e-001,0,1,0,
1711923185.969,,0.000000e+000,7.750926e+001,4.395314e-003,0.000000e+000,3.136266e-002,0.000000e+000,3,9.887966e-001,1.825000e+000,,,,,,,,,,,,,,,,,,0,3.000000e+000,5.000000e-001,5,1,7.031097e-001,0,1,0,
1711923213.873,,0.000000e+000,7.640215e+001,4.403177e-003,0.000000e+000,3.150563e-002,0.000000e+000,3,9.888647e-001,1.825000e+000,,,,,,,,,,,,,,,,,,0,3.000000e+000,5.000000e-001,5,1,6.347046e-001,0,1,0,
1711923238.760,,0.000000e+000,7.542627e+001,4.410112e-003,0.000000e+000,3.150119e-002,0.000000e+000,3,9.888609e-001,1.825000e+000,,,,,,,,,,,,,,,,,,0,3.000000e+000,5.000000e-001,5,1,6.290207e-001,0,1,0,
1711923262.656,,0.000000e+000,7.458752e+001,4.416356e-003,0.000000e+000,3.157754e-002,0.000000e+000,3,9.889079e-001,1.825000e+000,,,,,,,,,,,,,,,,,,0,3.000000e+000,5.000000e-001,5,1,7.098160e-001,0,1,0,
1711923289.297,,0.000000e+000,7.349938e+001,4.423825e-003,0.000000e+000,3.168296e-002,0.000000e+000,3,9.888608e-001,1.825000e+000,,,,,,,,,,,,,,,,,,0,3.000000e+000,5.000000e-001,5,1,7.401886e-001,0,1,0,
1711923314.972,,0.000000e+000,7.249593e+001,4.430838e-003,0.000000e+000,3.170057e-002,0.000000e+000,3,9.889443e-001,1.825000e+000,,,,,,,,,,,,,,,,,,0,3.000000e+000,5.000000e-001,5,1,7.747498e-001,0,1,0,
1711923340.359,,0.000000e+000,7.151773e+001,4.437753e-003,0.000000e+000,3.180421e-002,0.000000e+000,3,9.889017e-001,1.825000e+000,,,,,,,,,,,,,,,,,,0,3.000000e+000,5.000000e-001,5,1,6.889038e-001,0,1,0,
1711923363.503,,0.000000e+000,7.053391e+001,4.444167e-003,0.000000e+000,3.182166e-002,0.000000e+000,3,9.888744e-001,1.825000e+000,,,,,,,,,,,,,,,,,,0,3.000000e+000,5.000000e-001,5,1,7.784042e-001,0,1,0,
1711923391.642,,0.000000e+000,6.949648e+001,4.451979e-003,0.000000e+000,3.183048e-002,0.000000e+000,3,9.888185e-001,1.825000e+000,,,,,,,,,,,,,,,,,,0,3.000000e+000,5.000000e-001,5,1,7.842712e-001,0,1,0,
1711923417.281,,0.000000e+000,6.845342e+001,4.458494e-003,0.000000e+000,3.193706e-002,0.000000e+000,3,9.888820e-001,1.825000e+000,,,,,,,,,,,,,,,,,,0,3.000000e+000,5.000000e-001,5,1,7.821198e-001,0,1,0,
1711923438.441,,0.000000e+000,6.757587e+001,4.263858e-003,0.000000e+000,2.177467e-002,0.000000e+000,3,8.426152e-001,1.825000e+000,,,,,,,,,,,,,,,,,,0,3.000000e+000,5.000000e-001,5,1,7.914047e-001,0,1,0,
1711923463.581,,0.000000e+000,6.649060e+001,4.470861e-003,0.000000e+000,3.203642e-002,0.000000e+000,3,9.889167e-001,1.825000e+000,,,,,,,,,,,,,,,,,,0,3.000000e+000,5.000000e-001,5,1,7.065659e-001,0,0,0,
1711923491.643,,0.000000e+000,6.530937e+001,4.478351e-003,0.000000e+000,3.202269e-002,0.000000e+000,3,9.888653e-001,1.825000e+000,,,,,,,,,,,,,,,,,,0,3.000000e+000,5.000000e-001,5,1,6.227036e-001,0,0,0,
1711923514.262,,0.000000e+000,6.451411e+001,4.484443e-003,0.000000e+000,3.205498e-002,0.000000e+000,3,9.888551e-001,1.825000e+000,,,,,,,,,,,,,,,,,,0,3.000000e+000,5.000000e-001,5,1,6.262665e-001,0,0,0,
1711923542.692,,0.000000e+000,6.335149e+001,4.492149e-003,0.000000e+000,3.195145e-002,0.000000e+000,3,9.887899e-001,1.825000e+000,,,,,,,,,,,,,,,,,,0,3.000000e+000,5.000000e-001,5,1,6.290588e-001,0,0,0,
1711923565.343,,0.000000e+000,6.230604e+001,4.497252e-003,0.000000e+000,3.213221e-002,0.000000e+000,3,9.889770e-001,1.825000e+000,,,,,,,,,,,,,,,,,,0,3.000000e+000,5.000000e-001,5,1,7.364006e-001,0,0,0,
1711923584.658,,0.000000e+000,6.143909e+001,4.502552e-003,0.000000e+000,3.208696e-002,0.000000e+000,3,9.889392e-001,1.825000e+000,,,,,,,,,,,,,,,,,,0,3.000000e+000,5.000000e-001,5,1,6.477203e-001,0,0,0,
1711923611.027,,0.000000e+000,6.048335e+001,4.509683e-003,0.000000e+000,3.204004e-002,0.000000e+000,3,9.889134e-001,1.825000e+000,,,,,,,,,,,,,,,,,,0,3.000000e+000,5.000000e-001,5,1,7.331924e-001,0,0,0,
1711923633.661,,0.000000e+000,5.937041e+001,4.515943e-003,0.000000e+000,3.205961e-002,0.000000e+000,3,9.888659e-001,1.825000e+000,,,,,,,,,,,,,,,,,,0,3.000000e+000,5.000000e-001,5,1,5.636101e-001,0,0,0,
1711923654.966,,0.000000e+000,5.853101e+001,4.521516e-003,0.000000e+000,3.207210e-002,0.000000e+000,3,9.888408e-001,1.825000e+000,,,,,,,,,,,,,,,,,,0,3.000000e+000,5.000000e-001,5,1,7.557487e-001,0,0,0,
1711923681.095,,0.000000e+000,5.743972e+001,4.527980e-003,0.000000e+000,3.208630e-002,0.000000e+000,3,9.888637e-001,1.825000e+000,,,,,,,,,,,,,,,,,,0,3.000000e+000,5.000000e-001,5,1,6.955185e-001,0,0,0,
1711923703.231,,0.000000e+000,5.641529e+001,4.533619e-003,0.000000e+000,3.210686e-002,0.000000e+000,3,9.888476e-001,1.825000e+000,,,,,,,,,,,,,,,,,,0,3.000000e+000,5.000000e-001,5,1,9.711609e-001,0,0,0,
1711923724.364,,0.000000e+000,5.548169e+001,4.538600e-003,0.000000e+000,3.212081e-002,0.000000e+000,3,9.888546e-001,1.825000e+000,,,,,,,,,,,,,,,,,,0,3.000000e+000,5.000000e-001,5,1,7.198181e-001,0,0,0,
1711923751.259,,0.000000e+000,5.428837e+001,4.545517e-003,0.000000e+000,3.203246e-002,0.000000e+000,3,9.889179e-001,1.825000e+000,,,,,,,,,,,,,,,,,,0,3.000000e+000,5.000000e-001,5,1,6.285973e-001,0,0,0,
1711923771.897,,0.000000e+000,5.344649e+001,4.550167e-003,0.000000e+000,3.207766e-002,0.000000e+000,3,9.889037e-001,1.825000e+000,,,,,,,,,,,,,,,,,,0,3.000000e+000,5.000000e-001,5,1,8.899803e-001,0,0,0,
1711923795.283,,0.000000e+000,5.232096e+001,4.555416e-003,0.000000e+000,3.213750e-002,0.000000e+000,3,9.889129e-001,1.825000e+000,,,,,,,,,,,,,,,,,,0,3.000000e+000,5.000000e-001,5,1,8.090401e-001,0,0,0,
1711923818.175,,0.000000e+000,5.133283e+001,4.561265e-003,0.000000e+000,3.207176e-002,0.000000e+000,3,9.888361e-001,1.825000e+000,,,,,,,,,,,,,,,,,,0,3.000000e+000,5.000000e-001,5,1,8.062019e-001,0,0,0,
1711923841.248,,0.000000e+000,5.033320e+001,4.566079e-003,0.000000e+000,3.207658e-002,0.000000e+000,3,9.888912e-001,1.825000e+000,,,,,,,,,,,,,,,,,,0,3.000000e+000,5.000000e-001,5,1,8.306007e-001,0,0,0,
1711923861.393,,0.000000e+000,4.931364e+001,4.741221e-003,0.000000e+000,1.655531e-002,0.000000e+000,3,9.181697e-001,1.825000e+000,,,,,,,,,,,,,,,,,,0,3.000000e+000,5.000000e-001,5,1,6.534805e-001,0,1,0,
1711923882.082,,0.000000e+000,4.834869e+001,4.575700e-003,0.000000e+000,3.196971e-002,0.000000e+000,3,9.889028e-001,1.825000e+000,,,,,,,,,,,,,,,,,,0,3.000000e+000,5.000000e-001,5,1,6.919632e-001,0,1,0,
1711923904.725,,0.000000e+000,4.741681e+001,4.580620e-003,0.000000e+000,3.204126e-002,0.000000e+000,3,9.888493e-001,1.825000e+000,,,,,,,,,,,,,,,,,,0,3.000000e+000,5.000000e-001,5,1,7.810211e-001,0,1,0,
1711923927.040,,0.000000e+000,4.644618e+001,4.585139e-003,0.000000e+000,3.195088e-002,0.000000e+000,3,9.888930e-001,1.825000e+000,,,,,,,,,,,,,,,,,,0,3.000000e+000,5.000000e-001,5,1,7.716484e-001,0,1,0,
1711923949.662,,0.000000e+000,4.533160e+001,4.589425e-003,0.000000e+000,3.204114e-002,0.000000e+000,3,9.890215e-001,1.825000e+000,,,,,,,,,,,,,,,,,,0,3.000000e+000,5.000000e-001,5,1,6.658096e-001,0,1,0,
1711923971.553,,0.000000e+000,4.433537e+001,4.594337e-003,0.000000e+000,3.194427e-002,0.000000e+000,3,9.888474e-001,1.825000e+000,,,,,,,,,,,,,,,,,,0,3.000000e+000,5.000000e-001,5,1,7.587128e-001,0,1,0,
1711923992.431,,0.000000e+000,4.348942e+001,4.598360e-003,0.000000e+000,3.201406e-002,0.000000e+000,3,9.887971e-001,1.825000e+000,,,,,,,,,,,,,,,,,,0,3.000000e+000,5.000000e-001,5,1,7.526817e-001,0,1,0,
1711924017.822,,0.000000e+000,4.234511e+001,4.602972e-003,0.000000e+000,3.196398e-002,0.000000e+000,3,9.888333e-001,1.825000e+000,,,,,,,,,,,,,,,,,,0,3.000000e+000,5.000000e-001,5,1,6.317787e-001,0,1,0,
1711924041.513,,0.000000e+000,4.128458e+001,4.606613e-003,0.000000e+000,3.199270e-002,0.000000e+000,3,9.887981e-001,1.825000e+000,,,,,,,,,,,,,,,,,,0,3.000000e+000,5.000000e-001,5,1,6.069603e-001,0,1,0,
1711924062.321,,0.000000e+000,4.060136e+001,4.609845e-003,0.000000e+000,3.196160e-002,0.000000e+000,3,9.887969e-001,1.825000e+000,,,,,,,,,,,,,,,,,,0,3.000000e+000,5.000000e-001,5,1,7.594795e-001,0,1,0,
1711924089.199,,0.000000e+000,3.955392e+001,4.613692e-003,0.000000e+000,3.197508e-002,0.000000e+000,3,9.889314e-001,1.825000e+000,,,,,,,,,,,,,,,,,,0,3.000000e+000,5.000000e-001,5,1,6.629181e-001,0,1,0,
1711924115.592,,0.000000e+000,3.857456e+001,4.617116e-003,0.000000e+000,3.202394e-002,0.000000e+000,3,9.889662e-001,1.825000e+000,,,,,,,,,,,,,,,,,,0,3.000000e+000,5.000000e-001,5,1,8.090782e-001,0,1,0,
1711924140.733,,0.000000e+000,3.764578e+001,4.620243e-003,0.000000e+000,3.204058e-002,0.000000e+000,3,9.889874e-001,1.825000e+000,,,,,,,,,,,,,,,,,,0,3.000000e+000,5.000000e-001,5,1,5.631599e-001,0,1,0,
1711924171.389,,0.000000e+000,3.657641e+001,4.624194e-003,0.000000e+000,3.197236e-002,0.000000e+000,3,9.888821e-001,1.825000e+000,,,,,,,,,,,,,,,,,,0,3.000000e+000,5.000000e-001,5,1,6.320000e-001,0,0,0,
1711924198.036,,0.000000e+000,3.557868e+001,4.627156e-003,0.000000e+000,3.197275e-002,0.000000e+000,3,9.889117e-001,1.825000e+000,,,,,,,,,,,,,,,,,,0,3.000000e+000,5.000000e-001,5,1,7.293510e-001,0,0,0,
1711924223.668,,0.000000e+000,3.463196e+001,4.630251e-003,0.000000e+000,3.195988e-002,0.000000e+000,3,9.889284e-001,1.825000e+000,,,,,,,,,,,,,,,,,,0,3.000000e+000,5.000000e-001,5,1,6.732292e-001,0,0,0,
1711924250.582,,0.000000e+000,3.361026e+001,4.633230e-003,0.000000e+000,3.194923e-002,0.000000e+000,3,9.888986e-001,1.825000e+000,,,,,,,,,,,,,,,,,,0,3.000000e+000,5.000000e-001,5,1,6.908417e-001,0,0,0,
1711924277.473,,0.000000e+000,3.247150e+001,4.636675e-003,0.000000e+000,3.190039e-002,0.000000e+000,3,9.889011e-001,1.825000e+000,,,,,,,,,,,,,,,,,,0,3.000000e+000,5.000000e-001,5,1,7.065697e-001,0,0,0,
1711924300.873,,0.000000e+000,3.144282e+001,4.639407e-003,0.000000e+000,3.186801e-002,0.000000e+000,3,9.886094e-001,1.825000e+000,,,,,,,,,,,,,,,,,,0,3.000000e+000,5.000000e-001,5,1,6.331406e-001,0,0,0,
1711924327.021,,0.000000e+000,3.044464e+001,4.642222e-003,0.000000e+000,3.187037e-002,0.000000e+000,3,9.885567e-001,1.825000e+000,,,,,,,,,,,,,,,,,,0,3.000000e+000,5.000000e-001,5,1,6.434803e-001,0,0,0,
1711924351.908,,0.000000e+000,2.941895e+001,4.643715e-003,0.000000e+000,3.199457e-002,0.000000e+000,3,9.888626e-001,1.825000e+000,,,,,,,,,,,,,,,,,,0,3.000000e+000,5.000000e-001,5,1,8.566895e-001,0,0,0,
1711924372.710,,0.000000e+000,2.860052e+001,4.645866e-003,0.000000e+000,3.190150e-002,0.000000e+000,3,9.888024e-001,1.825000e+000,,,,,,,,,,,,,,,,,,0,3.000000e+000,5.000000e-001,5,1,7.801514e-001,0,0,0,
1711924400.358,,0.000000e+000,2.746341e+001,4.647983e-003,0.000000e+000,3.184856e-002,0.000000e+000,3,9.888386e-001,1.825000e+000,,,,,,,,,,,,,,,,,,0,3.000000e+000,5.000000e-001,5,1,7.939701e-001,0,0,0,
1711924422.411,,0.000000e+000,2.649354e+001,4.649655e-003,0.000000e+000,3.193755e-002,0.000000e+000,3,9.888608e-001,1.825000e+000,,,,,,,,,,,,,,,,,,0,3.000000e+000,5.000000e-001,5,1,6.221390e-001,0,0,0,
1711924449.530,,0.000000e+000,2.527851e+001,4.651329e-003,0.000000e+000,3.196821e-002,0.000000e+000,3,9.888112e-001,1.825000e+000,,,,,,,,,,,,,,,,,,0,3.000000e+000,5.000000e-001,5,1,9.109497e-001,0,0,0,
1711924470.932,,0.000000e+000,2.447112e+001,4.652313e-003,0.000000e+000,3.194237e-002,0.000000e+000,3,9.888625e-001,1.825000e+000,,,,,,,,,,,,,,,,,,0,3.000000e+000,5.000000e-001,5,1,4.968491e-001,0,0,0,
1711924499.832,,0.000000e+000,2.358293e+001,4.654049e-003,0.000000e+000,3.179407e-002,0.000000e+000,3,9.888433e-001,1.825000e+000,,,,,,,,,,,,,,,,,,0,3.000000e+000,5.000000e-001,5,1,7.905006e-001,0,0,0,
1711924528.475,,0.000000e+000,2.262572e+001,4.654710e-003,0.000000e+000,3.194009e-002,0.000000e+000,3,9.888220e-001,1.825000e+000,,,,,,,,,,,,,,,,,,0,3.000000e+000,5.000000e-001,5,1,6.300182e-001,0,0,0,
1711924559.633,,0.000000e+000,2.149454e+001,4.655394e-003,0.000000e+000,3.200035e-002,0.000000e+000,3,9.889147e-001,1.825000e+000,,,,,,,,,,,,,,,,,,0,3.000000e+000,5.000000e-001,5,1,4.774990e-001,0,0,0,
1711924587.024,,0.000000e+000,2.051166e+001,4.655936e-003,0.000000e+000,3.195257e-002,0.000000e+000,3,9.889983e-001,1.825000e+000,,,,,,,,,,,,,,,,,,0,3.000000e+000,5.000000e-001,5,1,5.852795e-001,0,0,0,
1711924615.914,,0.000000e+000,1.958016e+001,4.656445e-003,0.000000e+000,3.200513e-002,0.000000e+000,3,9.888993e-001,1.825000e+000,,,,,,,,,,,,,,,,,,0,3.000000e+000,5.000000e-001,5,1,5.468597e-001,0,0,0,
1711924647.562,,0.000000e+000,1.861047e+001,4.656613e-003,0.000000e+000,3.197534e-002,0.000000e+000,3,9.888772e-001,1.825000e+000,,,,,,,,,,,,,,,,,,0,3.000000e+000,5.000000e-001,5,1,5.054111e-001,0,0,0,
1711924678.202,,0.000000e+000,1.758043e+001,4.656208e-003,0.000000e+000,3.205485e-002,0.000000e+000,3,9.889295e-001,1.825000e+000,,,,,,,,,,,,,,,,,,0,3.000000e+000,5.000000e-001,5,1,6.155701e-001,0,0,0,
1711924705.346,,0.000000e+000,1.664979e+001,4.656158e-003,0.000000e+000,3.207781e-002,0.000000e+000,3,9.888970e-001,1.825000e+000,,,,,,,,,,,,,,,,,,0,3.000000e+000,5.000000e-001,5,1,6.933002e-001,0,0,0,
1711924739.995,,0.000000e+000,1.543381e+001,4.656090e-003,0.000000e+000,3.207163e-002,0.000000e+000,3,9.887430e-001,1.825000e+000,,,,,,,,,,,,,,,,,,0,3.000000e+000,5.000000e-001,5,1,4.816198e-001,0,0,0,
1711924764.901,,0.000000e+000,1.456594e+001,4.655404e-003,0.000000e+000,3.207818e-002,0.000000e+000,3,9.887609e-001,1.825000e+000,,,,,,,,,,,,,,,,,,0,3.000000e+000,5.000000e-001,5,1,5.607901e-001,0,0,0,
1711924798.294,,0.000000e+000,1.342217e+001,4.653663e-003,0.000000e+000,3.207897e-002,0.000000e+000,3,9.889008e-001,1.825000e+000,,,,,,,,,,,,,,,,,,0,3.000000e+000,5.000000e-001,5,1,6.694899e-001,0,0,0,
1711924822.927,,0.000000e+000,1.256903e+001,4.653235e-003,0.000000e+000,3.220030e-002,0.000000e+000,3,9.888083e-001,1.825000e+000,,,,,,,,,,,,,,,,,,0,3.000000e+000,5.000000e-001,5,1,5.850296e-001,0,0,0,
1711924851.574,,0.000000e+000,1.156857e+001,4.651465e-003,0.000000e+000,3.208698e-002,0.000000e+000,3,9.888976e-001,1.825000e+000,,,,,,,,,,,,,,,,,,0,3.000000e+000,5.000000e-001,5,1,6.726894e-001,0,1,0,
1711924877.721,,0.000000e+000,1.063782e+001,4.650388e-003,0.000000e+000,3.215146e-002,0.000000e+000,3,9.888545e-001,1.825000e+000,,,,,,,,,,,,,,,,,,0,3.000000e+000,5.000000e-001,5,1,4.460001e-001,0,1,0,
1711924911.623,,0.000000e+000,9.588396e+000,4.648089e-003,0.000000e+000,3.229593e-002,0.000000e+000,3,9.889688e-001,1.825000e+000,,,,,,,,,,,,,,,,,,0,3.000000e+000,5.000000e-001,5,1,5.914650e-001,0,1,0,
1711924942.522,,0.000000e+000,8.668976e+000,4.646594e-003,0.000000e+000,3.219905e-002,0.000000e+000,3,9.888732e-001,1.825000e+000,,,,,,,,,,,,,,,,,,0,3.000000e+000,5.000000e-001,5,1,4.490728e-001,0,1,0,
1711924976.097,,0.000000e+000,7.636356e+000,4.644939e-003,0.000000e+000,3.219323e-002,0.000000e+000,3,9.887537e-001,1.825000e+000,,,,,,,,,,,,,,,,,,0,3.000000e+000,5.000000e-001,5,1,4.252129e-001,0,1,0,
1711925012.482,,0.000000e+000,6.618921e+000,4.641680e-003,0.000000e+000,3.221606e-002,0.000000e+000,3,9.889700e-001,1.825000e+000,,,,,,,,,,,,,,,,,,0,3.000000e+000,5.000000e-001,5,1,4.007812e-001,0,1,0,
1711925047.132,,0.000000e+000,5.742569e+000,4.640582e-003,0.000000e+000,3.231644e-002,0.000000e+000,3,9.888703e-001,1.825000e+000,,,,,,,,,,,,,,,,,,0,3.000000e+000,5.000000e-001,5,1,4.091272e-001,0,1,0,
1711925689.958,,0.000000e+000,5.001344e+000,4.638238e-003,0.000000e+000,3.222882e-002,0.000000e+000,3,9.889160e-001,1.825000e+000,,,,,,,,,,,,,,,,,,0,3.000000e+000,5.000000e-001,5,1,7.810736e-002,0,1,0,
1711925782.170,,0.000000e+000,4.990353e+000,4.638622e-003,0.000000e+000,3.232379e-002,0.000000e+000,3,9.888899e-001,1.825000e+000,,,,,,,,,,,,,,,,,,0,3.000000e+000,5.000000e-001,5,1,1.263618e-002,0,0,0,
1711925848.849,,0.000000e+000,6.508418e+000,4.642229e-003,0.000000e+000,3.226231e-002,0.000000e+000,3,9.887069e-001,1.825000e+000,,,,,,,,,,,,,,,,,,0,3.000000e+000,5.000000e-001,5,1,6.844158e-001,0,0,0,
1711925875.241,,0.000000e+000,7.517259e+000,4.643600e-003,0.000000e+000,3.214311e-002,0.000000e+000,3,9.886736e-001,1.825000e+000,,,,,,,,,,,,,,,,,,0,3.000000e+000,5.000000e-001,5,1,5.533338e-001,0,0,0,
1711925904.921,,0.000000e+000,8.440977e+000,4.644846e-003,0.000000e+000,3.220567e-002,0.000000e+000,3,9.887852e-001,1.825000e+000,,,,,,,,,,,,,,,,,,0,3.000000e+000,5.000000e-001,5,1,4.748278e-001,0,0,0,
1711925932.487,,0.000000e+000,9.416488e+000,4.646072e-003,0.000000e+000,3.215523e-002,0.000000e+000,3,9.888959e-001,1.825000e+000,,,,,,,,,,,,,,,,,,0,3.000000e+000,5.000000e-001,5,1,5.380344e-001,0,0,0,
1711925960.641,,0.000000e+000,1.033220e+001,4.647388e-003,0.000000e+000,3.207487e-002,0.000000e+000,3,9.889147e-001,1.825000e+000,,,,,,,,,,,,,,,,,,0,3.000000e+000,5.000000e-001,5,1,4.951296e-001,0,0,0,
1711925996.539,,0.000000e+000,1.139857e+001,4.649577e-003,0.000000e+000,3.206512e-002,0.000000e+000,3,9.888163e-001,1.825000e+000,,,,,,,,,,,,,,,,,,0,3.000000e+000,5.000000e-001,5,1,5.714607e-001,0,0,0,
1711926031.193,,0.000000e+000,1.242215e+001,4.651144e-003,0.000000e+000,3.202309e-002,0.000000e+000,3,9.888738e-001,1.825000e+000,,,,,,,,,,,,,,,,,,0,3.000000e+000,5.000000e-001,5,1,5.283995e-001,0,0,0,
1711926057.120,,0.000000e+000,1.327958e+001,4.652186e-003,0.000000e+000,3.211025e-002,0.000000e+000,3,9.889404e-001,1.825000e+000,,,,,,,,,,,,,,,,,,0,3.000000e+000,5.000000e-001,5,1,5.487404e-001,0,0,0,
1711926091.698,,0.000000e+000,1.440240e+001,4.653927e-003,0.000000e+000,3.204118e-002,0.000000e+000,3,9.887642e-001,1.825000e+000,,,,,,,,,,,,,,,,,,0,3.000000e+000,5.000000e-001,5,1,7.349901e-001,0,0,0,
1711926126.631,,0.000000e+000,1.557767e+001,4.654324e-003,0.000000e+000,3.200202e-002,0.000000e+000,3,9.888809e-001,1.825000e+000,,,,,,,,,,,,,,,,,,0,3.000000e+000,5.000000e-001,5,1,5.591002e-001,0,0,0,
1711926149.513,,0.000000e+000,1.636269e+001,4.654863e-003,0.000000e+000,3.195209e-002,0.000000e+000,3,9.887419e-001,1.825000e+000,,,,,,,,,,,,,,,,,,0,3.000000e+000,5.000000e-001,5,1,6.128387e-001,0,0,0,
1711926178.406,,0.000000e+000,1.737912e+001,4.655171e-003,0.000000e+000,3.193981e-002,0.000000e+000,3,9.887124e-001,1.825000e+000,,,,,,,,,,,,,,,,,,0,3.000000e+000,5.000000e-001,5,1,6.044102e-001,0,0,0,
1711926210.485,,0.000000e+000,1.841661e+001,4.655136e-003,0.000000e+000,3.193408e-002,0.000000e+000,3,9.887207e-001,1.825000e+000,,,,,,,,,,,,,,,,,,0,3.000000e+000,5.000000e-001,5,1,6.648693e-001,0,0,0,
1711926239.363,,0.000000e+000,1.936782e+001,4.654765e-003,0.000000e+000,3.190811e-002,0.000000e+000,3,9.887730e-001,1.825000e+000,,,,,,,,,,,,,,,,,,0,3.000000e+000,5.000000e-001,5,1,5.838890e-001,0,0,0,
1711926269.771,,0.000000e+000,2.041814e+001,4.654355e-003,0.000000e+000,3.189816e-002,0.000000e+000,3,9.888127e-001,1.825000e+000,,,,,,,,,,,,,,,,,,0,3.000000e+000,5.000000e-001,5,1,4.609203e-001,0,0,0,
1711926302.420,,0.000000e+000,2.150069e+001,4.653310e-003,0.000000e+000,3.186335e-002,0.000000e+000,3,9.888417e-001,1.825000e+000,,,,,,,,,,,,,,,,,,0,3.000000e+000,5.000000e-001,5,1,6.504898e-001,0,0,0,
1711926329.590,,0.000000e+000,2.234451e+001,4.652946e-003,0.000000e+000,3.184798e-002,0.000000e+000,3,9.889014e-001,1.825000e+000,,,,,,,,,,,,,,,,,,0,3.000000e+000,5.000000e-001,5,1,6.488304e-001,0,0,0,
1711926360.745,,0.000000e+000,2.340979e+001,4.651983e-003,0.000000e+000,3.190369e-002,0.000000e+000,3,9.888206e-001,1.825000e+000,,,,,,,,,,,,,,,,,,0,3.000000e+000,5.000000e-001,5,1,5.790691e-001,0,0,0,
1711926388.889,,0.000000e+000,2.437045e+001,4.650765e-003,0.000000e+000,3.185244e-002,0.000000e+000,3,9.888756e-001,1.825000e+000,,,,,,,,,,,,,,,,,,0,3.000000e+000,5.000000e-001,5,1,5.728302e-001,0,0,0,
1711926420.954,,0.000000e+000,2.545435e+001,4.649596e-003,0.000000e+000,3.177846e-002,0.000000e+000,3,9.888542e-001,1.825000e+000,,,,,,,,,,,,,,,,,,0,3.000000e+000,5.000000e-001,5,1,5.710087e-001,0,0,0,
1711926468.348,,0.000000e+000,2.700125e+001,4.647221e-003,0.000000e+000,3.181417e-002,0.000000e+000,3,9.887551e-001,1.825000e+000,,,,,,,,,,,,,,,,,,0,3.000000e+000,5.000000e-001,5,1,6.239796e-001,0,0,0,
1711926493.758,,0.000000e+000,2.781367e+001,4.645635e-003,0.000000e+000,3.178354e-002,0.000000e+000,3,9.887720e-001,1.825000e+000,,,,,,,,,,,,,,,,,,0,3.000000e+000,5.000000e-001,5,1,6.269493e-001,0,0,0,
1711926514.897,,0.000000e+000,2.853602e+001,4.644331e-003,0.000000e+000,3.173684e-002,0.000000e+000,3,9.888045e-001,1.825000e+000,,,,,,,,,,,,,,,,,,0,3.000000e+000,5.000000e-001,5,1,5.596390e-001,0,0,0,
1711926541.288,,0.000000e+000,2.940724e+001,4.642023e-003,0.000000e+000,3.167076e-002,0.000000e+000,3,9.888198e-001,1.825000e+000,,,,,,,,,,,,,,,,,,0,3.000000e+000,5.000000e-001,5,1,6.859398e-001,0,0,0,
1711926570.486,,0.000000e+000,3.036937e+001,4.640416e-003,0.000000e+000,3.162966e-002,0.000000e+000,3,9.887704e-001,1.825000e+000,,,,,,,,,,,,,,,,,,0,3.000000e+000,5.000000e-001,5,1,6.149807e-001,0,0,0,
1711926602.178,,0.000000e+000,3.143192e+001,4.638074e-003,0.000000e+000,3.164231e-002,0.000000e+000,3,9.885523e-001,1.825000e+000,,,,,,,,,,,,,,,,,,0,3.000000e+000,5.000000e-001,5,1,5.231895e-001,0,0,0,
1711926632.872,,0.000000e+000,3.241645e+001,4.635470e-003,0.000000e+000,3.173959e-002,0.000000e+000,3,9.888012e-001,1.825000e+000,,,,,,,,,,,,,,,,,,0,3.000000e+000,5.000000e-001,5,1,5.252686e-001,0,1,0,
1711926663.772,,0.000000e+000,3.344285e+001,4.632283e-003,0.000000e+000,3.161380e-002,0.000000e+000,3,9.887206e-001,1.825000e+000,,,,,,,,,,,,,,,,,,0,3.000000e+000,5.000000e-001,5,1,5.535774e-001,0,1,0,
1711926695.420,,0.000000e+000,3.451536e+001,4.628377e-003,0.000000e+000,3.166095e-002,0.000000e+000,3,9.888451e-001,1.825000e+000,,,,,,,,,,,,,,,,,,0,3.000000e+000,5.000000e-001,5,1,4.825401e-001,0,1,0,
1711926723.558,,0.000000e+000,3.542863e+001,4.625938e-003,0.000000e+000,3.172845e-002,0.000000e+000,3,9.888121e-001,1.825000e+000,,,,,,,,,,,,,,,,,,0,3.000000e+000,5.000000e-001,5,1,5.823288e-001,0,1,0,
1711926755.701,,0.000000e+000,3.652028e+001,4.622448e-003,0.000000e+000,3.168627e-002,0.000000e+000,3,9.888564e-001,1.825000e+000,,,,,,,,,,,,,,,,,,0,3.000000e+000,5.000000e-001,5,1,5.817108e-001,0,1,0,
1711926783.590,,0.000000e+000,3.743529e+001,4.619491e-003,0.000000e+000,3.177236e-002,0.000000e+000,3,9.888449e-001,1.825000e+000,,,,,,,,,,,,,,,,,,0,3.000000e+000,5.000000e-001,5,1,5.017509e-001,0,1,0,
1711926814.231,,0.000000e+000,3.845388e+001,4.615294e-003,0.000000e+000,3.174509e-002,0.000000e+000,3,9.888514e-001,1.825000e+000,,,,,,,,,,,,,,,,,,0,3.000000e+000,5.000000e-001,5,1,5.120010e-001,0,1,0,
1711926844.797,,0.000000e+000,3.950280e+001,4.611753e-003,0.000000e+000,3.181761e-002,0.000000e+000,3,9.887516e-001,1.825000e+000,,,,,,,,,,,,,,,,,,0,3.000000e+000,5.000000e-001,5,1,7.249603e-001,0,1,0,
1711926874.174,,0.000000e+000,4.044040e+001,4.608350e-003,0.000000e+000,3.185520e-002,0.000000e+000,3,9.888763e-001,1.825000e+000,,,,,,,,,,,,,,,,,,0,3.000000e+000,5.000000e-001,5,1,5.778503e-001,0,1,0,
1711926905.571,,0.000000e+000,4.148763e+001,4.603128e-003,0.000000e+000,3.189281e-002,0.000000e+000,3,9.887901e-001,1.825000e+000,,,,,,,,,,,,,,,,,,0,3.000000e+000,5.000000e-001,5,1,6.435509e-001,0,1,0,
1711926932.964,,0.000000e+000,4.245064e+001,4.600062e-003,0.000000e+000,3.191432e-002,0.000000e+000,3,9.888874e-001,1.825000e+000,,,,,,,,,,,,,,,,,,0,3.000000e+000,5.000000e-001,5,1,5.671883e-001,0,0,0,
1711926961.603,,0.000000e+000,4.333900e+001,4.595999e-003,0.000000e+000,3.193867e-002,0.000000e+000,3,9.887759e-001,1.825000e+000,,,,,,,,,,,,,,,,,,0,3.000000e+000,5.000000e-001,5,1,6.287918e-001,0,0,0,
1711926994.275,,0.000000e+000,4.442672e+001,4.591016e-003,0.000000e+000,3.187694e-002,0.000000e+000,3,9.887955e-001,1.825000e+000,,,,,,,,,,,,,,,,,,0,3.000000e+000,5.000000e-001,5,1,5.650482e-001,0,0,0,
1711927022.917,,0.000000e+000,4.540921e+001,4.586864e-003,0.000000e+000,3.198364e-002,0.000000e+000,3,9.887309e-001,1.825000e+000,,,,,,,,,,,,,,,,,,0,3.000000e+000,5.000000e-001,5,1,7.016602e-001,0,0,0,
1711927065.578,,0.000000e+000,4.684428e+001,4.580294e-003,0.000000e+000,3.184166e-002,0.000000e+000,3,9.887775e-001,1.825000e+000,,,,,,,,,,,,,,,,,,0,3.000000e+000,5.000000e-001,5,1,4.811707e-001,0,0,0,
1711927087.963,,0.000000e+000,4.760828e+001,4.576643e-003,0.000000e+000,3.194077e-002,0.000000e+000,3,9.887421e-001,1.825000e+000,,,,,,,,,,,,,,,,,,0,3.000000e+000,5.000000e-001,5,1,4.784698e-001,0,0,0,
1711927113.855,,0.000000e+000,4.841334e+001,4.572405e-003,0.000000e+000,3.201933e-002,0.000000e+000,3,9.886798e-001,1.825000e+000,,,,,,,,,,,,,,,,,,0,3.000000e+000,5.000000e-001,5,1,5.434990e-001,0,0,0,
1711927144.000,,0.000000e+000,4.944160e+001,4.567557e-003,0.000000e+000,3.189535e-002,0.000000e+000,3,9.887751e-001,1.825000e+000,,,,,,,,,,,,,,,,,,0,3.000000e+000,5.000000e-001,5,1,5.465813e-001,0,0,0,
1711927175.972,,0.000000e+000,5.047504e+001,4.562568e-003,0.000000e+000,3.201440e-002,0.000000e+000,3,9.887165e-001,1.825000e+000,,,,,,,,,,,,,,,,,,0,3.000000e+000,5.000000e-001,5,1,5.469208e-001,0,0,0,
1711927202.614,,0.000000e+000,5.140109e+001,4.557998e-003,0.000000e+000,3.198944e-002,0.000000e+000,3,9.888009e-001,1.825000e+000,,,,,,,,,,,,,,,,,,0,3.000000e+000,5.000000e-001,5,1,6.127205e-001,0,0,0,
1711927232.762,,0.000000e+000,5.241929e+001,4.553074e-003,0.000000e+000,3.199632e-002,0.000000e+000,3,9.887560e-001,1.825000e+000,,,,,,,,,,,,,,,,,,0,3.000000e+000,5.000000e-001,5,1,4.798012e-001,0,0,0,
1711927261.908,,0.000000e+000,5.340451e+001,4.547788e-003,0.000000e+000,3.186481e-002,0.000000e+000,3,9.887426e-001,1.825000e+000,,,,,,,,,,,,,,,,,,0,3.000000e+000,5.000000e-001,5,1,6.830597e-001,0,0,0,
1711927293.809,,0.000000e+000,5.442039e+001,4.541894e-003,0.000000e+000,3.199679e-002,0.000000e+000,3,9.887947e-001,1.825000e+000,,,,,,,,,,,,,,,,,,0,3.000000e+000,5.000000e-001,5,1,5.337486e-001,0,0,0,
1711927324.204,,0.000000e+000,5.549561e+001,4.536324e-003,0.000000e+000,3.192665e-002,0.000000e+000,3,9.887862e-001,1.825000e+000,,,,,,,,,,,,,,,,,,0,3.000000e+000,5.000000e-001,5,1,6.756516e-001,0,0,0,
1711927354.592,,0.000000e+000,5.650233e+001,4.530783e-003,0.000000e+000,3.187754e-002,0.000000e+000,3,9.887148e-001,1.825000e+000,,,,,,,,,,,,,,,,,,0,3.000000e+000,5.000000e-001,5,1,5.224915e-001,0,0,0,
1711927383.164,,0.000000e+000,5.743092e+001,4.525596e-003,0.000000e+000,3.185420e-002,0.000000e+000,3,9.887016e-001,1.825000e+000,,,,,,,,,,,,,,,,,,0,3.000000e+000,5.000000e-001,5,1,6.608810e-001,0,0,0,
1711927409.715,,0.000000e+000,5.833845e+001,4.520339e-003,0.000000e+000,3.192251e-002,0.000000e+000,3,9.887657e-001,1.825000e+000,,,,,,,,,,,,,,,,,,0,3.000000e+000,5.000000e-001,5,1,4.762077e-001,0,0,0,
1711927446.008,,0.000000e+000,5.959562e+001,4.513345e-003,0.000000e+000,3.185774e-002,0.000000e+000,3,9.886963e-001,1.825000e+000,,,,,,,,,,,,,,,,,,0,3.000000e+000,5.000000e-001,5,1,5.848694e-001,0,0,0,
1711927472.150,,0.000000e+000,6.041896e+001,4.508272e-003,0.000000e+000,3.180513e-002,0.000000e+000,3,9.887218e-001,1.825000e+000,,,,,,,,,,,,,,,,,,0,3.000000e+000,5.000000e-001,5,1,6.563187e-001,0,0,0,
1711927501.322,,0.000000e+000,6.140866e+001,4.502756e-003,0.000000e+000,3.179572e-002,0.000000e+000,3,9.887328e-001,1.825000e+000,,,,,,,,,,,,,,,,,,0,3.000000e+000,5.000000e-001,5,1,5.122604e-001,0,0,0,
1711927532.272,,0.000000e+000,6.238821e+001,4.496683e-003,0.000000e+000,3.172886e-002,0.000000e+000,3,9.887465e-001,1.825000e+000,,,,,,,,,,,,,,,,,,0,3.000000e+000,5.000000e-001,5,1,6.631889e-001,0,0,0,
1711927563.166,,0.000000e+000,6.346687e+001,4.489602e-003,0.000000e+000,3.170547e-002,0.000000e+000,3,9.887956e-001,1.825000e+000,,,,,,,,,,,,,,,,,,0,3.000000e+000,5.000000e-001,5,1,5.937920e-001,0,0,0,
1711927591.056,,0.000000e+000,6.437960e+001,4.483699e-003,0.000000e+000,3.171341e-002,0.000000e+000,3,9.888247e-001,1.825000e+000,,,,,,,,,,,,,,,,,,0,3.000000e+000,5.000000e-001,5,1,5.882263e-001,0,0,0,
1711927625.713,,0.000000e+000,6.558570e+001,4.477105e-003,0.000000e+000,3.155708e-002,0.000000e+000,3,9.886572e-001,1.825000e+000,,,,,,,,,,,,,,,,,,0,3.000000e+000,5.000000e-001,5,1,6.495209e-001,0,0,0,
1711927673.903,,0.000000e+000,6.709775e+001,4.465960e-003,0.000000e+000,3.157897e-002,0.000000e+000,3,9.888451e-001,1.825000e+000,,,,,,,,,,,,,,,,,,0,3.000000e+000,5.000000e-001,5,1,5.885086e-001,0,0,0,
1711927697.296,,0.000000e+000,6.796651e+001,4.460961e-003,0.000000e+000,3.150372e-002,0.000000e+000,3,9.888459e-001,1.825000e+000,,,,,,,,,,,,,,,,,,0,3.000000e+000,5.000000e-001,5,1,6.346436e-001,0,0,0,
1711927718.876,,0.000000e+000,6.870318e+001,4.456158e-003,0.000000e+000,3.140460e-002,0.000000e+000,3,9.888161e-001,1.825000e+000,,,,,,,,,,,,,,,,,,0,3.000000e+000,5.000000e-001,5,1,5.786591e-001,0,0,0,
1711927742.772,,0.000000e+000,6.944144e+001,4.450906e-003,0.000000e+000,3.143433e-002,0.000000e+000,3,9.887669e-001,1.825000e+000,,,,,,,,,,,,,,,,,,0,3.000000e+000,5.000000e-001,5,1,6.449280e-001,0,0,0,
1711927771.464,,0.000000e+000,7.042975e+001,4.444616e-003,0.000000e+000,3.138756e-002,0.000000e+000,3,9.888319e-001,1.825000e+000,,,,,,,,,,,,,,,,,,0,3.000000e+000,5.000000e-001,5,1,5.800171e-001,0,0,0,
1711927800.382,,0.000000e+000,7.141656e+001,4.437746e-003,0.000000e+000,3.140010e-002,0.000000e+000,3,9.888234e-001,1.825000e+000,,,,,,,,,,,,,,,,,,0,3.000000e+000,5.000000e-001,5,1,6.361084e-001,0,0,0,
1711927830.278,,0.000000e+000,7.241481e+001,4.431328e-003,0.000000e+000,3.131889e-002,0.000000e+000,3,9.888315e-001,1.825000e+000,,,,,,,,,,,,,,,,,,0,3.000000e+000,5.000000e-001,5,1,5.963745e-001,0,1,0,
1711927863.934,,0.000000e+000,7.341158e+001,4.423624e-003,0.000000e+000,3.130375e-002,0.000000e+000,3,9.888079e-001,1.825000e+000,,,,,,,,,,,,,,,,,,0,3.000000e+000,5.000000e-001,5,1,6.077347e-001,0,1,0,
1711927889.381,,0.000000e+000,7.435745e+001,4.417498e-003,0.000000e+000,3.124876e-002,0.000000e+000,3,9.888034e-001,1.825000e+000,,,,,,,,,,,,,,,,,,0,3.000000e+000,5.000000e-001,5,1,6.046371e-001,0,1,0,
1711927923.284,,0.000000e+000,7.546606e+001,4.409699e-003,0.000000e+000,3.115108e-002,0.000000e+000,3,9.887932e-001,1.825000e+000,,,,,,,,,,,,,,,,,,0,3.000000e+000,5.000000e-001,5,1,5.538635e-001,0,1,0,
1711927949.684,,0.000000e+000,7.637510e+001,4.403051e-003,0.000000e+000,3.107006e-002,0.000000e+000,3,9.888245e-001,1.825000e+000,,,,,,,,,,,,,,,,,,0,3.000000e+000,5.000000e-001,5,1,4.649811e-001,0,1,0,
1711927983.583,,0.000000e+000,7.747978e+001,4.394833e-003,0.000000e+000,3.098831e-002,0.000000e+000,3,9.888312e-001,1.825000e+000,,,,,,,,,,,,,,,,,,0,3.000000e+000,5.000000e-001,5,1,5.400085e-001,0,1,0,
1711928015.012,,0.000000e+000,7.850810e+001,4.387629e-003,0.000000e+000,3.087676e-002,0.000000e+000,3,9.888134e-001,1.825000e+000,,,,,,,,,,,,,,,,,,0,3.000000e+000,5.000000e-001,5,1,5.263138e-001,0,1,0,
1711928047.207,,0.000000e+000,7.955420e+001,4.380320e-003,0.000000e+000,3.085880e-002,0.000000e+000,3,9.887630e-001,1.825000e+000,,,,,,,,,,,,,,,,,,0,3.000000e+000,5.000000e-001,5,1,6.085358e-001,0,1,0,
1711928074.604,,0.000000e+000,8.053003e+001,4.373341e-003,0.000000e+000,3.081970e-002,0.000000e+000,3,9.888122e-001,1.825000e+000,,,,,,,,,,,,,,,,,,0,3.000000e+000,5.000000e-001,5,1,6.851730e-001,0,1,0,
1711928101.501,,0.000000e+000,8.143369e+001,4.366623e-003,0.000000e+000,3.074378e-002,0.000000e+000,3,9.887007e-001,1.825000e+000,,,,,,,,,,,,,,,,,,0,3.000000e+000,5.000000e-001,5,1,6.018906e-001,0,0,0,
1711928131.670,,0.000000e+000,8.240961e+001,4.358744e-003,0.000000e+000,3.071506e-002,0.000000e+000,3,9.888855e-001,1.825000e+000,,,,,,,,,,,,,,,,,,0,3.000000e+000,5.000000e-001,5,1,6.642685e-001,0,0,0,
1711928158.608,,0.000000e+000,8.330283e+001,4.351680e-003,0.000000e+000,3.071914e-002,0.000000e+000,3,9.888563e-001,1.825000e+000,,,,,,,,,,,,,,,,,,0,3.000000e+000,5.000000e-001,5,1,5.887909e-001,0,0,0,
1711928193.756,,0.000000e+000,8.445894e+001,4.342853e-003,0.000000e+000,3.058808e-002,0.000000e+000,3,9.889094e-001,1.825000e+000,,,,,,,,,,,,,,,,,,0,3.000000e+000,5.000000e-001,5,1,6.594238e-001,0,0,0,
1711928222.154,,0.000000e+000,8.544926e+001,4.336571e-003,0.000000e+000,3.049927e-002,0.000000e+000,3,9.888541e-001,1.825000e+000,,,,,,,,,,,,,,,,,,0,3.000000e+000,5.000000e-001,5,1,5.280304e-001,0,0,0,
1711928273.064,,0.000000e+000,8.718314e+001,4.322988e-003,0.000000e+000,3.039474e-002,0.000000e+000,3,9.888898e-001,1.825000e+000,,,,,,,,,,,,,,,,,,0,3.000000e+000,5.000000e-001,5,1,5.929184e-001,0,0,0,
1711928295.947,,0.000000e+000,8.790207e+001,4.317349e-003,0.000000e+000,3.033152e-002,0.000000e+000,3,9.888589e-001,1.825000e+000,,,,,,,,,,,,,,,,,,0,3.000000e+000,5.000000e-001,5,1,5.692673e-001,0,0,0,
1711928318.893,,0.000000e+000,8.861543e+001,4.311338e-003,0.000000e+000,3.017302e-002,0.000000e+000,3,9.889255e-001,1.825000e+000,,,,,,,,,,,,,,,,,,0,3.000000e+000,5.000000e-001,5,1,7.176819e-001,0,0,0,
1711928342.526,,0.000000e+000,8.938612e+001,4.305154e-003,0.000000e+000,3.032711e-002,0.000000e+000,3,9.889603e-001,1.825000e+000,,,,,,,,,,,,,,,,,,0,3.000000e+000,5.000000e-001,5,1,5.773468e-001,0,0,0,
1711928371.705,,0.000000e+000,9.038647e+001,4.297451e-003,0.000000e+000,3.018791e-002,0.000000e+000,3,9.889523e-001,1.825000e+000,,,,,,,,,,,,,,,,,,0,3.000000e+000,5.000000e-001,5,1,6.330109e-001,0,0,0,
1711928402.622,,0.000000e+000,9.146469e+001,4.289182e-003,0.000000e+000,3.007530e-002,0.000000e+000,3,9.889985e-001,1.825000e+000,,,,,,,,,,,,,,,,,,0,3.000000e+000,5.000000e-001,5,1,7.065964e-001,0,0,0,
1711928429.010,,0.000000e+000,9.242627e+001,4.282482e-003,0.000000e+000,2.999070e-002,0.000000e+000,3,9.889634e-001,1.825000e+000,,,,,,,,,,,,,,,,,,0,3.000000e+000,5.000000e-001,5,1,5.528564e-001,0,0,0,
1711928460.071,,0.000000e+000,9.339949e+001,4.273880e-003,0.000000e+000,2.974647e-002,0.000000e+000,3,9.888562e-001,1.825000e+000,,,,,,,,,,,,,,,,,,0,3.000000e+000,5.000000e-001,5,1,6.462860e-001,0,0,0,
1711928489.989,,0.000000e+000,9.438242e+001,4.265886e-003,0.000000e+000,2.971711e-002,0.000000e+000,3,9.889960e-001,1.825000e+000,,,,,,,,,,,,,,,,,,0,3.000000e+000,5.000000e-001,5,1,4.626846e-001,0,0,0,
1711928520.628,,0.000000e+000,9.535281e+001,4.257418e-003,0.000000e+000,2.972203e-002,0.000000e+000,3,9.888901e-001,1.825000e+000,,,,,,,,,,,,,,,,,,0,3.000000e+000,5.000000e-001,5,1,5.369110e-001,0,0,0,
1711928554.204,,0.000000e+000,9.654381e+001,4.248776e-003,0.000000e+000,2.954416e-002,0.000000e+000,3,9.889804e-001,1.825000e+000,,,,,,,,,,,,,,,,,,0,3.000000e+000,5.000000e-001,5,1,6.563950e-001,0,0,0,
1711928582.861,,0.000000e+000,9.749271e+001,4.240531e-003,0.000000e+000,2.944139e-002,0.000000e+000,3,9.889834e-001,1.825000e+000,,,,,,,,,,,,,,,,,,0,3.000000e+000,5.000000e-001,5,1,5.871887e-001,0,0,0,
1711928611.004,,0.000000e+000,9.843044e+001,4.232873e-003,0.000000e+000,2.933279e-002,0.000000e+000,3,9.889439e-001,1.825000e+000,,,,,,,,,,,,,,,,,,0,3.000000e+000,5.000000e-001,5,1,5.207672e-001,0,0,0,
1711928641.689,,0.000000e+000,9.949918e+001,4.223902e-003,0.000000e+000,2.926668e-002,0.000000e+000,3,9.890352e-001,1.825000e+000,,,,,,,,,,,,,,,,,,0,3.000000e+000,5.000000e-001,5,1,5.822830e-001,0,0,0,
1711928674.872,,0.000000e+000,1.005595e+002,4.214825e-003,0.000000e+000,2.915533e-002,0.000000e+000,3,9.890198e-001,1.825000e+000,,,,,,,,,,,,,,,,,,0,3.000000e+000,5.000000e-001,5,1,6.360016e-001,0,0,0,
1711928702.264,,0.000000e+000,1.014825e+002,4.207779e-003,0.000000e+000,2.907744e-002,0.000000e+000,3,9.889662e-001,1.825000e+000,,,,,,,,,,,,,,,,,,0,3.000000e+000,5.000000e-001,5,1,5.714035e-001,0,0,0,
1711928731.202,,0.000000e+000,1.024148e+002,4.199926e-003,0.000000e+000,2.904357e-002,0.000000e+000,3,9.889404e-001,1.825000e+000,,,,,,,,,,,,,,,,,,0,3.000000e+000,5.000000e-001,5,1,5.411987e-001,0,0,0,
1711928763.851,,0.000000e+000,1.034766e+002,4.190695e-003,0.000000e+000,2.888713e-002,0.000000e+000,3,9.890838e-001,1.825000e+000,,,,,,,,,,,,,,,,,,0,3.000000e+000,5.000000e-001,5,1,6.571960e-001,0,0,0,
1711928795.291,,0.000000e+000,1.046214e+002,4.181830e-003,0.000000e+000,2.859847e-002,0.000000e+000,3,9.890293e-001,1.825000e+000,,,,,,,,,,,,,,,,,,0,3.000000e+000,5.000000e-001,5,1,5.877991e-001,0,0,0,
1711928820.686,,0.000000e+000,1.054662e+002,4.174539e-003,0.000000e+000,2.865108e-002,0.000000e+000,3,9.890431e-001,1.825000e+000,,,,,,,,,,,,,,,,,,0,3.000000e+000,5.000000e-001,5,1,5.898972e-001,0,0,0,
1711928849.333,,0.000000e+000,1.063986e+002,4.166448e-003,0.000000e+000,2.850560e-002,0.000000e+000,3,9.890820e-001,1.825000e+000,,,,,,,,,,,,,,,,,,0,3.000000e+000,5.000000e-001,5,1,4.879990e-001,0,1,0,
1711928897.504,,0.000000e+000,1.080259e+002,4.152546e-003,0.000000e+000,2.827109e-002,0.000000e+000,3,9.889664e-001,1.825000e+000,,,,,,,,,,,,,,,,,,0,3.000000e+000,5.000000e-001,5,1,6.362000e-001,0,1,0,
1711928919.809,,0.000000e+000,1.086994e+002,4.146432e-003,0.000000e+000,2.841951e-002,0.000000e+000,3,9.890717e-001,1.825000e+000,,,,,,,,,,,,,,,,,,0,3.000000e+000,5.000000e-001,5,1,5.617981e-001,0,1,0,
1711928945.683,,0.000000e+000,1.095824e+002,4.138985e-003,0.000000e+000,2.825784e-002,0.000000e+000,3,9.889627e-001,1.825000e+000,,,,,,,,,,,,,,,,,,0,3.000000e+000,5.000000e-001,5,1,4.974976e-001,0,1,0,
1711928972.580,,0.000000e+000,1.104668e+002,4.130814e-003,0.000000e+000,2.815473e-002,0.000000e+000,3,9.889973e-001,1.825000e+000,,,,,,,,,,,,,,,,,,0,3.000000e+000,5.000000e-001,5,1,7.080994e-001,0,1,0,
1711929000.225,,0.000000e+000,1.114613e+002,4.122668e-003,0.000000e+000,2.805892e-002,0.000000e+000,3,9.890660e-001,1.825000e+000,,,,,,,,,,,,,,,,,,0,3.000000e+000,5.000000e-001,5,1,5.664978e-001,0,1,0,
1711929033.675,,0.000000e+000,1.124536e+002,4.113056e-003,0.000000e+000,2.794190e-002,0.000000e+000,3,9.889976e-001,1.825000e+000,,,,,,,,,,,,,,,,,,0,3.000000e+000,5.000000e-001,5,1,5.707016e-001,0,1,0,
1711929059.063,,0.000000e+000,1.133411e+002,4.105393e-003,0.000000e+000,2.800158e-002,0.000000e+000,3,9.890257e-001,1.825000e+000,,,,,,,,,,,,,,,,,,0,3.000000e+000,5.000000e-001,5,1,6.353989e-001,0,1,0,
1711929125.856,,0.000000e+000,1.155958e+002,4.086004e-003,0.000000e+000,2.779653e-002,0.000000e+000,3,9.890229e-001,1.825000e+000,,,,,,,,,,,,,,,,,,0,3.000000e+000,5.000000e-001,5,1,4.912033e-001,0,1,0,
1711929148.237,,0.000000e+000,1.163235e+002,4.079835e-003,0.000000e+000,2.758215e-002,0.000000e+000,3,9.889001e-001,1.825000e+000,,,,,,,,,,,,,,,,,,0,3.000000e+000,5.000000e-001,5,1,5.585022e-001,0,0,0,
1711929170.622,,0.000000e+000,1.170578e+002,4.072561e-003,0.000000e+000,2.771772e-002,0.000000e+000,3,9.890168e-001,1.825000e+000,,,,,,,,,,,,,,,,,,0,3.000000e+000,5.000000e-001,5,1,6.232986e-001,0,0,0,
1711929192.933,,0.000000e+000,1.178221e+002,4.066160e-003,0.000000e+000,2.752772e-002,0.000000e+000,3,9.889694e-001,1.825000e+000,,,,,,,,,,,,,,,,,,0,3.000000e+000,5.000000e-001,5,1,6.308975e-001,0,0,0,
1711929214.298,,0.000000e+000,1.185455e+002,4.059308e-003,0.000000e+000,2.747245e-002,0.000000e+000,3,9.890556e-001,1.825000e+000,,,,,,,,,,,,,,,,,,0,3.000000e+000,5.000000e-001,5,1,5.542984e-001,0,0,0,
1711929244.945,,0.000000e+000,1.195501e+002,4.051071e-003,0.000000e+000,2.738903e-002,0.000000e+000,3,9.890419e-001,1.825000e+000,,,,,,,,,,,,,,,,,,0,3.000000e+000,5.000000e-001,5,1,6.195984e-001,0,0,0,
1711929272.098,,0.000000e+000,1.205046e+002,4.042440e-003,0.000000e+000,2.725449e-002,0.000000e+000,3,9.889855e-001,1.825000e+000,,,,,,,,,,,,,,,,,,0,3.000000e+000,5.000000e-001,5,1,6.203995e-001,0,0,0,
1711929299.741,,0.000000e+000,1.213629e+002,4.034103e-003,0.000000e+000,2.718548e-002,0.000000e+000,3,9.891460e-001,1.825000e+000,,,,,,,,,,,,,,,,,,0,3.000000e+000,5.000000e-001,5,1,6.827011e-001,0,0,0,
1711929330.889,,0.000000e+000,1.224158e+002,4.024990e-003,0.000000e+000,2.710080e-002,0.000000e+000,3,9.889810e-001,1.825000e+000,,,,,,,,,,,,,,,,,,0,3.000000e+000,5.000000e-001,5,1,6.090012e-001,0,0,0,
1711929360.304,,0.000000e+000,1.233976e+002,4.016175e-003,0.000000e+000,2.693468e-002,0.000000e+000,3,9.889730e-001,1.825000e+000,,,,,,,,,,,,,,,,,,0,3.000000e+000,5.000000e-001,5,1,5.363998e-001,0,0,0,
1711929391.952,,0.000000e+000,1.243750e+002,4.006701e-003,0.000000e+000,2.673995e-002,0.000000e+000,3,9.889874e-001,1.825000e+000,,,,,,,,,,,,,,,,,,0,3.000000e+000,5.000000e-001,5,1,7.445984e-001,0,0,0,
1711929421.595,,0.000000e+000,1.254854e+002,3.997371e-003,0.000000e+000,2.667709e-002,0.000000e+000,3,9.891084e-001,1.825000e+000,,,,,,,,,,,,,,,,,,0,3.000000e+000,5.000000e-001,5,1,6.683044e-001,0,0,0,
1711929450.229,,0.000000e+000,1.263894e+002,3.988905e-003,0.000000e+000,2.654348e-002,0.000000e+000,3,9.890124e-001,1.825000e+000,,,,,,,,,,,,,,,,,,0,3.000000e+000,5.000000e-001,5,1,4.709015e-001,0,0,0,
1711929500.405,,0.000000e+000,1.281233e+002,3.973803e-003,0.000000e+000,2.616564e-002,0.000000e+000,3,9.890985e-001,1.825000e+000,,,,,,,,,,,,,,,,,,0,3.000000e+000,5.000000e-001,5,1,5.925980e-001,0,0,0,
1711929522.307,,0.000000e+000,1.288759e+002,3.966907e-003,0.000000e+000,2.607467e-002,0.000000e+000,3,9.890656e-001,1.825000e+000,,,,,,,,,,,,,,,,,,0,3.000000e+000,5.000000e-001,5,1,5.245056e-001,0,0,0,
1711929543.694,,0.000000e+000,1.295309e+002,3.960422e-003,0.000000e+000,2.602853e-002,0.000000e+000,3,9.890250e-001,1.825000e+000,,,,,,,,,,,,,,,,,,0,3.000000e+000,5.000000e-001,5,1,5.244904e-001,0,0,0,
1711929573.401,,0.000000e+000,1.305140e+002,3.951360e-003,0.000000e+000,2.599340e-002,0.000000e+000,3,9.889767e-001,1.825000e+000,,,,,,,,,,,,,,,,,,0,3.000000e+000,5.000000e-001,5,1,5.269012e-001,0,0,0,
1711929599.976,,0.000000e+000,1.314265e+002,3.943474e-003,0.000000e+000,2.584102e-002,0.000000e+000,3,9.890249e-001,1.825000e+000,,,,,,,,,,,,,,,,,,0,3.000000e+000,5.000000e-001,5,1,6.488037e-001,0,0,0,
1711929628.640,,0.000000e+000,1.324012e+002,3.934559e-003,0.000000e+000,2.569526e-002,0.000000e+000,3,9.890665e-001,1.825000e+000,,,,,,,,,,,,,,,,,,0,3.000000e+000,5.000000e-001,5,1,6.524048e-001,0,0,0,
1711929659.791,,0.000000e+000,1.334331e+002,3.925084e-003,0.000000e+000,2.555826e-002,0.000000e+000,3,9.891093e-001,1.825000e+000,,,,,,,,,,,,,,,,,,0,3.000000e+000,5.000000e-001,5,1,6.465912e-001,0,0,0,
1711929690.434,,0.000000e+000,1.344644e+002,3.915210e-003,0.000000e+000,2.538925e-002,0.000000e+000,3,9.891416e-001,1.825000e+000,,,,,,,,,,,,,,,,,,0,3.000000e+000,5.000000e-001,5,1,6.405945e-001,0,0,0,
1711929717.322,,0.000000e+000,1.353273e+002,3.907153e-003,0.000000e+000,2.527109e-002,0.000000e+000,3,9.890959e-001,1.825000e+000,,,,,,,,,,,,,,,,,,0,3.000000e+000,5.000000e-001,5,1,5.718994e-001,0,0,0,
1711929753.229,,0.000000e+000,1.365390e+002,3.896369e-003,0.000000e+000,2.502980e-002,0.000000e+000,3,9.890957e-001,1.825000e+000,,,,,,,,,,,,,,,,,,0,3.000000e+000,5.000000e-001,5,1,5.759888e-001,0,0,0,
1711929779.873,,0.000000e+000,1.374262e+002,3.888029e-003,0.000000e+000,2.478728e-002,0.000000e+000,3,9.891170e-001,1.825000e+000,,,,,,,,,,,,,,,,,,0,3.000000e+000,5.000000e-001,5,1,6.917877e-001,0,0,0,
1711929811.517,,0.000000e+000,1.384629e+002,3.878387e-003,0.000000e+000,2.469661e-002,0.000000e+000,3,9.890710e-001,1.825000e+000,,,,,,,,,,,,,,,,,,0,3.000000e+000,5.000000e-001,5,1,6.273956e-001,0,0,0,
1711929838.408,,0.000000e+000,1.393561e+002,3.867392e-003,0.000000e+000,2.393282e-002,0.000000e+000,3,9.879714e-001,1.825000e+000,,,,,,,,,,,,,,,,,,0,3.000000e+000,5.000000e-001,5,1,5.333099e-001,0,1,0,
1711929869.075,,0.000000e+000,1.404137e+002,3.859963e-003,0.000000e+000,2.452154e-002,0.000000e+000,3,9.891631e-001,1.825000e+000,,,,,,,,,,,,,,,,,,0,3.000000e+000,5.000000e-001,5,1,4.865112e-001,0,1,0,
1711929900.981,,0.000000e+000,1.414448e+002,3.850951e-003,0.000000e+000,2.426812e-002,0.000000e+000,3,9.889466e-001,1.825000e+000,,,,,,,,,,,,,,,,,,0,3.000000e+000,5.000000e-001,5,1,6.187897e-001,0,1,0,
1711929927.421,,0.000000e+000,1.423726e+002,3.841716e-003,0.000000e+000,2.420554e-002,0.000000e+000,3,9.892002e-001,1.825000e+000,,,,,,,,,,,,,,,,,,0,3.000000e+000,5.000000e-001,5,1,4.210052e-001,0,1,0,
1711929958.814,,0.000000e+000,1.433608e+002,3.831873e-003,0.000000e+000,2.402637e-002,0.000000e+000,3,9.891757e-001,1.825000e+000,,,,,,,,,,,,,,,,,,0,3.000000e+000,5.000000e-001,5,1,6.082001e-001,0,1,0,
1711929987.510,,0.000000e+000,1.443612e+002,3.823809e-003,0.000000e+000,2.393642e-002,0.000000e+000,3,9.891785e-001,1.825000e+000,,,,,,,,,,,,,,,,,,0,3.000000e+000,5.000000e-001,5,1,5.569000e-001,0,1,0,
1711930021.451,,0.000000e+000,1.454686e+002,3.812562e-003,0.000000e+000,2.375128e-002,0.000000e+000,3,9.892213e-001,1.825000e+000,,,,,,,,,,,,,,,,,,0,3.000000e+000,5.000000e-001,5,1,5.476074e-001,0,1,0,
1711930055.094,,0.000000e+000,1.466121e+002,3.801660e-003,0.000000e+000,2.357807e-002,0.000000e+000,3,9.891703e-001,1.825000e+000,,,,,,,,,,,,,,,,,,0,3.000000e+000,5.000000e-001,5,1,4.853058e-001,0,1,0,
1711930099.502,,0.000000e+000,1.480905e+002,3.780023e-003,0.000000e+000,2.478764e-002,0.000000e+000,3,9.884541e-001,1.825000e+000,,,,,,,,,,,,,,,,,,0,3.000000e+000,5.000000e-001,5,1,5.480042e-001,0,1,0,
1711930122.637,,0.000000e+000,1.488026e+002,3.781017e-003,0.000000e+000,2.330976e-002,0.000000e+000,3,9.891167e-001,1.825000e+000,,,,,,,,,,,,,,,,,,0,3.000000e+000,5.000000e-001,5,1,6.130066e-001,0,0,0,
1711930143.447,,0.000000e+000,1.494814e+002,3.774613e-003,0.000000e+000,2.323537e-002,0.000000e+000,3,9.890956e-001,1.825000e+000,,,,,,,,,,,,,,,,,,0,3.000000e+000,5.000000e-001,5,1,6.121063e-001,0,0,0,
1711930171.581,,0.000000e+000,1.504937e+002,3.765556e-003,0.000000e+000,2.299455e-002,0.000000e+000,3,9.891387e-001,1.825000e+000,,,,,,,,,,,,,,,,,,0,3.000000e+000,5.000000e-001,5,1,6.074982e-001,0,0,0,
1711930200.476,,0.000000e+000,1.514380e+002,3.756702e-003,0.000000e+000,2.289483e-002,0.000000e+000,3,9.891183e-001,1.825000e+000,,,,,,,,,,,,,,,,,,0,3.000000e+000,5.000000e-001,5,1,6.021118e-001,0,0,0,
1711930228.112,,0.000000e+000,1.523370e+002,3.747352e-003,0.000000e+000,2.277642e-002,0.000000e+000,3,9.892113e-001,1.825000e+000,,,,,,,,,,,,,,,,,,0,3.000000e+000,5.000000e-001,5,1,6.716003e-001,0,0,0,
1711930257.542,,0.000000e+000,1.533154e+002,3.737996e-003,0.000000e+000,2.275534e-002,0.000000e+000,3,9.892230e-001,1.825000e+000,,,,,,,,,,,,,,,,,,0,3.000000e+000,5.000000e-001,5,1,6.033936e-001,0,0,0,
1711930286.687,,0.000000e+000,1.543476e+002,3.729256e-003,0.000000e+000,2.243788e-002,0.000000e+000,3,9.891712e-001,1.825000e+000,,,,,,,,,,,,,,,,,,0,3.000000e+000,5.000000e-001,5,1,6.558990e-001,0,0,0,
1711930316.356,,0.000000e+000,1.553369e+002,3.719471e-003,0.000000e+000,2.230268e-002,0.000000e+000,3,9.892510e-001,1.825000e+000,,,,,,,,,,,,,,,,,,0,3.000000e+000,5.000000e-001,5,1,5.334930e-001,0,0,0,
1711930353.504,,0.000000e+000,1.564935e+002,3.708079e-003,0.000000e+000,2.215424e-002,0.000000e+000,3,9.891967e-001,1.825000e+000,,,,,,,,,,,,,,,,,,0,3.000000e+000,5.000000e-001,5,1,5.870972e-001,0,0,0,
1711930381.152,,0.000000e+000,1.574788e+002,3.700029e-003,0.000000e+000,2.197986e-002,0.000000e+000,3,9.891162e-001,1.825000e+000,,,,,,,,,,,,,,,,,,0,3.000000e+000,5.000000e-001,5,1,5.872955e-001,0,0,0,
1711930411.737,,0.000000e+000,1.584859e+002,3.690706e-003,0.000000e+000,2.184702e-002,0.000000e+000,3,9.891624e-001,1.825000e+000,,,,,,,,,,,,,,,,,,0,3.000000e+000,5.000000e-001,5,1,6.484070e-001,0,0,0,
1711930438.613,,0.000000e+000,1.594671e+002,3.681512e-003,0.000000e+000,2.175266e-002,0.000000e+000,3,9.893637e-001,1.825000e+000,,,,,,,,,,,,,,,,,,0,3.000000e+000,5.000000e-001,5,1,5.122986e-001,0,0,0,
1711930470.435,,0.000000e+000,1.604394e+002,3.671405e-003,0.000000e+000,2.158027e-002,0.000000e+000,3,9.892808e-001,1.825000e+000,,,,,,,,,,,,,,,,,,0,3.000000e+000,5.000000e-001,5,1,6.493988e-001,0,0,0,
1711930497.073,,0.000000e+000,1.613527e+002,3.663115e-003,0.000000e+000,2.140971e-002,0.000000e+000,3,9.892821e-001,1.825000e+000,,,,,,,,,,,,,,,,,,0,3.000000e+000,5.000000e-001,5,1,6.493988e-001,0,0,0,
1711930530.473,,0.000000e+000,1.624374e+002,3.652443e-003,0.000000e+000,2.120928e-002,0.000000e+000,3,9.894118e-001,1.825000e+000,,,,,,,,,,,,,,,,,,0,3.000000e+000,5.000000e-001,5,1,6.363983e-001,0,0,0,
1711930561.372,,0.000000e+000,1.634760e+002,3.642421e-003,0.000000e+000,2.107091e-002,0.000000e+000,3,9.894450e-001,1.825000e+000,,,,,,,,,,,,,,,,,,0,3.000000e+000,5.000000e-001,5,1,6.441040e-001,0,0,0,
1711930592.018,,0.000000e+000,1.644945e+002,3.633023e-003,0.000000e+000,2.097577e-002,0.000000e+000,3,9.893658e-001,1.825000e+000,,,,,,,,,,,,,,,,,,0,3.000000e+000,5.000000e-001,5,1,6.443939e-001,0,0,0,
1711930620.163,,0.000000e+000,1.654482e+002,3.623610e-003,0.000000e+000,2.091685e-002,0.000000e+000,3,9.894655e-001,1.825000e+000,,,,,,,,,,,,,,,,,,0,3.000000e+000,5.000000e-001,5,1,6.369019e-001,0,0,0,
1711930649.059,,0.000000e+000,1.664344e+002,3.613718e-003,0.000000e+000,2.065324e-002,0.000000e+000,3,9.895259e-001,1.825000e+000,,,,,,,,,,,,,,,,,,0,3.000000e+000,5.000000e-001,5,1,5.848083e-001,0,0,0,
1711930700.985,,0.000000e+000,1.681686e+002,3.597402e-003,0.000000e+000,2.055988e-002,0.000000e+000,3,9.894599e-001,1.825000e+000,,,,,,,,,,,,,,,,,,0,3.000000e+000,5.000000e-001,5,1,6.265106e-001,0,0,0,
1711930722.872,,0.000000e+000,1.688810e+002,3.597922e-003,0.000000e+000,2.027166e-002,0.000000e+000,3,9.875104e-001,1.825000e+000,,,,,,,,,,,,,,,,,,0,3.000000e+000,5.000000e-001,5,1,5.707092e-001,0,0,0,
1711930745.761,,0.000000e+000,1.696873e+002,3.582036e-003,0.000000e+000,2.027042e-002,0.000000e+000,3,9.894059e-001,1.825000e+000,,,,,,,,,,,,,,,,,,0,3.000000e+000,5.000000e-001,5,1,5.527954e-001,0,0,0,
1711930771.466,,0.000000e+000,1.704738e+002,3.573944e-003,0.000000e+000,2.017967e-002,0.000000e+000,3,9.892578e-001,1.825000e+000,,,,,,,,,,,,,,,,,,0,3.000000e+000,5.000000e-001,5,1,5.267029e-001,0,1,0,
1711930797.357,,0.000000e+000,1.713415e+002,3.565402e-003,0.000000e+000,2.008835e-002,0.000000e+000,3,9.893094e-001,1.825000e+000,,,,,,,,,,,,,,,,,,0,3.000000e+000,5.000000e-001,5,1,5.395966e-001,0,1,0,
1711930826.747,,0.000000e+000,1.723596e+002,3.556662e-003,0.000000e+000,1.992321e-002,0.000000e+000,3,9.892560e-001,1.825000e+000,,,,,,,,,,,,,,,,,,0,3.000000e+000,5.000000e-001,5,1,4.111938e-001,0,1,0,
1711930861.646,,0.000000e+000,1.734735e+002,3.544360e-003,0.000000e+000,1.975455e-002,0.000000e+000,3,9.891366e-001,1.825000e+000,,,,,,,,,,,,,,,,,,0,3.000000e+000,5.000000e-001,5,1,4.803009e-001,0,1,0,
1711930889.283,,0.000000e+000,1.743788e+002,3.534622e-003,0.000000e+000,1.960004e-002,0.000000e+000,3,9.891762e-001,1.825000e+000,,,,,,,,,,,,,,,,,,0,3.000000e+000,5.000000e-001,5,1,6.871033e-001,0,1,0,
1711930923.727,,0.000000e+000,1.755294e+002,3.523109e-003,0.000000e+000,1.956010e-002,0.000000e+000,3,9.893141e-001,1.825000e+000,,,,,,,,,,,,,,,,,,0,3.000000e+000,5.000000e-001,5,1,5.402069e-001,0,1,0,
1711930952.120,,0.000000e+000,1.764755e+002,3.513819e-003,0.000000e+000,1.949211e-002,0.000000e+000,3,9.893739e-001,1.825000e+000,,,,,,,,,,,,,,,,,,0,3.000000e+000,5.000000e-001,5,1,5.457001e-001,0,1,0,
1711930978.511,,0.000000e+000,1.773851e+002,3.504637e-003,0.000000e+000,1.937968e-002,0.000000e+000,3,9.894128e-001,1.825000e+000,,,,,,,,,,,,,,,,,,0,3.000000e+000,5.000000e-001,5,1,4.758911e-001,0,1,0,
1711931010.670,,0.000000e+000,1.784346e+002,3.493868e-003,0.000000e+000,1.923461e-002,0.000000e+000,3,9.894467e-001,1.825000e+000,,,,,,,,,,,,,,,,,,0,3.000000e+000,5.000000e-001,5,1,5.487061e-001,0,1,0,
1711931041.092,,0.000000e+000,1.794406e+002,3.483959e-003,0.000000e+000,1.904294e-002,0.000000e+000,3,9.894975e-001,1.825000e+000,,,,,,,,,,,,,,,,,,0,3.000000e+000,5.000000e-001,5,1,6.656036e-001,0,0,0,
1711931071.028,,0.000000e+000,1.805390e+002,3.473399e-003,0.000000e+000,1.887157e-002,0.000000e+000,3,9.894542e-001,1.825000e+000,,,,,,,,,,,,,,,,,,0,3.000000e+000,5.000000e-001,5,1,6.042023e-001,0,0,0,
1711931100.924,,0.000000e+000,1.814715e+002,3.463053e-003,0.000000e+000,1.879613e-002,0.000000e+000,3,9.894332e-001,1.825000e+000,,,,,,,,,,,,,,,,,,0,3.000000e+000,5.000000e-001,5,1,6.013947e-001,0,0,0,
1711931131.741,,0.000000e+000,1.825313e+002,3.453517e-003,0.000000e+000,1.858218e-002,0.000000e+000,3,9.893914e-001,1.825000e+000,,,,,,,,,,,,,,,,,,0,3.000000e+000,5.000000e-001,5,1,5.892029e-001,0,0,0,
1711931158.867,,0.000000e+000,1.834206e+002,3.444830e-003,0.000000e+000,1.842174e-002,0.000000e+000,3,9.894819e-001,1.825000e+000,,,,,,,,,,,,,,,,,,0,3.000000e+000,5.000000e-001,5,1,6.581879e-001,0,0,0,
1711931187.759,,0.000000e+000,1.844398e+002,3.434938e-003,0.000000e+000,1.825470e-002,0.000000e+000,3,9.894609e-001,1.825000e+000,,,,,,,,,,,,,,,,,,0,3.000000e+000,5.000000e-001,5,1,5.932922e-001,0,0,0,
1711931219.401,,0.000000e+000,1.854882e+002,3.424458e-003,0.000000e+000,1.811869e-002,0.000000e+000,3,9.894862e-001,1.825000e+000,,,,,,,,,,,,,,,,,,0,3.000000e+000,5.000000e-001,5,1,5.814972e-001,0,0,0,
1711931246.544,,0.000000e+000,1.863963e+002,3.415532e-003,0.000000e+000,1.796730e-002,0.000000e+000,3,9.894846e-001,1.825000e+000,,,,,,,,,,,,,,,,,,0,3.000000e+000,5.000000e-001,5,1,5.960999e-001,0,0,0,
1711931280.948,,0.000000e+000,1.875356e+002,3.421605e-003,0.000000e+000,1.762998e-002,0.000000e+000,3,9.806277e-001,1.825000e+000,,,,,,,,,,,,,,,,,,0,3.000000e+000,5.000000e-001,5,1,6.493988e-001,0,0,0,
1711931327.356,,0.000000e+000,1.890453e+002,3.388151e-003,0.000000e+000,1.746793e-002,0.000000e+000,3,9.893630e-001,1.825000e+000,,,,,,,,,,,,,,,,,,0,3.000000e+000,5.000000e-001,5,1,7.065125e-001,0,0,0,
1711931349.291,,0.000000e+000,1.897777e+002,3.380963e-003,0.000000e+000,1.739611e-002,0.000000e+000,3,9.891979e-001,1.825000e+000,,,,,,,,,,,,,,,,,,0,3.000000e+000,5.000000e-001,5,1,5.124969e-001,0,0,0,
1711931372.942,,0.000000e+000,1.905447e+002,3.373298e-003,0.000000e+000,1.728015e-002,0.000000e+000,3,9.892173e-001,1.825000e+000,,,,,,,,,,,,,,,,,,0,3.000000e+000,5.000000e-001,5,1,6.406097e-001,0,0,0,
1711931400.841,,0.000000e+000,1.914958e+002,3.363795e-003,0.000000e+000,1.710497e-002,0.000000e+000,3,9.893743e-001,1.825000e+000,,,,,,,,,,,,,,,,,,0,3.000000e+000,5.000000e-001,5,1,6.468048e-001,0,0,0,
1711931427.779,,0.000000e+000,1.924267e+002,3.355201e-003,0.000000e+000,1.689662e-002,0.000000e+000,3,9.893575e-001,1.825000e+000,,,,,,,,,,,,,,,,,,0,3.000000e+000,5.000000e-001,5,1,5.552979e-001,0,0,0,
1711931459.182,,0.000000e+000,1.934352e+002,3.344203e-003,0.000000e+000,1.677042e-002,0.000000e+000,3,9.894810e-001,1.825000e+000,,,,,,,,,,,,,,,,,,0,3.000000e+000,5.000000e-001,5,1,6.985016e-001,0,0,0,
1711931490.359,,0.000000e+000,1.944735e+002,3.333881e-003,0.000000e+000,1.664240e-002,0.000000e+000,3,9.895007e-001,1.825000e+000,,,,,,,,,,,,,,,,,,0,3.000000e+000,5.000000e-001,5,1,6.262054e-001,0,0,0,
1711931516.935,,0.000000e+000,1.953869e+002,3.325300e-003,0.000000e+000,1.649246e-002,0.000000e+000,3,9.895239e-001,1.825000e+000,,,,,,,,,,,,,,,,,,0,3.000000e+000,5.000000e-001,5,1,5.617065e-001,0,0,0,
1711931550.063,,0.000000e+000,1.964759e+002,3.313811e-003,0.000000e+000,1.634788e-002,0.000000e+000,3,9.895056e-001,1.825000e+000,,,,,,,,,,,,,,,,,,0,3.000000e+000,5.000000e-001,5,1,6.284027e-001,0,0,0,
1711931578.476,,0.000000e+000,1.974074e+002,3.304522e-003,0.000000e+000,1.612414e-002,0.000000e+000,3,9.894369e-001,1.825000e+000,,,,,,,,,,,,,,,,,,0,3.000000e+000,5.000000e-001,5,1,6.237946e-001,0,0,0,
1711931610.121,,0.000000e+000,1.984610e+002,3.294133e-003,0.000000e+000,1.592184e-002,0.000000e+000,3,9.894089e-001,1.825000e+000,,,,,,,,,,,,,,,,,,0,3.000000e+000,5.000000e-001,5,1,6.199036e-001,0,0,0,
1711931639.310,,0.000000e+000,1.994418e+002,3.284016e-003,0.000000e+000,1.585979e-002,0.000000e+000,3,9.895723e-001,1.825000e+000,,,,,,,,,,,,,,,,,,0,3.000000e+000,5.000000e-001,5,1,6.152039e-001,0,0,0,
1711931670.251,,0.000000e+000,2.004791e+002,3.273439e-003,0.000000e+000,1.571649e-002,0.000000e+000,3,9.895133e-001,1.825000e+000,,,,,,,,,,,,,,,,,,0,3.000000e+000,5.000000e-001,5,1,4.949951e-001,0,0,0,
1711931699.888,,0.000000e+000,2.014525e+002,3.263354e-003,0.000000e+000,1.572283e-002,0.000000e+000,3,9.895157e-001,1.825000e+000,,,,,,,,,,,,,,,,,,0,3.000000e+000,5.000000e-001,5,1,4.570923e-001,0,1,0,
1711931729.575,,0.000000e+000,2.024456e+002,3.253505e-003,0.000000e+000,1.549842e-002,0.000000e+000,3,9.895946e-001,1.825000e+000,,,,,,,,,,,,,,,,,,0,3.000000e+000,5.000000e-001,5,1,4.612885e-001,0,1,0,
1711931756.723,,0.000000e+000,2.033779e+002,3.243947e-003,0.000000e+000,1.541810e-002,0.000000e+000,3,9.895836e-001,1.825000e+000,,,,,,,,,,,,,,,,,,0,3.000000e+000,5.000000e-001,5,1,5.845032e-001,0,1,0,
1711931790.371,,0.000000e+000,2.044658e+002,3.232290e-003,0.000000e+000,1.519101e-002,0.000000e+000,3,9.895658e-001,1.825000e+000,,,,,,,,,,,,,,,,,,0,3.000000e+000,5.000000e-001,5,1,6.779022e-001,0,1,0,
1711931817.761,,0.000000e+000,2.053712e+002,3.222583e-003,0.000000e+000,1.541069e-002,0.000000e+000,3,9.897285e-001,1.825000e+000,,,,,,,,,,,,,,,,,,0,3.000000e+000,5.000000e-001,5,1,4.741058e-001,0,1,0,
1711931850.713,,0.000000e+000,2.064319e+002,3.212274e-003,0.000000e+000,1.522991e-002,0.000000e+000,3,9.895093e-001,1.825000e+000,,,,,,,,,,,,,,,,,,0,3.000000e+000,5.000000e-001,5,1,5.836945e-001,0,1,0,
1711931881.418,,0.000000e+000,2.074640e+002,3.200584e-003,0.000000e+000,1.511079e-002,0.000000e+000,3,9.894815e-001,1.825000e+000,,,,,,,,,,,,,,,,,,0,3.000000e+000,5.000000e-001,5,1,6.746979e-001,0,1,0,
1711931929.122,,0.000000e+000,2.091469e+002,3.184153e-003,0.000000e+000,1.495502e-002,0.000000e+000,3,9.893452e-001,1.825000e+000,,,,,,,,,,,,,,,,,,0,3.000000e+000,5.000000e-001,5,1,5.370026e-001,0,1,0,
1711931950.503,,0.000000e+000,2.097628e+002,3.310964e-003,0.000000e+000,1.342321e-002,0.000000e+000,3,9.105087e-001,1.825000e+000,,,,,,,,,,,,,,,,,,0,3.000000e+000,5.000000e-001,5,1,5.802002e-001,0,1,0,
1711931972.708,,0.000000e+000,2.105266e+002,3.168451e-003,0.000000e+000,1.485748e-002,0.000000e+000,3,9.893324e-001,1.825000e+000,,,,,,,,,,,,,,,,,,0,3.000000e+000,5.000000e-001,5,1,5.554047e-001,0,0,0,
1711931999.616,,0.000000e+000,2.114855e+002,3.159380e-003,0.000000e+000,1.474198e-002,0.000000e+000,3,9.893711e-001,1.825000e+000,,,,,,,,,,,,,,,,,,0,3.000000e+000,5.000000e-001,5,1,5.603943e-001,0,0,0,
1711932030.025,,0.000000e+000,2.124587e+002,3.148869e-003,0.000000e+000,1.473782e-002,0.000000e+000,3,9.894861e-001,1.825000e+000,,,,,,,,,,,,,,,,,,0,3.000000e+000,5.000000e-001,5,1,5.301056e-001,0,0,0,
1711932059.933,,0.000000e+000,2.134380e+002,3.138602e-003,0.000000e+000,1.458122e-002,0.000000e+000,3,9.895622e-001,1.825000e+000,,,,,,,,,,,,,,,,,,0,3.000000e+000,5.000000e-001,5,1,6.239929e-001,0,0,0,
1711932088.588,,0.000000e+000,2.143929e+002,3.129197e-003,0.000000e+000,1.451558e-002,0.000000e+000,3,9.894561e-001,1.825000e+000,,,,,,,,,,,,,,,,,,0,3.000000e+000,5.000000e-001,5,1,6.054993e-001,0,0,0,
1711932120.985,,0.000000e+000,2.154379e+002,3.118378e-003,0.000000e+000,1.457160e-002,0.000000e+000,3,9.895155e-001,1.825000e+000,,,,,,,,,,,,,,,,,,0,3.000000e+000,5.000000e-001,5,1,5.446014e-001,0,0,0,
1711932149.898,,0.000000e+000,2.164196e+002,3.108359e-003,0.000000e+000,1.445527e-002,0.000000e+000,3,9.895001e-001,1.825000e+000,,,,,,,,,,,,,,,,,,0,3.000000e+000,5.000000e-001,5,1,6.044922e-001,0,0,0,
1711932182.064,,0.000000e+000,2.175271e+002,3.097256e-003,0.000000e+000,1.434202e-002,0.000000e+000,3,9.895720e-001,1.825000e+000,,,,,,,,,,,,,,,,,,0,3.000000e+000,5.000000e-001,5,1,5.303040e-001,0,0,0,
1711932205.745,,0.000000e+000,2.183535e+002,3.089852e-003,0.000000e+000,1.423417e-002,0.000000e+000,3,9.893785e-001,1.825000e+000,,,,,,,,,,,,,,,,,,0,3.000000e+000,5.000000e-001,5,1,6.026001e-001,0,0,0,
1711932236.906,,0.000000e+000,2.193956e+002,3.079320e-003,0.000000e+000,1.418925e-002,0.000000e+000,3,9.895380e-001,1.825000e+000,,,,,,,,,,,,,,,,,,0,3.000000e+000,5.000000e-001,5,1,4.075012e-001,0,0,0,
1711932270.829,,0.000000e+000,2.204193e+002,3.067641e-003,0.000000e+000,1.417473e-002,0.000000e+000,3,9.896289e-001,1.825000e+000,,,,,,,,,,,,,,,,,,0,3.000000e+000,5.000000e-001,5,1,5.948029e-001,0,0,0,
1711932300.741,,0.000000e+000,2.214330e+002,3.057363e-003,0.000000e+000,1.411958e-002,0.000000e+000,3,9.896042e-001,1.825000e+000,,,,,,,,,,,,,,,,,,0,3.000000e+000,5.000000e-001,5,1,6.193085e-001,0,0,0,
1711932329.151,,0.000000e+000,2.223915e+002,3.047518e-003,0.000000e+000,1.389697e-002,0.000000e+000,3,9.895358e-001,1.825000e+000,,,,,,,,,,,,,,,,,,0,3.000000e+000,5.000000e-001,5,1,6.179962e-001,0,0,0,
1711932364.569,,0.000000e+000,2.236181e+002,3.035123e-003,0.000000e+000,1.392895e-002,0.000000e+000,3,9.895831e-001,1.825000e+000,,,,,,,,,,,,,,,,,,0,3.000000e+000,5.000000e-001,5,1,6.051941e-001,0,0,0,
1711932387.228,,0.000000e+000,2.243722e+002,3.027919e-003,0.000000e+000,1.370828e-002,0.000000e+000,3,9.895679e-001,1.825000e+000,,,,,,,,,,,,,,,,,,0,3.000000e+000,5.000000e-001,5,1,6.157990e-001,0,0,0,
1711932420.683,,0.000000e+000,2.254550e+002,3.016334e-003,0.000000e+000,1.369623e-002,0.000000e+000,3,9.896131e-001,1.825000e+000,,,,,,,,,,,,,,,,,,0,3.000000e+000,5.000000e-001,5,1,7.471924e-001,0,0,0,
1711932448.028,,0.000000e+000,2.264041e+002,3.007142e-003,0.000000e+000,1.363284e-002,0.000000e+000,3,9.895620e-001,1.825000e+000,,,,,,,,,,,,,,,,,,0,3.000000e+000,5.000000e-001,5,1,4.732971e-001,0,0,0,
1711932478.399,,0.000000e+000,2.274488e+002,2.996422e-003,0.000000e+000,1.346424e-002,0.000000e+000,3,9.895796e-001,1.825000e+000,,,,,,,,,,,,,,,,,,0,3.000000e+000,5.000000e-001,5,1,5.449066e-001,0,0,0,
1711932533.263,,0.000000e+000,2.292211e+002,2.977499e-003,0.000000e+000,1.347003e-002,0.000000e+000,3,9.895751e-001,1.825000e+000,,,,,,,,,,,,,,,,,,0,3.000000e+000,5.000000e-001,5,1,6.145935e-001,0,0,0,
1711932555.390,,0.000000e+000,2.300125e+002,2.969770e-003,0.000000e+000,1.335397e-002,0.000000e+000,3,9.896113e-001,1.825000e+000,,,,,,,,,,,,,,,,,,0,3.000000e+000,5.000000e-001,5,1,5.982056e-001,0,0,0,
1711932576.304,,0.000000e+000,2.307019e+002,3.050660e-003,0.000000e+000,3.090416e-002,0.000000e+000,3,8.603092e-001,1.825000e+000,,,,,,,,,,,,,,,,,,0,3.000000e+000,5.000000e-001,5,1,5.186005e-001,0,1,0,
1711932599.740,,0.000000e+000,2.314234e+002,2.955271e-003,0.000000e+000,1.336054e-002,0.000000e+000,3,9.896218e-001,1.825000e+000,,,,,,,,,,,,,,,,,,0,3.000000e+000,5.000000e-001,5,1,6.332092e-001,0,1,0,
1711932631.645,,0.000000e+000,2.324540e+002,2.944918e-003,0.000000e+000,1.321806e-002,0.000000e+000,3,9.896908e-001,1.825000e+000,,,,,,,,,,,,,,,,,,0,3.000000e+000,5.000000e-001,5,1,5.753937e-001,0,1,0,
1711932658.590,,0.000000e+000,2.334460e+002,2.935670e-003,0.000000e+000,1.318224e-002,0.000000e+000,3,9.896610e-001,1.825000e+000,,,,,,,,,,,,,,,,,,0,3.000000e+000,5.000000e-001,5,1,5.803070e-001,0,1,0,
1711932687.534,,0.000000e+000,2.343376e+002,2.926797e-003,0.000000e+000,1.306964e-002,0.000000e+000,3,9.896983e-001,1.825000e+000,,,,,,,,,,,,,,,,,,0,3.000000e+000,5.000000e-001,5,1,6.488953e-001,0,1,0,
1711932716.445,,0.000000e+000,2.353399e+002,2.916855e-003,0.000000e+000,1.308558e-002,0.000000e+000,3,9.897060e-001,1.825000e+000,,,,,,,,,,,,,,,,,,0,3.000000e+000,5.000000e-001,5,1,5.106049e-001,0,1,0,
1711932750.613,,0.000000e+000,2.363692e+002,2.905619e-003,0.000000e+000,1.289330e-002,0.000000e+000,3,9.896992e-001,1.825000e+000,,,,,,,,,,,,,,,,,,0,3.000000e+000,5.000000e-001,5,1,7.108002e-001,0,1,0,
1711932778.037,,0.000000e+000,2.374362e+002,2.896539e-003,0.000000e+000,1.281830e-002,0.000000e+000,3,9.897327e-001,1.825000e+000,,,,,,,,,,,,,,,,,,0,3.000000e+000,5.000000e-001,5,1,5.634003e-001,0,1,0,
1711932809.709,,0.000000e+000,2.385055e+002,2.886007e-003,0.000000e+000,1.282008e-002,0.000000e+000,3,9.896293e-001,1.825000e+000,,,,,,,,,,,,,,,,,,0,3.000000e+000,5.000000e-001,5,1,5.757904e-001,0,1,0,
1711932840.148,,0.000000e+000,2.394728e+002,2.875633e-003,0.000000e+000,1.270262e-002,0.000000e+000,3,9.897090e-001,1.825000e+000,,,,,,,,,,,,,,,,,,0,3.000000e+000,5.000000e-001,5,1,6.473999e-001,0,1,0,
1711932871.567,,0.000000e+000,2.405378e+002,2.865119e-003,0.000000e+000,1.267505e-002,0.000000e+000,3,9.896769e-001,1.825000e+000,,,,,,,,,,,,,,,,,,0,3.000000e+000,5.000000e-001,5,1,6.304932e-001,0,0,0,
1711932898.475,,0.000000e+000,2.413775e+002,2.856152e-003,0.000000e+000,1.258729e-002,0.000000e+000,3,9.897490e-001,1.825000e+000,,,,,,,,,,,,,,,,,,0,3.000000e+000,5.000000e-001,5,1,6.423950e-001,0,0,0,
1711932928.313,,0.000000e+000,2.423982e+002,2.845981e-003,0.000000e+000,1.262014e-002,0.000000e+000,3,9.897375e-001,1.825000e+000,,,,,,,,,,,,,,,,,,0,3.000000e+000,5.000000e-001,5,1,5.792084e-001,0,0,0,
1711932956.671,,0.000000e+000,2.433468e+002,2.836095e-003,0.000000e+000,1.261031e-002,0.000000e+000,3,9.896230e-001,1.825000e+000,,,,,,,,,,,,,,,,,,0,3.000000e+000,5.000000e-001,5,1,6.296997e-001,0,0,0,
1711932986.567,,0.000000e+000,2.443567e+002,2.826376e-003,0.000000e+000,1.256939e-002,0.000000e+000,3,9.896462e-001,1.825000e+000,,,,,,,,,,,,,,,,,,0,3.000000e+000,5.000000e-001,5,1,4.179993e-001,0,0,0,
1711933016.979,,0.000000e+000,2.453284e+002,2.816503e-003,0.000000e+000,1.259214e-002,0.000000e+000,3,9.896314e-001,1.825000e+000,,,,,,,,,,,,,,,,,,0,3.000000e+000,5.000000e-001,5,1,5.617981e-001,0,0,0,
1711933047.138,,0.000000e+000,2.464057e+002,2.806151e-003,0.000000e+000,1.260388e-002,0.000000e+000,3,9.897117e-001,1.825000e+000,,,,,,,,,,,,,,,,,,0,3.000000e+000,5.000000e-001,5,1,4.801025e-001,0,0,0,
1711933075.047,,0.000000e+000,2.473380e+002,2.796492e-003,0.000000e+000,1.255433e-002,0.000000e+000,3,9.897008e-001,1.825000e+000,,,,,,,,,,,,,,,,,,0,3.000000e+000,5.000000e-001,5,1,5.470886e-001,0,0,0,
1711933105.695,,0.000000e+000,2.483409e+002,2.786422e-003,0.000000e+000,1.258785e-002,0.000000e+000,3,9.897284e-001,1.825000e+000,,,,,,,,,,,,,,,,,,0,3.000000e+000,5.000000e-001,5,1,4.874878e-001,0,0,0,
1711933152.628,,0.000000e+000,2.499252e+002,2.770629e-003,0.000000e+000,1.239824e-002,0.000000e+000,3,9.896447e-001,1.825000e+000,,,,,,,,,,,,,,,,,,0,3.000000e+000,5.000000e-001,5,1,6.069031e-001,0,0,0,
1711933175.276,,0.000000e+000,2.506393e+002,2.763167e-003,0.000000e+000,1.251104e-002,0.000000e+000,3,9.896768e-001,1.825000e+000,,,,,,,,,,,,,,,,,,0,3.000000e+000,5.000000e-001,5,1,5.451965e-001,0,0,0,
1711933202.681,,0.000000e+000,2.515255e+002,2.754107e-003,0.000000e+000,1.256039e-002,0.000000e+000,3,9.896112e-001,1.825000e+000,,,,,,,,,,,,,,,,,,0,3.000000e+000,5.000000e-001,5,1,6.882019e-001,0,0,0,
1711933233.595,,0.000000e+000,2.526116e+002,2.743900e-003,0.000000e+000,1.247697e-002,0.000000e+000,3,9.896197e-001,1.825000e+000,,,,,,,,,,,,,,,,,,0,3.000000e+000,5.000000e-001,5,1,5.289001e-001,0,0,0,
1711933259.253,,0.000000e+000,2.534364e+002,2.734940e-003,0.000000e+000,1.271949e-002,0.000000e+000,3,9.895895e-001,1.825000e+000,,,,,,,,,,,,,,,,,,0,3.000000e+000,5.000000e-001,5,1,4.241943e-001,0,0,0,
1711933288.913,,0.000000e+000,2.544259e+002,2.724975e-003,0.000000e+000,1.258237e-002,0.000000e+000,3,9.896356e-001,1.825000e+000,,,,,,,,,,,,,,,,,,0,3.000000e+000,5.000000e-001,5,1,6.201935e-001,0,0,0,
1711933322.071,,0.000000e+000,2.555413e+002,2.714225e-003,0.000000e+000,1.256125e-002,0.000000e+000,3,9.895633e-001,1.825000e+000,,,,,,,,,,,,,,,,,,0,3.000000e+000,5.000000e-001,5,1,6.847076e-001,0,0,0,
1711933347.746,,0.000000e+000,2.563849e+002,2.705671e-003,0.000000e+000,1.261199e-002,0.000000e+000,3,9.896222e-001,1.825000e+000,,,,,,,,,,,,,,,,,,0,3.000000e+000,5.000000e-001,5,1,6.296997e-001,0,0,0,
1711933380.914,,0.000000e+000,2.574913e+002,2.694656e-003,0.000000e+000,1.257667e-002,0.000000e+000,3,9.895878e-001,1.825000e+000,,,,,,,,,,,,,,,,,,0,3.000000e+000,5.000000e-001,5,1,5.404968e-001,0,0,0,
1711933406.822,,0.000000e+000,2.584039e+002,2.685718e-003,0.000000e+000,1.266836e-002,0.000000e+000,3,9.896322e-001,1.825000e+000,,,,,,,,,,,,,,,,,,0,3.000000e+000,5.000000e-001,5,1,4.752197e-001,0,0,0,
1711933440.240,,0.000000e+000,2.594492e+002,2.674673e-003,0.000000e+000,1.268751e-002,0.000000e+000,3,9.895882e-001,1.825000e+000,,,,,,,,,,,,,,,,,,0,3.000000e+000,5.000000e-001,5,1,5.399170e-001,0,0,0,
1711933472.663,,0.000000e+000,2.605511e+002,2.663835e-003,0.000000e+000,1.270917e-002,0.000000e+000,3,9.896500e-001,1.825000e+000,,,,,,,,,,,,,,,,,,0,3.000000e+000,5.000000e-001,5,1,4.916992e-001,0,0,0,
1711933501.574,,0.000000e+000,2.615207e+002,2.738855e-003,0.000000e+000,1.734892e-002,0.000000e+000,3,9.413531e-001,1.825000e+000,,,,,,,,,,,,,,,,,,0,3.000000e+000,5.000000e-001,5,1,6.722107e-001,0,1,0,
1711933527.979,,0.000000e+000,2.624079e+002,2.644984e-003,0.000000e+000,1.289052e-002,0.000000e+000,3,9.897490e-001,1.825000e+000,,,,,,,,,,,,,,,,,,0,3.000000e+000,5.000000e-001,5,1,4.273987e-001,0,1,0,
1711933558.644,,0.000000e+000,2.634207e+002,2.634629e-003,0.000000e+000,1.287772e-002,0.000000e+000,3,9.897582e-001,1.825000e+000,,,,,,,,,,,,,,,,,,0,3.000000e+000,5.000000e-001,5,1,5.077820e-001,0,1,0,
1711933588.807,,0.000000e+000,2.643607e+002,2.624257e-003,0.000000e+000,1.298318e-002,0.000000e+000,3,9.895991e-001,1.825000e+000,,,,,,,,,,,,,,,,,,0,3.000000e+000,5.000000e-001,5,1,5.068054e-001,0,1,0,
1711933621.465,,0.000000e+000,2.654652e+002,2.612491e-003,0.000000e+000,1.290910e-002,0.000000e+000,3,9.897580e-001,1.825000e+000,,,,,,,,,,,,,,,,,,0,3.000000e+000,5.000000e-001,5,1,5.751953e-001,0,1,0,
1711933649.374,,0.000000e+000,2.664047e+002,2.602797e-003,0.000000e+000,1.311529e-002,0.000000e+000,3,9.895720e-001,1.825000e+000,,,,,,,,,,,,,,,,,,0,3.000000e+000,5.000000e-001,5,1,5.888977e-001,0,1,0,
1711933679.793,,0.000000e+000,2.674210e+002,2.592084e-003,0.000000e+000,1.313543e-002,0.000000e+000,3,9.896167e-001,1.825000e+000,,,,,,,,,,,,,,,,,,0,3.000000e+000,5.000000e-001,5,1,6.307068e-001,0,1,0,
1711933707.004,,0.000000e+000,2.684034e+002,2.582626e-003,0.000000e+000,1.316035e-002,0.000000e+000,3,9.896634e-001,1.825000e+000,,,,,,,,,,,,,,,,,,0,3.000000e+000,5.000000e-001,5,1,6.264038e-001,0,1,0,
1711933755.460,,0.000000e+000,2.700597e+002,2.565333e-003,0.000000e+000,1.326449e-002,0.000000e+000,3,9.896227e-001,1.825000e+000,,,,,,,,,,,,,,,,,,0,3.000000e+000,5.000000e-001,5,1,5.588989e-001,0,1,0,
1711933776.622,,0.000000e+000,2.707626e+002,2.557856e-003,0.000000e+000,1.338890e-002,0.000000e+000,3,9.896972e-001,1.825000e+000,,,,,,,,,,,,,,,,,,0,3.000000e+000,5.000000e-001,5,1,5.620117e-001,0,1,0,
1711933798.690,,0.000000e+000,2.713929e+002,2.529244e-003,0.000000e+000,2.008664e-002,0.000000e+000,3,9.661861e-001,1.825000e+000,,,,,,,,,,,,,,,,,,0,3.000000e+000,5.000000e-001,5,1,5.648804e-001,0,1,0,
1711933827.313,,0.000000e+000,2.724020e+002,2.540281e-003,0.000000e+000,1.353772e-002,0.000000e+000,3,9.896508e-001,1.825000e+000,,,,,,,,,,,,,,,,,,0,3.000000e+000,5.000000e-001,5,1,6.078796e-001,0,0,0,
1711933858.978,,0.000000e+000,2.734582e+002,2.529166e-003,0.000000e+000,1.369097e-002,0.000000e+000,3,9.896517e-001,1.825000e+000,,,,,,,,,,,,,,,,,,0,3.000000e+000,5.000000e-001,5,1,5.545959e-001,0,0,0,
1711933887.135,,0.000000e+000,2.743223e+002,2.519276e-003,0.000000e+000,1.387832e-002,0.000000e+000,3,9.896734e-001,1.825000e+000,,,,,,,,,,,,,,,,,,0,3.000000e+000,5.000000e-001,5,1,6.269226e-001,0,0,0,
1711933917.298,,0.000000e+000,2.754239e+002,2.508813e-003,0.000000e+000,1.393646e-002,0.000000e+000,3,9.896272e-001,1.825000e+000,,,,,,,,,,,,,,,,,,0,3.000000e+000,5.000000e-001,5,1,4.742126e-001,0,0,0,
1711933948.210,,0.000000e+000,2.764207e+002,2.497917e-003,0.000000e+000,1.404182e-002,0.000000e+000,3,9.896683e-001,1.825000e+000,,,,,,,,,,,,,,,,,,0,3.000000e+000,5.000000e-001,5,1,5.475769e-001,0,0,0,
1711933981.119,,0.000000e+000,2.774753e+002,2.486543e-003,0.000000e+000,1.414303e-002,0.000000e+000,3,9.896846e-001,1.825000e+000,,,,,,,,,,,,,,,,,,0,3.000000e+000,5.000000e-001,5,1,6.022949e-001,0,0,0,
1711934006.269,,0.000000e+000,2.783615e+002,2.477954e-003,0.000000e+000,1.430329e-002,0.000000e+000,3,9.897234e-001,1.825000e+000,,,,,,,,,,,,,,,,,,0,3.000000e+000,5.000000e-001,5,1,4.649048e-001,0,0,0,
1711934041.354,,0.000000e+000,2.795593e+002,2.466363e-003,0.000000e+000,1.445435e-002,0.000000e+000,3,9.896385e-001,1.825000e+000,,,,,,,,,,,,,,,,,,0,3.000000e+000,5.000000e-001,5,1,5.506897e-001,0,0,0,
1711934070.483,,0.000000e+000,2.805009e+002,2.456345e-003,0.000000e+000,1.463542e-002,0.000000e+000,3,9.896908e-001,1.825000e+000,,,,,,,,,,,,,,,,,,0,3.000000e+000,5.000000e-001,5,1,5.340271e-001,0,0,0,
1711934100.898,,0.000000e+000,2.815114e+002,2.445746e-003,0.000000e+000,1.463996e-002,0.000000e+000,3,9.896798e-001,1.825000e+000,,,,,,,,,,,,,,,,,,0,3.000000e+000,5.000000e-001,5,1,6.831055e-001,0,0,0,
1711934127.839,,0.000000e+000,2.824251e+002,2.436317e-003,0.000000e+000,1.493920e-002,0.000000e+000,3,9.896894e-001,1.825000e+000,,,,,,,,,,,,,,,,,,0,3.000000e+000,5.000000e-001,5,1,4.793091e-001,0,0,0,
1711934162.248,,0.000000e+000,2.835029e+002,2.424144e-003,0.000000e+000,1.529661e-002,0.000000e+000,3,9.897360e-001,1.825000e+000,,,,,,,,,,,,,,,,,,0,3.000000e+000,5.000000e-001,5,1,6.092834e-001,0,0,0,
1711934186.341,,0.000000e+000,2.843724e+002,2.415484e-003,0.000000e+000,1.550280e-002,0.000000e+000,3,9.896594e-001,1.825000e+000,,,,,,,,,,,,,,,,,,0,3.000000e+000,5.000000e-001,5,1,4.757996e-001,0,0,0,
1711934219.725,,0.000000e+000,2.854128e+002,2.402883e-003,0.000000e+000,1.572164e-002,0.000000e+000,3,9.896809e-001,1.825000e+000,,,,,,,,,,,,,,,,,,0,3.000000e+000,5.000000e-001,5,1,6.713257e-001,0,0,0,
1711934248.885,,0.000000e+000,2.864234e+002,2.392106e-003,0.000000e+000,1.594259e-002,0.000000e+000,3,9.895812e-001,1.825000e+000,,,,,,,,,,,,,,,,,,0,3.000000e+000,5.000000e-001,5,1,5.368042e-001,0,0,0,
1711934277.293,,0.000000e+000,2.873608e+002,2.380996e-003,0.000000e+000,1.624515e-002,0.000000e+000,3,9.895800e-001,1.825000e+000,,,,,,,,,,,,,,,,,,0,3.000000e+000,5.000000e-001,5,1,6.701965e-001,0,0,0,
1711934312.212,,0.000000e+000,2.886041e+002,2.368113e-003,0.000000e+000,1.659785e-002,0.000000e+000,3,9.895034e-001,1.825000e+000,,,,,,,,,,,,,,,,,,0,3.000000e+000,5.000000e-001,5,1,6.000061e-001,0,0,0,
1711934354.381,,0.000000e+000,2.899636e+002,2.351511e-003,0.000000e+000,1.707218e-002,0.000000e+000,3,9.894412e-001,1.825000e+000,,,,,,,,,,,,,,,,,,0,3.000000e+000,5.000000e-001,5,1,5.398865e-001,0,0,0,
1711934376.790,,0.000000e+000,2.906815e+002,2.342867e-003,0.000000e+000,1.740273e-002,0.000000e+000,3,9.895545e-001,1.825000e+000,,,,,,,,,,,,,,,,,,0,3.000000e+000,5.000000e-001,5,1,5.427246e-001,0,0,0,
1711934398.447,,0.000000e+000,2.914645e+002,2.334040e-003,0.000000e+000,1.746150e-002,0.000000e+000,3,9.895211e-001,1.825000e+000,,,,,,,,,,,,,,,,,,0,3.000000e+000,5.000000e-001,5,1,5.346985e-001,0,0,0,
1711934429.112,,0.000000e+000,2.923698e+002,2.322063e-003,0.000000e+000,1.798185e-002,0.000000e+000,3,9.895979e-001,1.825000e+000,,,,,,,,,,,,,,,,,,0,3.000000e+000,5.000000e-001,5,1,6.277771e-001,0,1,0,
1711934461.780,,0.000000e+000,2.934729e+002,2.309368e-003,0.000000e+000,1.844136e-002,0.000000e+000,3,9.896246e-001,1.825000e+000,,,,,,,,,,,,,,,,,,0,3.000000e+000,5.000000e-001,5,1,6.328125e-001,0,1,0,
1711934490.870,,0.000000e+000,2.944084e+002,2.297424e-003,0.000000e+000,1.883963e-002,0.000000e+000,3,9.893920e-001,1.825000e+000,,,,,,,,,,,,,,,,,,0,3.000000e+000,5.000000e-001,5,1,6.940002e-001,0,1,0,
1711934520.487,,0.000000e+000,2.954588e+002,2.285037e-003,0.000000e+000,1.930438e-002,0.000000e+000,3,9.896020e-001,1.825000e+000,,,,,,,,,,,,,,,,,,0,3.000000e+000,5.000000e-001,5,1,5.615845e-001,0,1,0,
1711934549.920,,0.000000e+000,2.964423e+002,2.272690e-003,0.000000e+000,1.977787e-002,0.000000e+000,3,9.896863e-001,1.825000e+000,,,,,,,,,,,,,,,,,,0,3.000000e+000,5.000000e-001,5,1,6.232910e-001,0,1,0,
1711934582.100,,0.000000e+000,2.974624e+002,2.259216e-003,0.000000e+000,2.025593e-002,0.000000e+000,3,9.896143e-001,1.825000e+000,,,,,,,,,,,,,,,,,,0,3.000000e+000,5.000000e-001,5,1,6.279907e-001,0,1,0,
1711934610.936,,0.000000e+000,2.984545e+002,2.247337e-003,0.000000e+000,2.071825e-002,0.000000e+000,3,9.896607e-001,1.825000e+000,,,,,,,,,,,,,,,,,,0,3.000000e+000,5.000000e-001,5,1,6.324768e-001,0,1,0,
1711934641.067,,0.000000e+000,2.994948e+002,2.233863e-003,0.000000e+000,2.118667e-002,0.000000e+000,3,9.896882e-001,1.825000e+000,,,,,,,,,,,,,,,,,,0,3.000000e+000,5.000000e-001,5,1,5.075073e-001,0,1,0,
1711934913.279,,0.000000e+000,3.000149e+002,2.202999e-003,0.000000e+000,2.318468e-002,0.000000e+000,3,9.895601e-001,1.825000e+000,,,,,,,,,,,,,,,,,,0,3.000000e+000,5.000000e-001,5,1,1.181030e-002,0,0,0,
