[Header]
TITLE,MPMS RSO Measurement
BYAPP,MPMS Measurement,1.1,Summary
FILEOPENTIME, 1711657277.631000 3/29/2024, 5:21:17 AM

INFO, APPNAME, MPMS MultiVu Application, Revision 1.60,  Build 081

INFO, NAME, PO-conc. #2
INFO, WEIGHT, 0.180
INFO, AREA, 0.000
INFO, LENGTH, 0.000
INFO, SHAPE, 0
INFO, COMMENT, 
INFO, SEQUENCE FILE: IRM_3T_300-5-300K.seq


INFO, BACKGROUND DATA FILE:, None


STARTUPAXIS,X,4,LINEAR,AUTO,0.000000,0.000000
STARTUPAXIS,Y1,5,LINEAR,AUTO,0.000000,0.000000


STARTUPGROUP,Longitudinal
FIELDGROUP,Longitudinal,1,2,3,4,5,6,7,8,9,10,11,19,20,21,22,23,35
FIELDGROUP,Transverse,1,2,3,4,12,13,14,15,16,17,18,24,25,26,27,28,35

PLOT_APPEARANCE,ALL,HORZ_GRID_ON,VERT_GRID_ON,MARKERS_AND_LINES

[Data]
Time,Comment,Field (Oe),Temperature (K),Long Moment (emu),Long Scan Std Dev,Long Offset (cm),Long Offset Std Dev,Long Algorithm,Long Reg Fit,Long Reg Factor,Trans Moment (emu),Trans Scan Std Dev,Trans Offset (cm),Trans Offset Std Dev,Trans Algorithm,Trans Reg Fit,Trans Reg Factor,Long Moment [w/o ABS] (emu),Long Scan Std Dev [w/o ABS],Long Offset [w/o ABS] (cm),Long Offset Std Dev [w/o ABS],Long Reg Fit [w/o ABS],Trans Moment [w/o ABS] (emu),Trans Scan Std Dev [w/o ABS],Trans Offset [w/o ABS] (cm),Trans Offset Std Dev [w/o ABS],Trans Reg Fit [w/o ABS],RSO Position (deg),Amplitude (cm),Frequency,Cycles to Average,Scans per Measurement,Delta Temp (K),Error,EC Comp. Running,Using ABS,
1711657277.631,,0.000000e+000,2.999971e+002,6.201752e-003,0.000000e+000,8.596215e-002,0.000000e+000,3,9.874399e-001,1.825000e+000,,,,,,,,,,,,,,,,,,0,3.000000e+000,5.000000e-001,5,1,0.000000e+000,0,0,0,
1711657436.947,,0.000000e+000,2.988471e+002,6.249142e-003,0.000000e+000,8.573420e-002,0.000000e+000,3,9.874964e-001,1.825000e+000,,,,,,,,,,,,,,,,,,0,3.000000e+000,5.000000e-001,5,1,2.467041e-001,0,1,0,
1711657496.385,,0.000000e+000,2.977416e+002,6.309492e-003,0.000000e+000,8.572935e-002,0.000000e+000,3,9.874961e-001,1.825000e+000,,,,,,,,,,,,,,,,,,0,3.000000e+000,5.000000e-001,5,1,3.262024e-001,0,1,0,
1711657542.058,,0.000000e+000,2.965981e+002,6.376943e-003,0.000000e+000,8.572908e-002,0.000000e+000,3,9.874508e-001,1.825000e+000,,,,,,,,,,,,,,,,,,0,3.000000e+000,5.000000e-001,5,1,5.430908e-001,0,1,0,
1711657575.224,,0.000000e+000,2.954988e+002,6.434508e-003,0.000000e+000,8.567209e-002,0.000000e+000,3,9.874594e-001,1.825000e+000,,,,,,,,,,,,,,,,,,0,3.000000e+000,5.000000e-001,5,1,3.898010e-001,0,1,0,
1711657610.636,,0.000000e+000,2.945334e+002,6.499729e-003,0.000000e+000,8.558565e-002,0.000000e+000,3,9.875576e-001,1.825000e+000,,,,,,,,,,,,,,,,,,0,3.000000e+000,5.000000e-001,5,1,5.579224e-001,0,1,0,
1711657638.311,,0.000000e+000,2.937159e+002,6.552327e-003,0.000000e+000,8.531728e-002,0.000000e+000,3,9.875432e-001,1.825000e+000,,,,,,,,,,,,,,,,,,0,3.000000e+000,5.000000e-001,5,1,4.642029e-001,0,1,0,
1711657673.726,,0.000000e+000,2.926783e+002,6.617811e-003,0.000000e+000,8.522081e-002,0.000000e+000,3,9.875121e-001,1.825000e+000,,,,,,,,,,,,,,,,,,0,3.000000e+000,5.000000e-001,5,1,4.606934e-001,0,1,0,
1711657711.148,,0.000000e+000,2.917209e+002,6.685647e-003,0.000000e+000,8.495582e-002,0.000000e+000,3,9.875576e-001,1.825000e+000,,,,,,,,,,,,,,,,,,0,3.000000e+000,5.000000e-001,5,1,4.685974e-001,0,1,0,
1711657749.597,,0.000000e+000,2.907092e+002,6.752964e-003,0.000000e+000,8.465789e-002,0.000000e+000,3,9.875873e-001,1.825000e+000,,,,,,,,,,,,,,,,,,0,3.000000e+000,5.000000e-001,5,1,5.317078e-001,0,1,0,
1711657807.662,,0.000000e+000,2.891286e+002,6.853966e-003,0.000000e+000,8.427201e-002,0.000000e+000,3,9.876415e-001,1.825000e+000,,,,,,,,,,,,,,,,,,0,3.000000e+000,5.000000e-001,5,1,4.489746e-001,0,1,0,
1711657830.069,,0.000000e+000,2.885330e+002,6.892993e-003,0.000000e+000,8.405759e-002,0.000000e+000,3,9.876348e-001,1.825000e+000,,,,,,,,,,,,,,,,,,0,3.000000e+000,5.000000e-001,5,1,3.926086e-001,0,1,0,
1711657862.252,,0.000000e+000,2.876907e+002,6.948418e-003,0.000000e+000,8.390588e-002,0.000000e+000,3,9.876101e-001,1.825000e+000,,,,,,,,,,,,,,,,,,0,3.000000e+000,5.000000e-001,5,1,4.876099e-001,0,1,0,
1711657900.168,,0.000000e+000,2.866060e+002,7.014058e-003,0.000000e+000,8.359773e-002,0.000000e+000,3,9.876385e-001,1.825000e+000,,,,,,,,,,,,,,,,,,0,3.000000e+000,5.000000e-001,5,1,5.374756e-001,0,1,0,
1711657938.855,,0.000000e+000,2.855673e+002,7.080948e-003,0.000000e+000,8.329544e-002,0.000000e+000,3,9.876793e-001,1.825000e+000,,,,,,,,,,,,,,,,,,0,3.000000e+000,5.000000e-001,5,1,5.121155e-001,0,1,0,
1711657969.267,,0.000000e+000,2.847006e+002,7.135143e-003,0.000000e+000,8.317965e-002,0.000000e+000,3,9.876568e-001,1.825000e+000,,,,,,,,,,,,,,,,,,0,3.000000e+000,5.000000e-001,5,1,5.194092e-001,0,1,0,
1711658007.196,,0.000000e+000,2.836237e+002,7.202617e-003,0.000000e+000,8.277937e-002,0.000000e+000,3,9.876971e-001,1.825000e+000,,,,,,,,,,,,,,,,,,0,3.000000e+000,5.000000e-001,5,1,4.732056e-001,0,0,0,
1711658042.360,,0.000000e+000,2.826284e+002,7.265578e-003,0.000000e+000,8.234832e-002,0.000000e+000,3,9.877055e-001,1.825000e+000,,,,,,,,,,,,,,,,,,0,3.000000e+000,5.000000e-001,5,1,4.904785e-001,0,0,0,
1711658075.276,,0.000000e+000,2.817339e+002,7.324026e-003,0.000000e+000,8.206072e-002,0.000000e+000,3,9.877383e-001,1.825000e+000,,,,,,,,,,,,,,,,,,0,3.000000e+000,5.000000e-001,5,1,4.664917e-001,0,0,0,
1711658109.943,,0.000000e+000,2.806909e+002,7.387479e-003,0.000000e+000,8.175801e-002,0.000000e+000,3,9.877584e-001,1.825000e+000,,,,,,,,,,,,,,,,,,0,3.000000e+000,5.000000e-001,5,1,4.217834e-001,0,0,0,
1711658142.603,,0.000000e+000,2.796512e+002,7.446143e-003,0.000000e+000,8.166435e-002,0.000000e+000,3,9.877867e-001,1.825000e+000,,,,,,,,,,,,,,,,,,0,3.000000e+000,5.000000e-001,5,1,5.715027e-001,0,0,0,
1711658180.275,,0.000000e+000,2.786093e+002,7.515353e-003,0.000000e+000,8.120853e-002,0.000000e+000,3,9.878231e-001,1.825000e+000,,,,,,,,,,,,,,,,,,0,3.000000e+000,5.000000e-001,5,1,5.770874e-001,0,0,0,
1711658212.946,,0.000000e+000,2.775909e+002,7.577477e-003,0.000000e+000,8.094012e-002,0.000000e+000,3,9.878553e-001,1.825000e+000,,,,,,,,,,,,,,,,,,0,3.000000e+000,5.000000e-001,5,1,6.328735e-001,0,0,0,
1711658245.368,,0.000000e+000,2.766149e+002,7.638502e-003,0.000000e+000,8.067035e-002,0.000000e+000,3,9.878774e-001,1.825000e+000,,,,,,,,,,,,,,,,,,0,3.000000e+000,5.000000e-001,5,1,5.583191e-001,0,0,0,
1711658277.777,,0.000000e+000,2.755771e+002,7.700008e-003,0.000000e+000,8.038973e-002,0.000000e+000,3,9.879460e-001,1.825000e+000,,,,,,,,,,,,,,,,,,0,3.000000e+000,5.000000e-001,5,1,5.241089e-001,0,0,0,
1711658308.485,,0.000000e+000,2.745673e+002,7.759735e-003,0.000000e+000,8.005496e-002,0.000000e+000,3,9.879848e-001,1.825000e+000,,,,,,,,,,,,,,,,,,0,3.000000e+000,5.000000e-001,5,1,4.906921e-001,0,0,0,
1711658340.646,,0.000000e+000,2.735993e+002,7.787968e-003,0.000000e+000,7.360089e-002,0.000000e+000,3,9.848112e-001,1.825000e+000,,,,,,,,,,,,,,,,,,0,3.000000e+000,5.000000e-001,5,1,5.064087e-001,0,1,0,
1711658370.802,,0.000000e+000,2.726436e+002,7.880423e-003,0.000000e+000,7.958491e-002,0.000000e+000,3,9.879986e-001,1.825000e+000,,,,,,,,,,,,,,,,,,0,3.000000e+000,5.000000e-001,5,1,6.477051e-001,0,1,0,
1711658405.469,,0.000000e+000,2.715461e+002,7.947901e-003,0.000000e+000,7.926296e-002,0.000000e+000,3,9.880924e-001,1.825000e+000,,,,,,,,,,,,,,,,,,0,3.000000e+000,5.000000e-001,5,1,5.464172e-001,0,1,0,
1711658434.631,,0.000000e+000,2.705676e+002,8.005003e-003,0.000000e+000,7.914533e-002,0.000000e+000,3,9.880112e-001,1.825000e+000,,,,,,,,,,,,,,,,,,0,3.000000e+000,5.000000e-001,5,1,6.086731e-001,0,1,0,
1711658462.041,,0.000000e+000,2.696671e+002,8.058310e-003,0.000000e+000,7.897294e-002,0.000000e+000,3,9.880854e-001,1.825000e+000,,,,,,,,,,,,,,,,,,0,3.000000e+000,5.000000e-001,5,1,5.476990e-001,0,1,0,
1711658495.448,,0.000000e+000,2.686606e+002,8.123226e-003,0.000000e+000,7.865291e-002,0.000000e+000,3,9.880366e-001,1.825000e+000,,,,,,,,,,,,,,,,,,0,3.000000e+000,5.000000e-001,5,1,5.434265e-001,0,1,0,
1711658525.115,,0.000000e+000,2.676343e+002,8.182191e-003,0.000000e+000,7.857979e-002,0.000000e+000,3,9.881418e-001,1.825000e+000,,,,,,,,,,,,,,,,,,0,3.000000e+000,5.000000e-001,5,1,5.016785e-001,0,1,0,
1711658562.798,,0.000000e+000,2.664644e+002,8.252659e-003,0.000000e+000,7.822935e-002,0.000000e+000,3,9.881848e-001,1.825000e+000,,,,,,,,,,,,,,,,,,0,3.000000e+000,5.000000e-001,5,1,5.246277e-001,0,1,0,
1711658589.989,,0.000000e+000,2.656434e+002,8.305206e-003,0.000000e+000,7.807355e-002,0.000000e+000,3,9.881591e-001,1.825000e+000,,,,,,,,,,,,,,,,,,0,3.000000e+000,5.000000e-001,5,1,6.034851e-001,0,1,0,
1711658621.929,,0.000000e+000,2.646598e+002,8.365003e-003,0.000000e+000,7.797951e-002,0.000000e+000,3,9.882339e-001,1.825000e+000,,,,,,,,,,,,,,,,,,0,3.000000e+000,5.000000e-001,5,1,6.167908e-001,0,1,0,
1711658654.614,,0.000000e+000,2.635850e+002,8.424449e-003,0.000000e+000,7.776347e-002,0.000000e+000,3,9.882478e-001,1.825000e+000,,,,,,,,,,,,,,,,,,0,3.000000e+000,5.000000e-001,5,1,5.395203e-001,0,1,0,
1711658692.037,,0.000000e+000,2.624971e+002,8.494219e-003,0.000000e+000,7.759365e-002,0.000000e+000,3,9.882519e-001,1.825000e+000,,,,,,,,,,,,,,,,,,0,3.000000e+000,5.000000e-001,5,1,5.523987e-001,0,1,0,
1711658718.445,,0.000000e+000,2.616842e+002,8.543477e-003,0.000000e+000,7.737231e-002,0.000000e+000,3,9.882244e-001,1.825000e+000,,,,,,,,,,,,,,,,,,0,3.000000e+000,5.000000e-001,5,1,4.515991e-001,0,1,0,
1711658757.051,,0.000000e+000,2.605555e+002,8.614697e-003,0.000000e+000,7.728098e-002,0.000000e+000,3,9.882270e-001,1.825000e+000,,,,,,,,,,,,,,,,,,0,3.000000e+000,5.000000e-001,5,1,6.058960e-001,0,1,0,
1711658786.675,,0.000000e+000,2.596149e+002,8.665696e-003,0.000000e+000,7.589821e-002,0.000000e+000,3,9.880308e-001,1.825000e+000,,,,,,,,,,,,,,,,,,0,3.000000e+000,5.000000e-001,5,1,6.626892e-001,0,1,0,
1711658820.597,,0.000000e+000,2.586030e+002,8.732068e-003,0.000000e+000,7.706307e-002,0.000000e+000,3,9.882562e-001,1.825000e+000,,,,,,,,,,,,,,,,,,0,3.000000e+000,5.000000e-001,5,1,6.142883e-001,0,1,0,
1711658854.771,,0.000000e+000,2.575171e+002,8.793570e-003,0.000000e+000,7.696855e-002,0.000000e+000,3,9.882573e-001,1.825000e+000,,,,,,,,,,,,,,,,,,0,3.000000e+000,5.000000e-001,5,1,5.578003e-001,0,1,0,
1711658883.849,,0.000000e+000,2.565851e+002,8.847037e-003,0.000000e+000,7.688888e-002,0.000000e+000,3,9.882739e-001,1.825000e+000,,,,,,,,,,,,,,,,,,0,3.000000e+000,5.000000e-001,5,1,6.731873e-001,0,0,0,
1711658920.735,,0.000000e+000,2.554228e+002,8.910764e-003,0.000000e+000,7.548263e-002,0.000000e+000,3,9.880915e-001,1.825000e+000,,,,,,,,,,,,,,,,,,0,3.000000e+000,5.000000e-001,5,1,5.150909e-001,0,0,0,
1711658947.142,,0.000000e+000,2.545811e+002,8.962721e-003,0.000000e+000,7.679109e-002,0.000000e+000,3,9.883773e-001,1.825000e+000,,,,,,,,,,,,,,,,,,0,3.000000e+000,5.000000e-001,5,1,5.957031e-001,0,0,0,
1711658976.100,,0.000000e+000,2.536570e+002,9.017580e-003,0.000000e+000,7.660358e-002,0.000000e+000,3,9.883046e-001,1.825000e+000,,,,,,,,,,,,,,,,,,0,3.000000e+000,5.000000e-001,5,1,4.998016e-001,0,0,0,
1711659012.509,,0.000000e+000,2.525291e+002,9.084231e-003,0.000000e+000,7.665869e-002,0.000000e+000,3,9.883818e-001,1.825000e+000,,,,,,,,,,,,,,,,,,0,3.000000e+000,5.000000e-001,5,1,5.946960e-001,0,0,0,
1711659040.911,,0.000000e+000,2.516566e+002,9.137340e-003,0.000000e+000,7.647309e-002,0.000000e+000,3,9.883519e-001,1.825000e+000,,,,,,,,,,,,,,,,,,0,3.000000e+000,5.000000e-001,5,1,6.069946e-001,0,0,0,
1711659075.323,,0.000000e+000,2.504768e+002,9.203549e-003,0.000000e+000,7.651290e-002,0.000000e+000,3,9.883220e-001,1.825000e+000,,,,,,,,,,,,,,,,,,0,3.000000e+000,5.000000e-001,5,1,6.746063e-001,0,0,0,
1711659103.981,,0.000000e+000,2.495012e+002,9.258113e-003,0.000000e+000,7.640576e-002,0.000000e+000,3,9.883625e-001,1.825000e+000,,,,,,,,,,,,,,,,,,0,3.000000e+000,5.000000e-001,5,1,6.291046e-001,0,0,0,
1711659132.552,,0.000000e+000,2.485568e+002,9.312618e-003,0.000000e+000,7.635924e-002,0.000000e+000,3,9.884238e-001,1.825000e+000,,,,,,,,,,,,,,,,,,0,3.000000e+000,5.000000e-001,5,1,4.723969e-001,0,0,0,
1711659165.677,,0.000000e+000,2.474808e+002,9.375311e-003,0.000000e+000,7.635511e-002,0.000000e+000,3,9.883125e-001,1.825000e+000,,,,,,,,,,,,,,,,,,0,3.000000e+000,5.000000e-001,5,1,6.112061e-001,0,0,0,
1711659188.821,,0.000000e+000,2.466384e+002,9.419857e-003,0.000000e+000,7.636879e-002,0.000000e+000,3,9.883587e-001,1.825000e+000,,,,,,,,,,,,,,,,,,0,3.000000e+000,5.000000e-001,5,1,6.622925e-001,0,0,0,
1711659222.959,,0.000000e+000,2.455119e+002,9.486245e-003,0.000000e+000,7.622381e-002,0.000000e+000,3,9.883387e-001,1.825000e+000,,,,,,,,,,,,,,,,,,0,3.000000e+000,5.000000e-001,5,1,5.704041e-001,0,1,0,
1711659257.110,,0.000000e+000,2.443646e+002,9.551842e-003,0.000000e+000,7.620900e-002,0.000000e+000,3,9.882745e-001,1.825000e+000,,,,,,,,,,,,,,,,,,0,3.000000e+000,5.000000e-001,5,1,5.729980e-001,0,1,0,
1711659280.741,,0.000000e+000,2.436389e+002,9.597675e-003,0.000000e+000,7.608621e-002,0.000000e+000,3,9.883022e-001,1.825000e+000,,,,,,,,,,,,,,,,,,0,3.000000e+000,5.000000e-001,5,1,5.696106e-001,0,1,0,
1711659310.143,,0.000000e+000,2.426042e+002,9.654017e-003,0.000000e+000,7.611968e-002,0.000000e+000,3,9.883133e-001,1.825000e+000,,,,,,,,,,,,,,,,,,0,3.000000e+000,5.000000e-001,5,1,6.412048e-001,0,1,0,
1711659337.788,,0.000000e+000,2.416725e+002,9.707360e-003,0.000000e+000,7.608043e-002,0.000000e+000,3,9.883289e-001,1.825000e+000,,,,,,,,,,,,,,,,,,0,3.000000e+000,5.000000e-001,5,1,4.925079e-001,0,1,0,
1711659368.689,,0.000000e+000,2.406202e+002,9.765420e-003,0.000000e+000,7.619619e-002,0.000000e+000,3,9.883226e-001,1.825000e+000,,,,,,,,,,,,,,,,,,0,3.000000e+000,5.000000e-001,5,1,5.858917e-001,0,1,0,
1711659398.338,,0.000000e+000,2.396440e+002,9.822775e-003,0.000000e+000,7.618218e-002,0.000000e+000,3,9.883378e-001,1.825000e+000,,,,,,,,,,,,,,,,,,0,3.000000e+000,5.000000e-001,5,1,5.885925e-001,0,1,0,
1711659431.241,,0.000000e+000,2.385166e+002,9.884655e-003,0.000000e+000,7.609766e-002,0.000000e+000,3,9.882826e-001,1.825000e+000,,,,,,,,,,,,,,,,,,0,3.000000e+000,5.000000e-001,5,1,5.686035e-001,0,1,0,
1711659458.150,,0.000000e+000,2.376595e+002,9.934012e-003,0.000000e+000,7.610893e-002,0.000000e+000,3,9.883926e-001,1.825000e+000,,,,,,,,,,,,,,,,,,0,3.000000e+000,5.000000e-001,5,1,5.717010e-001,0,1,0,
1711659492.341,,0.000000e+000,2.365176e+002,9.996581e-003,0.000000e+000,7.602516e-002,0.000000e+000,3,9.883810e-001,1.825000e+000,,,,,,,,,,,,,,,,,,0,3.000000e+000,5.000000e-001,5,1,4.864960e-001,0,1,0,
1711659523.247,,0.000000e+000,2.355594e+002,1.005320e-002,0.000000e+000,7.593776e-002,0.000000e+000,3,9.883274e-001,1.825000e+000,,,,,,,,,,,,,,,,,,0,3.000000e+000,5.000000e-001,5,1,4.898071e-001,0,1,0,
1711659554.701,,0.000000e+000,2.344765e+002,1.011034e-002,0.000000e+000,7.585315e-002,0.000000e+000,3,9.883265e-001,1.825000e+000,,,,,,,,,,,,,,,,,,0,3.000000e+000,5.000000e-001,5,1,4.425964e-001,0,1,0,
1711659580.595,,0.000000e+000,2.336728e+002,1.015672e-002,0.000000e+000,7.584332e-002,0.000000e+000,3,9.884129e-001,1.825000e+000,,,,,,,,,,,,,,,,,,0,3.000000e+000,5.000000e-001,5,1,6.381989e-001,0,1,0,
1711659613.751,,0.000000e+000,2.326261e+002,1.021686e-002,0.000000e+000,7.580185e-002,0.000000e+000,3,9.884200e-001,1.825000e+000,,,,,,,,,,,,,,,,,,0,3.000000e+000,5.000000e-001,5,1,5.693054e-001,0,1,0,
1711659645.642,,0.000000e+000,2.316184e+002,1.027385e-002,0.000000e+000,7.578583e-002,0.000000e+000,3,9.883739e-001,1.825000e+000,,,,,,,,,,,,,,,,,,0,3.000000e+000,5.000000e-001,5,1,6.201935e-001,0,1,0,
1711659675.061,,0.000000e+000,2.306467e+002,1.032729e-002,0.000000e+000,7.570945e-002,0.000000e+000,3,9.883740e-001,1.825000e+000,,,,,,,,,,,,,,,,,,0,3.000000e+000,5.000000e-001,5,1,6.289978e-001,0,1,0,
1711659709.955,,0.000000e+000,2.294807e+002,1.038828e-002,0.000000e+000,7.568655e-002,0.000000e+000,3,9.884403e-001,1.825000e+000,,,,,,,,,,,,,,,,,,0,3.000000e+000,5.000000e-001,5,1,4.791107e-001,0,1,0,
1711659740.114,,0.000000e+000,2.286081e+002,1.035532e-002,0.000000e+000,7.869001e-002,0.000000e+000,3,9.451118e-001,1.825000e+000,,,,,,,,,,,,,,,,,,0,3.000000e+000,5.000000e-001,5,1,5.706024e-001,0,1,0,
1711659771.024,,0.000000e+000,2.275699e+002,1.049990e-002,0.000000e+000,7.565110e-002,0.000000e+000,3,9.883674e-001,1.825000e+000,,,,,,,,,,,,,,,,,,0,3.000000e+000,5.000000e-001,5,1,5.859070e-001,0,0,0,
1711659800.692,,0.000000e+000,2.265441e+002,1.054997e-002,0.000000e+000,7.562252e-002,0.000000e+000,3,9.884886e-001,1.825000e+000,,,,,,,,,,,,,,,,,,0,3.000000e+000,5.000000e-001,5,1,4.338989e-001,0,0,0,
1711659836.014,,0.000000e+000,2.255110e+002,1.061478e-002,0.000000e+000,7.549775e-002,0.000000e+000,3,9.884031e-001,1.825000e+000,,,,,,,,,,,,,,,,,,0,3.000000e+000,5.000000e-001,5,1,5.424957e-001,0,0,0,
1711659865.875,,0.000000e+000,2.245491e+002,1.066710e-002,0.000000e+000,7.551560e-002,0.000000e+000,3,9.884149e-001,1.825000e+000,,,,,,,,,,,,,,,,,,0,3.000000e+000,5.000000e-001,5,1,5.773010e-001,0,0,0,
1711659894.772,,0.000000e+000,2.235368e+002,1.072015e-002,0.000000e+000,7.555895e-002,0.000000e+000,3,9.883767e-001,1.825000e+000,,,,,,,,,,,,,,,,,,0,3.000000e+000,5.000000e-001,5,1,6.502991e-001,0,0,0,
1711659926.947,,0.000000e+000,2.224913e+002,1.077690e-002,0.000000e+000,7.535487e-002,0.000000e+000,3,9.884866e-001,1.825000e+000,,,,,,,,,,,,,,,,,,0,3.000000e+000,5.000000e-001,5,1,6.379089e-001,0,0,0,
1711659952.014,,0.000000e+000,2.215767e+002,1.082447e-002,0.000000e+000,7.545329e-002,0.000000e+000,3,9.884437e-001,1.825000e+000,,,,,,,,,,,,,,,,,,0,3.000000e+000,5.000000e-001,5,1,5.242004e-001,0,0,0,
1711659983.084,,0.000000e+000,2.206219e+002,1.088282e-002,0.000000e+000,7.545333e-002,0.000000e+000,3,9.884822e-001,1.825000e+000,,,,,,,,,,,,,,,,,,0,3.000000e+000,5.000000e-001,5,1,5.959015e-001,0,0,0,
1711660011.135,,0.000000e+000,2.196092e+002,1.093276e-002,0.000000e+000,7.549714e-002,0.000000e+000,3,9.884909e-001,1.825000e+000,,,,,,,,,,,,,,,,,,0,3.000000e+000,5.000000e-001,5,1,6.345978e-001,0,0,0,
1711660041.764,,0.000000e+000,2.186054e+002,1.099031e-002,0.000000e+000,7.550702e-002,0.000000e+000,3,9.884924e-001,1.825000e+000,,,,,,,,,,,,,,,,,,0,3.000000e+000,5.000000e-001,5,1,6.475983e-001,0,0,0,
1711660074.671,,0.000000e+000,2.173792e+002,1.105189e-002,0.000000e+000,7.560188e-002,0.000000e+000,3,9.884794e-001,1.825000e+000,,,,,,,,,,,,,,,,,,0,3.000000e+000,5.000000e-001,5,1,5.789032e-001,0,1,0,
1711660100.332,,0.000000e+000,2.166001e+002,1.110002e-002,0.000000e+000,7.558165e-002,0.000000e+000,3,9.884657e-001,1.825000e+000,,,,,,,,,,,,,,,,,,0,3.000000e+000,5.000000e-001,5,1,6.849060e-001,0,1,0,
1711660129.981,,0.000000e+000,2.154561e+002,1.115573e-002,0.000000e+000,7.566983e-002,0.000000e+000,3,9.884865e-001,1.825000e+000,,,,,,,,,,,,,,,,,,0,3.000000e+000,5.000000e-001,5,1,6.174011e-001,0,1,0,
1711660159.879,,0.000000e+000,2.144859e+002,1.121205e-002,0.000000e+000,7.566803e-002,0.000000e+000,3,9.884839e-001,1.825000e+000,,,,,,,,,,,,,,,,,,0,3.000000e+000,5.000000e-001,5,1,5.880127e-001,0,1,0,
1711660188.555,,0.000000e+000,2.134797e+002,1.126977e-002,0.000000e+000,7.588481e-002,0.000000e+000,3,9.885074e-001,1.825000e+000,,,,,,,,,,,,,,,,,,0,3.000000e+000,5.000000e-001,5,1,6.956024e-001,0,1,0,
1711660218.942,,0.000000e+000,2.124558e+002,1.132584e-002,0.000000e+000,7.589493e-002,0.000000e+000,3,9.885138e-001,1.825000e+000,,,,,,,,,,,,,,,,,,0,3.000000e+000,5.000000e-001,5,1,5.359039e-001,0,1,0,
1711660246.333,,0.000000e+000,2.116169e+002,1.137741e-002,0.000000e+000,7.588188e-002,0.000000e+000,3,9.885256e-001,1.825000e+000,,,,,,,,,,,,,,,,,,0,3.000000e+000,5.000000e-001,5,1,5.903015e-001,0,1,0,
1711660276.421,,0.000000e+000,2.105179e+002,1.143229e-002,0.000000e+000,7.597611e-002,0.000000e+000,3,9.884905e-001,1.825000e+000,,,,,,,,,,,,,,,,,,0,3.000000e+000,5.000000e-001,5,1,5.959015e-001,0,1,0,
1711660305.786,,0.000000e+000,2.094958e+002,1.148499e-002,0.000000e+000,7.597417e-002,0.000000e+000,3,9.885113e-001,1.825000e+000,,,,,,,,,,,,,,,,,,0,3.000000e+000,5.000000e-001,5,1,4.584045e-001,0,1,0,
1711660337.121,,0.000000e+000,2.085346e+002,1.154725e-002,0.000000e+000,7.525446e-002,0.000000e+000,3,9.884272e-001,1.825000e+000,,,,,,,,,,,,,,,,,,0,3.000000e+000,5.000000e-001,5,1,5.053864e-001,0,1,0,
1711660365.724,,0.000000e+000,2.076214e+002,1.159419e-002,0.000000e+000,7.602650e-002,0.000000e+000,3,9.885033e-001,1.825000e+000,,,,,,,,,,,,,,,,,,0,3.000000e+000,5.000000e-001,5,1,5.856018e-001,0,1,0,
1711660394.300,,0.000000e+000,2.066573e+002,1.164533e-002,0.000000e+000,7.613532e-002,0.000000e+000,3,9.884835e-001,1.825000e+000,,,,,,,,,,,,,,,,,,0,3.000000e+000,5.000000e-001,5,1,6.362000e-001,0,1,0,
1711660425.432,,0.000000e+000,2.056364e+002,1.170065e-002,0.000000e+000,7.626765e-002,0.000000e+000,3,9.884647e-001,1.825000e+000,,,,,,,,,,,,,,,,,,0,3.000000e+000,5.000000e-001,5,1,5.858002e-001,0,1,0,
1711660455.069,,0.000000e+000,2.046462e+002,1.175350e-002,0.000000e+000,7.634645e-002,0.000000e+000,3,9.884571e-001,1.825000e+000,,,,,,,,,,,,,,,,,,0,3.000000e+000,5.000000e-001,5,1,5.803986e-001,0,1,0,
1711660488.718,,0.000000e+000,2.035754e+002,1.181307e-002,0.000000e+000,7.650100e-002,0.000000e+000,3,9.884307e-001,1.825000e+000,,,,,,,,,,,,,,,,,,0,3.000000e+000,5.000000e-001,5,1,5.800934e-001,0,1,0,
1711660520.357,,0.000000e+000,2.025771e+002,1.186978e-002,0.000000e+000,7.656294e-002,0.000000e+000,3,9.884388e-001,1.825000e+000,,,,,,,,,,,,,,,,,,0,3.000000e+000,5.000000e-001,5,1,5.747070e-001,0,1,0,
1711660551.774,,0.000000e+000,2.015110e+002,1.192543e-002,0.000000e+000,7.662887e-002,0.000000e+000,3,9.884069e-001,1.825000e+000,,,,,,,,,,,,,,,,,,0,3.000000e+000,5.000000e-001,5,1,5.848999e-001,0,1,0,
1711660580.675,,0.000000e+000,2.006084e+002,1.200368e-002,0.000000e+000,7.705341e-002,0.000000e+000,3,9.871272e-001,1.825000e+000,,,,,,,,,,,,,,,,,,0,3.000000e+000,5.000000e-001,5,1,6.484985e-001,0,1,0,
1711660612.612,,0.000000e+000,1.995566e+002,1.203289e-002,0.000000e+000,7.674734e-002,0.000000e+000,3,9.883391e-001,1.825000e+000,,,,,,,,,,,,,,,,,,0,3.000000e+000,5.000000e-001,5,1,6.367950e-001,0,0,0,
1711660645.055,,0.000000e+000,1.984557e+002,1.209223e-002,0.000000e+000,7.688876e-002,0.000000e+000,3,9.883957e-001,1.825000e+000,,,,,,,,,,,,,,,,,,0,3.000000e+000,5.000000e-001,5,1,5.682068e-001,0,0,0,
1711660675.955,,0.000000e+000,1.974560e+002,1.214835e-002,0.000000e+000,7.697823e-002,0.000000e+000,3,9.883761e-001,1.825000e+000,,,,,,,,,,,,,,,,,,0,3.000000e+000,5.000000e-001,5,1,5.883026e-001,0,0,0,
1711660701.095,,0.000000e+000,1.966483e+002,1.219214e-002,0.000000e+000,7.703488e-002,0.000000e+000,3,9.883854e-001,1.825000e+000,,,,,,,,,,,,,,,,,,0,3.000000e+000,5.000000e-001,5,1,6.497040e-001,0,0,0,
1711660731.992,,0.000000e+000,1.956053e+002,1.224917e-002,0.000000e+000,7.711216e-002,0.000000e+000,3,9.883292e-001,1.825000e+000,,,,,,,,,,,,,,,,,,0,3.000000e+000,5.000000e-001,5,1,5.979004e-001,0,0,0,
1711660761.390,,0.000000e+000,1.946426e+002,1.230221e-002,0.000000e+000,7.709464e-002,0.000000e+000,3,9.883442e-001,1.825000e+000,,,,,,,,,,,,,,,,,,0,3.000000e+000,5.000000e-001,5,1,6.472015e-001,0,0,0,
1711660795.198,,0.000000e+000,1.935041e+002,1.236423e-002,0.000000e+000,7.716183e-002,0.000000e+000,3,9.883736e-001,1.825000e+000,,,,,,,,,,,,,,,,,,0,3.000000e+000,5.000000e-001,5,1,6.497955e-001,0,0,0,
1711660824.822,,0.000000e+000,1.925266e+002,1.241909e-002,0.000000e+000,7.719703e-002,0.000000e+000,3,9.884220e-001,1.825000e+000,,,,,,,,,,,,,,,,,,0,3.000000e+000,5.000000e-001,5,1,5.606995e-001,0,0,0,
1711660852.960,,0.000000e+000,1.915826e+002,1.247350e-002,0.000000e+000,7.729340e-002,0.000000e+000,3,9.883528e-001,1.825000e+000,,,,,,,,,,,,,,,,,,0,3.000000e+000,5.000000e-001,5,1,5.991058e-001,0,0,0,
1711660878.353,,0.000000e+000,1.905971e+002,1.251965e-002,0.000000e+000,7.727204e-002,0.000000e+000,3,9.883071e-001,1.825000e+000,,,,,,,,,,,,,,,,,,0,3.000000e+000,5.000000e-001,5,1,5.165863e-001,0,0,0,
1711660907.993,,0.000000e+000,1.896214e+002,1.259433e-002,0.000000e+000,7.545087e-002,0.000000e+000,3,9.871100e-001,1.825000e+000,,,,,,,,,,,,,,,,,,0,3.000000e+000,5.000000e-001,5,1,5.874023e-001,0,1,0,
1711660937.902,,0.000000e+000,1.885683e+002,1.262876e-002,0.000000e+000,7.750690e-002,0.000000e+000,3,9.883174e-001,1.825000e+000,,,,,,,,,,,,,,,,,,0,3.000000e+000,5.000000e-001,5,1,6.233978e-001,0,1,0,
1711660967.293,,0.000000e+000,1.876238e+002,1.268496e-002,0.000000e+000,7.756119e-002,0.000000e+000,3,9.882265e-001,1.825000e+000,,,,,,,,,,,,,,,,,,0,3.000000e+000,5.000000e-001,5,1,6.778107e-001,0,1,0,
1711660993.934,,0.000000e+000,1.867063e+002,1.273496e-002,0.000000e+000,7.757550e-002,0.000000e+000,3,9.882606e-001,1.825000e+000,,,,,,,,,,,,,,,,,,0,3.000000e+000,5.000000e-001,5,1,5.473938e-001,0,1,0,
1711661028.577,,0.000000e+000,1.855336e+002,1.279788e-002,0.000000e+000,7.757142e-002,0.000000e+000,3,9.882850e-001,1.825000e+000,,,,,,,,,,,,,,,,,,0,3.000000e+000,5.000000e-001,5,1,6.000061e-001,0,1,0,
1711661055.973,,0.000000e+000,1.845859e+002,1.284943e-002,0.000000e+000,7.765166e-002,0.000000e+000,3,9.882395e-001,1.825000e+000,,,,,,,,,,,,,,,,,,0,3.000000e+000,5.000000e-001,5,1,5.446014e-001,0,1,0,
1711661084.109,,0.000000e+000,1.835718e+002,1.290030e-002,0.000000e+000,7.784341e-002,0.000000e+000,3,9.881875e-001,1.825000e+000,,,,,,,,,,,,,,,,,,0,3.000000e+000,5.000000e-001,5,1,6.147003e-001,0,1,0,
1711661115.053,,0.000000e+000,1.825226e+002,1.295810e-002,0.000000e+000,7.776525e-002,0.000000e+000,3,9.882717e-001,1.825000e+000,,,,,,,,,,,,,,,,,,0,3.000000e+000,5.000000e-001,5,1,6.243896e-001,0,1,0,
1711661143.949,,0.000000e+000,1.815565e+002,1.300978e-002,0.000000e+000,7.793078e-002,0.000000e+000,3,9.882479e-001,1.825000e+000,,,,,,,,,,,,,,,,,,0,3.000000e+000,5.000000e-001,5,1,5.975952e-001,0,1,0,
1711661170.842,,0.000000e+000,1.807117e+002,1.305533e-002,0.000000e+000,7.780405e-002,0.000000e+000,3,9.881970e-001,1.825000e+000,,,,,,,,,,,,,,,,,,0,3.000000e+000,5.000000e-001,5,1,5.274963e-001,0,1,0,
1711661207.262,,0.000000e+000,1.795023e+002,1.312314e-002,0.000000e+000,7.804765e-002,0.000000e+000,3,9.882039e-001,1.825000e+000,,,,,,,,,,,,,,,,,,0,3.000000e+000,5.000000e-001,5,1,6.018982e-001,0,1,0,
1711661237.088,,0.000000e+000,1.785361e+002,1.317440e-002,0.000000e+000,7.808544e-002,0.000000e+000,3,9.881718e-001,1.825000e+000,,,,,,,,,,,,,,,,,,0,3.000000e+000,5.000000e-001,5,1,6.000061e-001,0,1,0,
1711661263.454,,0.000000e+000,1.776216e+002,1.322044e-002,0.000000e+000,7.825884e-002,0.000000e+000,3,9.881840e-001,1.825000e+000,,,,,,,,,,,,,,,,,,0,3.000000e+000,5.000000e-001,5,1,6.820984e-001,0,1,0,
1711661301.287,,0.000000e+000,1.763845e+002,1.328578e-002,0.000000e+000,7.829745e-002,0.000000e+000,3,9.881845e-001,1.825000e+000,,,,,,,,,,,,,,,,,,0,3.000000e+000,5.000000e-001,5,1,5.204010e-001,0,1,0,
1711661324.152,,0.000000e+000,1.756012e+002,1.332837e-002,0.000000e+000,7.842050e-002,0.000000e+000,3,9.882365e-001,1.825000e+000,,,,,,,,,,,,,,,,,,0,3.000000e+000,5.000000e-001,5,1,6.101990e-001,0,1,0,
1711661359.051,,0.000000e+000,1.744796e+002,1.339097e-002,0.000000e+000,7.852714e-002,0.000000e+000,3,9.881592e-001,1.825000e+000,,,,,,,,,,,,,,,,,,0,3.000000e+000,5.000000e-001,5,1,5.178986e-001,0,1,0,
1711661419.352,,0.000000e+000,1.725735e+002,1.349359e-002,0.000000e+000,7.865082e-002,0.000000e+000,3,9.880844e-001,1.825000e+000,,,,,,,,,,,,,,,,,,0,3.000000e+000,5.000000e-001,5,1,5.072021e-001,0,1,0,
1711661441.232,,0.000000e+000,1.718452e+002,1.353478e-002,0.000000e+000,7.864098e-002,0.000000e+000,3,9.881191e-001,1.825000e+000,,,,,,,,,,,,,,,,,,0,3.000000e+000,5.000000e-001,5,1,5.229034e-001,0,0,0,
1711661462.865,,0.000000e+000,1.710644e+002,1.357179e-002,0.000000e+000,7.876923e-002,0.000000e+000,3,9.881591e-001,1.825000e+000,,,,,,,,,,,,,,,,,,0,3.000000e+000,5.000000e-001,5,1,6.002045e-001,0,0,0,
1711661483.250,,0.000000e+000,1.704372e+002,1.360834e-002,0.000000e+000,7.894287e-002,0.000000e+000,3,9.881755e-001,1.825000e+000,,,,,,,,,,,,,,,,,,0,3.000000e+000,5.000000e-001,5,1,6.541901e-001,0,0,0,
1711661510.148,,0.000000e+000,1.695721e+002,1.365374e-002,0.000000e+000,7.898221e-002,0.000000e+000,3,9.881456e-001,1.825000e+000,,,,,,,,,,,,,,,,,,0,3.000000e+000,5.000000e-001,5,1,5.136871e-001,0,0,0,
1711661538.302,,0.000000e+000,1.685316e+002,1.370224e-002,0.000000e+000,7.909579e-002,0.000000e+000,3,9.881216e-001,1.825000e+000,,,,,,,,,,,,,,,,,,0,3.000000e+000,5.000000e-001,5,1,5.458069e-001,0,0,0,
1711661567.693,,0.000000e+000,1.676513e+002,1.375533e-002,0.000000e+000,7.924000e-002,0.000000e+000,3,9.881321e-001,1.825000e+000,,,,,,,,,,,,,,,,,,0,3.000000e+000,5.000000e-001,5,1,6.641998e-001,0,0,0,
1711661599.339,,0.000000e+000,1.665309e+002,1.380815e-002,0.000000e+000,7.933857e-002,0.000000e+000,3,9.880418e-001,1.825000e+000,,,,,,,,,,,,,,,,,,0,3.000000e+000,5.000000e-001,5,1,6.891022e-001,0,0,0,
1711661627.731,,0.000000e+000,1.655231e+002,1.385855e-002,0.000000e+000,7.951155e-002,0.000000e+000,3,9.880496e-001,1.825000e+000,,,,,,,,,,,,,,,,,,0,3.000000e+000,5.000000e-001,5,1,6.116943e-001,0,0,0,
1711661656.127,,0.000000e+000,1.646212e+002,1.391291e-002,0.000000e+000,7.948938e-002,0.000000e+000,3,9.880346e-001,1.825000e+000,,,,,,,,,,,,,,,,,,0,3.000000e+000,5.000000e-001,5,1,6.163025e-001,0,0,0,
1711661688.082,,0.000000e+000,1.635725e+002,1.397145e-002,0.000000e+000,7.964501e-002,0.000000e+000,3,9.880634e-001,1.825000e+000,,,,,,,,,,,,,,,,,,0,3.000000e+000,5.000000e-001,5,1,6.161041e-001,0,0,0,
1711661716.475,,0.000000e+000,1.625490e+002,1.399003e-002,0.000000e+000,7.600968e-002,0.000000e+000,3,9.756446e-001,1.825000e+000,,,,,,,,,,,,,,,,,,0,3.000000e+000,5.000000e-001,5,1,6.760864e-001,0,1,0,
1711661740.529,,0.000000e+000,1.616091e+002,1.406320e-002,0.000000e+000,7.991886e-002,0.000000e+000,3,9.879968e-001,1.825000e+000,,,,,,,,,,,,,,,,,,0,3.000000e+000,5.000000e-001,5,1,5.628967e-001,0,1,0,
1711661772.402,,0.000000e+000,1.605153e+002,1.412116e-002,0.000000e+000,8.022037e-002,0.000000e+000,3,9.879906e-001,1.825000e+000,,,,,,,,,,,,,,,,,,0,3.000000e+000,5.000000e-001,5,1,5.670013e-001,0,1,0,
1711661800.293,,0.000000e+000,1.595697e+002,1.417279e-002,0.000000e+000,8.033348e-002,0.000000e+000,3,9.879392e-001,1.825000e+000,,,,,,,,,,,,,,,,,,0,3.000000e+000,5.000000e-001,5,1,5.472107e-001,0,1,0,
1711661831.462,,0.000000e+000,1.585838e+002,1.422963e-002,0.000000e+000,8.034311e-002,0.000000e+000,3,9.879873e-001,1.825000e+000,,,,,,,,,,,,,,,,,,0,3.000000e+000,5.000000e-001,5,1,6.423035e-001,0,1,0,
1711661858.361,,0.000000e+000,1.575571e+002,1.428003e-002,0.000000e+000,8.056454e-002,0.000000e+000,3,9.879443e-001,1.825000e+000,,,,,,,,,,,,,,,,,,0,3.000000e+000,5.000000e-001,5,1,5.043945e-001,0,1,0,
1711661890.254,,0.000000e+000,1.565742e+002,1.433942e-002,0.000000e+000,8.067717e-002,0.000000e+000,3,9.879457e-001,1.825000e+000,,,,,,,,,,,,,,,,,,0,3.000000e+000,5.000000e-001,5,1,5.776978e-001,0,1,0,
1711661917.898,,0.000000e+000,1.556157e+002,1.439034e-002,0.000000e+000,8.083300e-002,0.000000e+000,3,9.879032e-001,1.825000e+000,,,,,,,,,,,,,,,,,,0,3.000000e+000,5.000000e-001,5,1,5.973969e-001,0,1,0,
1711661947.717,,0.000000e+000,1.545986e+002,1.444504e-002,0.000000e+000,8.099519e-002,0.000000e+000,3,9.879446e-001,1.825000e+000,,,,,,,,,,,,,,,,,,0,3.000000e+000,5.000000e-001,5,1,5.933990e-001,0,1,0,
1711661976.334,,0.000000e+000,1.536622e+002,1.449748e-002,0.000000e+000,8.107169e-002,0.000000e+000,3,9.879566e-001,1.825000e+000,,,,,,,,,,,,,,,,,,0,3.000000e+000,5.000000e-001,5,1,5.867004e-001,0,1,0,
1711662011.483,,0.000000e+000,1.524734e+002,1.455762e-002,0.000000e+000,8.118919e-002,0.000000e+000,3,9.879614e-001,1.825000e+000,,,,,,,,,,,,,,,,,,0,3.000000e+000,5.000000e-001,5,1,5.123138e-001,0,1,0,
1711662040.628,,0.000000e+000,1.514970e+002,1.461569e-002,0.000000e+000,8.139769e-002,0.000000e+000,3,9.879251e-001,1.825000e+000,,,,,,,,,,,,,,,,,,0,3.000000e+000,5.000000e-001,5,1,5.962982e-001,0,1,0,
1711662068.827,,0.000000e+000,1.505937e+002,1.466636e-002,0.000000e+000,8.150382e-002,0.000000e+000,3,9.879524e-001,1.825000e+000,,,,,,,,,,,,,,,,,,0,3.000000e+000,5.000000e-001,5,1,6.667023e-001,0,1,0,
1711662099.244,,0.000000e+000,1.495146e+002,1.471816e-002,0.000000e+000,8.168469e-002,0.000000e+000,3,9.878892e-001,1.825000e+000,,,,,,,,,,,,,,,,,,0,3.000000e+000,5.000000e-001,5,1,5.152893e-001,0,1,0,
1711662128.312,,0.000000e+000,1.485792e+002,1.476927e-002,0.000000e+000,8.184992e-002,0.000000e+000,3,9.878891e-001,1.825000e+000,,,,,,,,,,,,,,,,,,0,3.000000e+000,5.000000e-001,5,1,6.681976e-001,0,1,0,
1711662156.456,,0.000000e+000,1.476452e+002,1.481885e-002,0.000000e+000,8.197124e-002,0.000000e+000,3,9.879144e-001,1.825000e+000,,,,,,,,,,,,,,,,,,0,3.000000e+000,5.000000e-001,5,1,6.575012e-001,0,1,0,
1711662187.599,,0.000000e+000,1.466810e+002,1.487117e-002,0.000000e+000,8.212280e-002,0.000000e+000,3,9.878606e-001,1.825000e+000,,,,,,,,,,,,,,,,,,0,3.000000e+000,5.000000e-001,5,1,5.704956e-001,0,1,0,
1711662222.248,,0.000000e+000,1.455436e+002,1.492509e-002,0.000000e+000,8.160894e-002,0.000000e+000,3,9.877294e-001,1.825000e+000,,,,,,,,,,,,,,,,,,0,3.000000e+000,5.000000e-001,5,1,5.709991e-001,0,0,0,
1711662251.143,,0.000000e+000,1.445620e+002,1.498328e-002,0.000000e+000,8.243618e-002,0.000000e+000,3,9.878212e-001,1.825000e+000,,,,,,,,,,,,,,,,,,0,3.000000e+000,5.000000e-001,5,1,6.580048e-001,0,0,0,
1711662277.782,,0.000000e+000,1.435965e+002,1.503204e-002,0.000000e+000,8.247864e-002,0.000000e+000,3,9.878510e-001,1.825000e+000,,,,,,,,,,,,,,,,,,0,3.000000e+000,5.000000e-001,5,1,5.823975e-001,0,0,0,
1711662309.185,,0.000000e+000,1.426017e+002,1.508787e-002,0.000000e+000,8.256231e-002,0.000000e+000,3,9.878616e-001,1.825000e+000,,,,,,,,,,,,,,,,,,0,3.000000e+000,5.000000e-001,5,1,5.862122e-001,0,0,0,
1711662340.331,,0.000000e+000,1.415969e+002,1.514382e-002,0.000000e+000,8.270312e-002,0.000000e+000,3,9.878386e-001,1.825000e+000,,,,,,,,,,,,,,,,,,0,3.000000e+000,5.000000e-001,5,1,5.789032e-001,0,0,0,
1711662369.478,,0.000000e+000,1.405684e+002,1.519965e-002,0.000000e+000,8.286621e-002,0.000000e+000,3,9.877500e-001,1.825000e+000,,,,,,,,,,,,,,,,,,0,3.000000e+000,5.000000e-001,5,1,7.310944e-001,0,0,0,
1711662399.378,,0.000000e+000,1.395538e+002,1.525287e-002,0.000000e+000,8.296779e-002,0.000000e+000,3,9.877701e-001,1.825000e+000,,,,,,,,,,,,,,,,,,0,3.000000e+000,5.000000e-001,5,1,5.933990e-001,0,0,0,
1711662427.774,,0.000000e+000,1.385934e+002,1.530532e-002,0.000000e+000,8.300629e-002,0.000000e+000,3,9.877365e-001,1.825000e+000,,,,,,,,,,,,,,,,,,0,3.000000e+000,5.000000e-001,5,1,5.941010e-001,0,0,0,
1711662457.175,,0.000000e+000,1.375276e+002,1.536031e-002,0.000000e+000,8.323527e-002,0.000000e+000,3,9.878086e-001,1.825000e+000,,,,,,,,,,,,,,,,,,0,3.000000e+000,5.000000e-001,5,1,6.823120e-001,0,0,0,
1711662485.317,,0.000000e+000,1.365646e+002,1.541327e-002,0.000000e+000,8.317926e-002,0.000000e+000,3,9.877575e-001,1.825000e+000,,,,,,,,,,,,,,,,,,0,3.000000e+000,5.000000e-001,5,1,5.196075e-001,0,0,0,
1711662510.962,,0.000000e+000,1.356064e+002,1.546133e-002,0.000000e+000,8.332796e-002,0.000000e+000,3,9.877079e-001,1.825000e+000,,,,,,,,,,,,,,,,,,0,3.000000e+000,5.000000e-001,5,1,6.757050e-001,0,0,0,
1711662543.609,,0.000000e+000,1.345044e+002,1.552262e-002,0.000000e+000,8.343957e-002,0.000000e+000,3,9.877586e-001,1.825000e+000,,,,,,,,,,,,,,,,,,0,3.000000e+000,5.000000e-001,5,1,6.258087e-001,0,1,0,
1711662570.241,,0.000000e+000,1.334464e+002,1.557512e-002,0.000000e+000,8.359661e-002,0.000000e+000,3,9.877227e-001,1.825000e+000,,,,,,,,,,,,,,,,,,0,3.000000e+000,5.000000e-001,5,1,5.504913e-001,0,1,0,
1711662599.892,,0.000000e+000,1.324766e+002,1.563402e-002,0.000000e+000,8.364820e-002,0.000000e+000,3,9.876859e-001,1.825000e+000,,,,,,,,,,,,,,,,,,0,3.000000e+000,5.000000e-001,5,1,6.335907e-001,0,1,0,
1711662626.321,,0.000000e+000,1.315443e+002,1.568152e-002,0.000000e+000,8.370849e-002,0.000000e+000,3,9.876772e-001,1.825000e+000,,,,,,,,,,,,,,,,,,0,3.000000e+000,5.000000e-001,5,1,6.160889e-001,0,1,0,
1711662654.212,,0.000000e+000,1.305759e+002,1.573361e-002,0.000000e+000,8.388599e-002,0.000000e+000,3,9.877099e-001,1.825000e+000,,,,,,,,,,,,,,,,,,0,3.000000e+000,5.000000e-001,5,1,5.937958e-001,0,1,0,
1711662682.653,,0.000000e+000,1.295662e+002,1.578606e-002,0.000000e+000,8.393837e-002,0.000000e+000,3,9.877114e-001,1.825000e+000,,,,,,,,,,,,,,,,,,0,3.000000e+000,5.000000e-001,5,1,5.764008e-001,0,1,0,
1711662709.794,,0.000000e+000,1.286260e+002,1.583477e-002,0.000000e+000,8.414803e-002,0.000000e+000,3,9.877042e-001,1.825000e+000,,,,,,,,,,,,,,,,,,0,3.000000e+000,5.000000e-001,5,1,7.263031e-001,0,1,0,
1711662739.628,,0.000000e+000,1.276541e+002,1.588951e-002,0.000000e+000,8.416467e-002,0.000000e+000,3,9.876341e-001,1.825000e+000,,,,,,,,,,,,,,,,,,0,3.000000e+000,5.000000e-001,5,1,6.572952e-001,0,1,0,
1711662768.003,,0.000000e+000,1.266793e+002,1.594134e-002,0.000000e+000,8.421539e-002,0.000000e+000,3,9.876524e-001,1.825000e+000,,,,,,,,,,,,,,,,,,0,3.000000e+000,5.000000e-001,5,1,5.942001e-001,0,1,0,
1711662802.652,,0.000000e+000,1.254875e+002,1.600211e-002,0.000000e+000,8.439153e-002,0.000000e+000,3,9.876569e-001,1.825000e+000,,,,,,,,,,,,,,,,,,0,3.000000e+000,5.000000e-001,5,1,6.550980e-001,0,1,0,
1711662830.299,,0.000000e+000,1.244837e+002,1.605135e-002,0.000000e+000,8.454189e-002,0.000000e+000,3,9.877033e-001,1.825000e+000,,,,,,,,,,,,,,,,,,0,3.000000e+000,5.000000e-001,5,1,6.585999e-001,0,1,0,
1711662857.192,,0.000000e+000,1.236256e+002,1.609975e-002,0.000000e+000,8.453741e-002,0.000000e+000,3,9.876195e-001,1.825000e+000,,,,,,,,,,,,,,,,,,0,3.000000e+000,5.000000e-001,5,1,6.416016e-001,0,1,0,
1711662890.339,,0.000000e+000,1.225257e+002,1.615771e-002,0.000000e+000,8.464362e-002,0.000000e+000,3,9.876010e-001,1.825000e+000,,,,,,,,,,,,,,,,,,0,3.000000e+000,5.000000e-001,5,1,5.676041e-001,0,1,0,
1711662916.740,,0.000000e+000,1.215881e+002,1.620487e-002,0.000000e+000,8.491281e-002,0.000000e+000,3,9.876631e-001,1.825000e+000,,,,,,,,,,,,,,,,,,0,3.000000e+000,5.000000e-001,5,1,7.184067e-001,0,1,0,
1711662947.575,,0.000000e+000,1.205602e+002,1.626020e-002,0.000000e+000,8.491203e-002,0.000000e+000,3,9.875818e-001,1.825000e+000,,,,,,,,,,,,,,,,,,0,3.000000e+000,5.000000e-001,5,1,6.497040e-001,0,1,0,
1711662977.447,,0.000000e+000,1.195603e+002,1.631177e-002,0.000000e+000,8.498543e-002,0.000000e+000,3,9.876020e-001,1.825000e+000,,,,,,,,,,,,,,,,,,0,3.000000e+000,5.000000e-001,5,1,6.399002e-001,0,1,0,
1711663005.127,,0.000000e+000,1.185977e+002,1.636266e-002,0.000000e+000,8.519296e-002,0.000000e+000,3,9.875831e-001,1.825000e+000,,,,,,,,,,,,,,,,,,0,3.000000e+000,5.000000e-001,5,1,7.303009e-001,0,0,0,
1711663037.023,,0.000000e+000,1.174957e+002,1.641916e-002,0.000000e+000,8.524274e-002,0.000000e+000,3,9.875880e-001,1.825000e+000,,,,,,,,,,,,,,,,,,0,3.000000e+000,5.000000e-001,5,1,6.511993e-001,0,0,0,
1711663063.663,,0.000000e+000,1.165589e+002,1.646693e-002,0.000000e+000,8.528198e-002,0.000000e+000,3,9.875898e-001,1.825000e+000,,,,,,,,,,,,,,,,,,0,3.000000e+000,5.000000e-001,5,1,5.140991e-001,0,0,0,
1711663091.802,,0.000000e+000,1.156247e+002,1.651802e-002,0.000000e+000,8.540981e-002,0.000000e+000,3,9.875852e-001,1.825000e+000,,,,,,,,,,,,,,,,,,0,3.000000e+000,5.000000e-001,5,1,6.475983e-001,0,0,0,
1711663122.691,,0.000000e+000,1.145368e+002,1.657319e-002,0.000000e+000,8.549295e-002,0.000000e+000,3,9.875902e-001,1.825000e+000,,,,,,,,,,,,,,,,,,0,3.000000e+000,5.000000e-001,5,1,5.091934e-001,0,0,0,
1711663151.080,,0.000000e+000,1.135085e+002,1.662576e-002,0.000000e+000,8.563708e-002,0.000000e+000,3,9.875863e-001,1.825000e+000,,,,,,,,,,,,,,,,,,0,3.000000e+000,5.000000e-001,5,1,6.629944e-001,0,0,0,
1711663175.970,,0.000000e+000,1.125969e+002,1.667041e-002,0.000000e+000,8.563001e-002,0.000000e+000,3,9.875680e-001,1.825000e+000,,,,,,,,,,,,,,,,,,0,3.000000e+000,5.000000e-001,5,1,5.901947e-001,0,0,0,
1711663212.379,,0.000000e+000,1.113049e+002,1.673768e-002,0.000000e+000,8.578844e-002,0.000000e+000,3,9.875760e-001,1.825000e+000,,,,,,,,,,,,,,,,,,0,3.000000e+000,5.000000e-001,5,1,6.787033e-001,0,0,0,
1711663235.012,,0.000000e+000,1.104944e+002,1.678245e-002,0.000000e+000,8.578487e-002,0.000000e+000,3,9.875257e-001,1.825000e+000,,,,,,,,,,,,,,,,,,0,3.000000e+000,5.000000e-001,5,1,5.260010e-001,0,0,0,
1711663260.659,,0.000000e+000,1.095670e+002,1.683093e-002,0.000000e+000,8.581886e-002,0.000000e+000,3,9.875007e-001,1.825000e+000,,,,,,,,,,,,,,,,,,0,3.000000e+000,5.000000e-001,5,1,5.974960e-001,0,0,0,
1711663290.592,,0.000000e+000,1.084924e+002,1.688557e-002,0.000000e+000,8.606659e-002,0.000000e+000,3,9.875535e-001,1.825000e+000,,,,,,,,,,,,,,,,,,0,3.000000e+000,5.000000e-001,5,1,6.683960e-001,0,0,0,
1711663315.725,,0.000000e+000,1.075096e+002,1.693392e-002,0.000000e+000,8.613005e-002,0.000000e+000,3,9.875668e-001,1.825000e+000,,,,,,,,,,,,,,,,,,0,3.000000e+000,5.000000e-001,5,1,5.373001e-001,0,1,0,
1711663345.631,,0.000000e+000,1.064513e+002,1.699102e-002,0.000000e+000,8.628535e-002,0.000000e+000,3,9.875377e-001,1.825000e+000,,,,,,,,,,,,,,,,,,0,3.000000e+000,5.000000e-001,5,1,6.260986e-001,0,1,0,
1711663372.529,,0.000000e+000,1.054630e+002,1.704101e-002,0.000000e+000,8.631056e-002,0.000000e+000,3,9.875468e-001,1.825000e+000,,,,,,,,,,,,,,,,,,0,3.000000e+000,5.000000e-001,5,1,5.640030e-001,0,1,0,
1711663397.670,,0.000000e+000,1.045261e+002,1.709024e-002,0.000000e+000,8.640464e-002,0.000000e+000,3,9.875458e-001,1.825000e+000,,,,,,,,,,,,,,,,,,0,3.000000e+000,5.000000e-001,5,1,5.550003e-001,0,1,0,
1711663427.240,,0.000000e+000,1.034671e+002,1.714531e-002,0.000000e+000,8.655424e-002,0.000000e+000,3,9.875172e-001,1.825000e+000,,,,,,,,,,,,,,,,,,0,3.000000e+000,5.000000e-001,5,1,6.259003e-001,0,1,0,
1711663450.611,,0.000000e+000,1.026064e+002,1.718848e-002,0.000000e+000,8.668613e-002,0.000000e+000,3,9.875371e-001,1.825000e+000,,,,,,,,,,,,,,,,,,0,3.000000e+000,5.000000e-001,5,1,6.319046e-001,0,1,0,
1711663481.795,,0.000000e+000,1.014825e+002,1.724661e-002,0.000000e+000,8.684421e-002,0.000000e+000,3,9.874726e-001,1.825000e+000,,,,,,,,,,,,,,,,,,0,3.000000e+000,5.000000e-001,5,1,5.473022e-001,0,1,0,
1711663508.204,,0.000000e+000,1.005450e+002,1.729662e-002,0.000000e+000,8.689720e-002,0.000000e+000,3,9.874890e-001,1.825000e+000,,,,,,,,,,,,,,,,,,0,3.000000e+000,5.000000e-001,5,1,7.126999e-001,0,1,0,
1711663535.394,,0.000000e+000,9.957771e+001,1.734473e-002,0.000000e+000,8.699242e-002,0.000000e+000,3,9.874843e-001,1.825000e+000,,,,,,,,,,,,,,,,,,0,3.000000e+000,5.000000e-001,5,1,6.237869e-001,0,1,0,
1711663568.299,,0.000000e+000,9.848625e+001,1.740343e-002,0.000000e+000,8.718931e-002,0.000000e+000,3,9.875015e-001,1.825000e+000,,,,,,,,,,,,,,,,,,0,3.000000e+000,5.000000e-001,5,1,6.267090e-001,0,1,0,
1711663592.437,,0.000000e+000,9.758820e+001,1.745428e-002,0.000000e+000,8.783333e-002,0.000000e+000,3,9.875697e-001,1.825000e+000,,,,,,,,,,,,,,,,,,0,3.000000e+000,5.000000e-001,5,1,7.002945e-001,0,1,0,
1711663624.338,,0.000000e+000,9.637920e+001,1.750475e-002,0.000000e+000,8.743370e-002,0.000000e+000,3,9.874648e-001,1.825000e+000,,,,,,,,,,,,,,,,,,0,3.000000e+000,5.000000e-001,5,1,6.324387e-001,0,1,0,
1711663647.233,,0.000000e+000,9.552248e+001,1.754688e-002,0.000000e+000,8.749512e-002,0.000000e+000,3,9.874775e-001,1.825000e+000,,,,,,,,,,,,,,,,,,0,3.000000e+000,5.000000e-001,5,1,6.302414e-001,0,1,0,
1711663672.626,,0.000000e+000,9.470587e+001,1.759259e-002,0.000000e+000,8.752646e-002,0.000000e+000,3,9.874577e-001,1.825000e+000,,,,,,,,,,,,,,,,,,0,3.000000e+000,5.000000e-001,5,1,5.488205e-001,0,1,0,
1711663706.032,,0.000000e+000,9.352557e+001,1.765121e-002,0.000000e+000,8.769888e-002,0.000000e+000,3,9.874533e-001,1.825000e+000,,,,,,,,,,,,,,,,,,0,3.000000e+000,5.000000e-001,5,1,6.995926e-001,0,1,0,
1711663730.951,,0.000000e+000,9.253364e+001,1.769641e-002,0.000000e+000,8.786924e-002,0.000000e+000,3,9.874730e-001,1.825000e+000,,,,,,,,,,,,,,,,,,0,3.000000e+000,5.000000e-001,5,1,6.428986e-001,0,1,0,
1711663757.590,,0.000000e+000,9.155572e+001,1.774574e-002,0.000000e+000,8.786728e-002,0.000000e+000,3,9.874400e-001,1.825000e+000,,,,,,,,,,,,,,,,,,0,3.000000e+000,5.000000e-001,5,1,5.532684e-001,0,1,0,
1711663787.751,,0.000000e+000,9.056894e+001,1.779885e-002,0.000000e+000,8.794831e-002,0.000000e+000,3,9.874542e-001,1.825000e+000,,,,,,,,,,,,,,,,,,0,3.000000e+000,5.000000e-001,5,1,6.401443e-001,0,0,0,
1711663815.642,,0.000000e+000,8.950213e+001,1.785131e-002,0.000000e+000,8.795800e-002,0.000000e+000,3,9.874180e-001,1.825000e+000,,,,,,,,,,,,,,,,,,0,3.000000e+000,5.000000e-001,5,1,7.292633e-001,0,0,0,
1711663839.528,,0.000000e+000,8.858443e+001,1.789289e-002,0.000000e+000,8.806139e-002,0.000000e+000,3,9.874241e-001,1.825000e+000,,,,,,,,,,,,,,,,,,0,3.000000e+000,5.000000e-001,5,1,6.420212e-001,0,0,0,
1711663868.414,,0.000000e+000,8.757336e+001,1.794507e-002,0.000000e+000,8.808933e-002,0.000000e+000,3,9.874088e-001,1.825000e+000,,,,,,,,,,,,,,,,,,0,3.000000e+000,5.000000e-001,5,1,5.768967e-001,0,0,0,
1711663896.050,,0.000000e+000,8.655017e+001,1.799740e-002,0.000000e+000,8.808576e-002,0.000000e+000,3,9.874199e-001,1.825000e+000,,,,,,,,,,,,,,,,,,0,3.000000e+000,5.000000e-001,5,1,6.594391e-001,0,0,0,
1711663925.449,,0.000000e+000,8.548618e+001,1.805421e-002,0.000000e+000,8.816526e-002,0.000000e+000,3,9.873821e-001,1.825000e+000,,,,,,,,,,,,,,,,,,0,3.000000e+000,5.000000e-001,5,1,6.582642e-001,0,0,0,
1711663948.844,,0.000000e+000,8.453021e+001,1.809511e-002,0.000000e+000,8.821414e-002,0.000000e+000,3,9.874318e-001,1.825000e+000,,,,,,,,,,,,,,,,,,0,3.000000e+000,5.000000e-001,5,1,5.912704e-001,0,0,0,
1711663977.992,,0.000000e+000,8.344861e+001,1.815171e-002,0.000000e+000,8.724624e-002,0.000000e+000,3,9.871730e-001,1.825000e+000,,,,,,,,,,,,,,,,,,0,3.000000e+000,5.000000e-001,5,1,5.863113e-001,0,0,0,
1711664002.635,,0.000000e+000,8.243369e+001,1.819704e-002,0.000000e+000,8.835161e-002,0.000000e+000,3,9.874114e-001,1.825000e+000,,,,,,,,,,,,,,,,,,0,3.000000e+000,5.000000e-001,5,1,6.005402e-001,0,0,0,
1711664027.523,,0.000000e+000,8.150916e+001,1.824259e-002,0.000000e+000,8.834343e-002,0.000000e+000,3,9.874221e-001,1.825000e+000,,,,,,,,,,,,,,,,,,0,3.000000e+000,5.000000e-001,5,1,5.947189e-001,0,0,0,
1711664055.192,,0.000000e+000,8.043890e+001,1.829444e-002,0.000000e+000,8.832509e-002,0.000000e+000,3,9.873564e-001,1.825000e+000,,,,,,,,,,,,,,,,,,0,3.000000e+000,5.000000e-001,5,1,6.935730e-001,0,0,0,
1711664081.256,,0.000000e+000,7.940742e+001,1.834409e-002,0.000000e+000,8.841639e-002,0.000000e+000,3,9.874331e-001,1.825000e+000,,,,,,,,,,,,,,,,,,0,3.000000e+000,5.000000e-001,5,1,6.933823e-001,0,0,0,
1711664104.372,,0.000000e+000,7.845418e+001,1.838769e-002,0.000000e+000,8.860678e-002,0.000000e+000,3,9.874139e-001,1.825000e+000,,,,,,,,,,,,,,,,,,0,3.000000e+000,5.000000e-001,5,1,8.802490e-001,0,0,0,
1711664126.013,,0.000000e+000,7.749939e+001,1.848770e-002,0.000000e+000,8.754643e-002,0.000000e+000,3,9.853514e-001,1.825000e+000,,,,,,,,,,,,,,,,,,0,3.000000e+000,5.000000e-001,5,1,5.290604e-001,0,1,0,
1711664151.648,,0.000000e+000,7.651176e+001,1.848053e-002,0.000000e+000,8.850572e-002,0.000000e+000,3,9.873275e-001,1.825000e+000,,,,,,,,,,,,,,,,,,0,3.000000e+000,5.000000e-001,5,1,7.321320e-001,0,1,0,
1711664179.790,,0.000000e+000,7.533076e+001,1.853115e-002,0.000000e+000,8.863851e-002,0.000000e+000,3,9.873546e-001,1.825000e+000,,,,,,,,,,,,,,,,,,0,3.000000e+000,5.000000e-001,5,1,7.313232e-001,0,1,0,
1711664199.675,,0.000000e+000,7.455444e+001,1.857000e-002,0.000000e+000,8.853809e-002,0.000000e+000,3,9.873234e-001,1.825000e+000,,,,,,,,,,,,,,,,,,0,3.000000e+000,5.000000e-001,5,1,6.402283e-001,0,1,0,
1711664225.062,,0.000000e+000,7.362879e+001,1.861651e-002,0.000000e+000,8.849500e-002,0.000000e+000,3,9.873996e-001,1.825000e+000,,,,,,,,,,,,,,,,,,0,3.000000e+000,5.000000e-001,5,1,6.648712e-001,0,1,0,
1711664251.502,,0.000000e+000,7.247633e+001,1.866423e-002,0.000000e+000,8.861596e-002,0.000000e+000,3,9.874212e-001,1.825000e+000,,,,,,,,,,,,,,,,,,0,3.000000e+000,5.000000e-001,5,1,6.053925e-001,0,1,0,
1711664278.954,,0.000000e+000,7.140097e+001,1.872729e-002,0.000000e+000,8.893556e-002,0.000000e+000,3,9.873139e-001,1.825000e+000,,,,,,,,,,,,,,,,,,0,3.000000e+000,5.000000e-001,5,1,6.932983e-001,0,1,0,
1711664302.345,,0.000000e+000,7.053350e+001,1.875913e-002,0.000000e+000,8.924644e-002,0.000000e+000,3,9.874454e-001,1.825000e+000,,,,,,,,,,,,,,,,,,0,3.000000e+000,5.000000e-001,5,1,6.939850e-001,0,1,0,
1711664328.519,,0.000000e+000,6.949225e+001,1.881223e-002,0.000000e+000,8.881932e-002,0.000000e+000,3,9.874659e-001,1.825000e+000,,,,,,,,,,,,,,,,,,0,3.000000e+000,5.000000e-001,5,1,6.974258e-001,0,1,0,
1711664353.409,,0.000000e+000,6.844338e+001,1.886064e-002,0.000000e+000,8.890536e-002,0.000000e+000,3,9.873472e-001,1.825000e+000,,,,,,,,,,,,,,,,,,0,3.000000e+000,5.000000e-001,5,1,7.004700e-001,0,1,0,
1711664378.043,,0.000000e+000,6.748441e+001,1.890046e-002,0.000000e+000,8.888970e-002,0.000000e+000,3,9.873818e-001,1.825000e+000,,,,,,,,,,,,,,,,,,0,3.000000e+000,5.000000e-001,5,1,7.057495e-001,0,1,0,
1711664403.432,,0.000000e+000,6.647491e+001,1.895250e-002,0.000000e+000,8.892235e-002,0.000000e+000,3,9.874342e-001,1.825000e+000,,,,,,,,,,,,,,,,,,0,3.000000e+000,5.000000e-001,5,1,7.947159e-001,0,1,0,
1711664426.322,,0.000000e+000,6.546169e+001,1.899109e-002,0.000000e+000,8.864328e-002,0.000000e+000,3,9.872651e-001,1.825000e+000,,,,,,,,,,,,,,,,,,0,3.000000e+000,5.000000e-001,5,1,7.113647e-001,0,1,0,
1711664452.209,,0.000000e+000,6.439310e+001,1.903497e-002,0.000000e+000,8.887767e-002,0.000000e+000,3,9.873909e-001,1.825000e+000,,,,,,,,,,,,,,,,,,0,3.000000e+000,5.000000e-001,5,1,7.182007e-001,0,1,0,
1711664478.889,,0.000000e+000,6.332426e+001,1.908254e-002,0.000000e+000,8.838644e-002,0.000000e+000,3,9.872963e-001,1.825000e+000,,,,,,,,,,,,,,,,,,0,3.000000e+000,5.000000e-001,5,1,7.172508e-001,0,1,0,
1711664498.778,,0.000000e+000,6.251752e+001,1.911756e-002,0.000000e+000,8.896297e-002,0.000000e+000,3,9.873884e-001,1.825000e+000,,,,,,,,,,,,,,,,,,0,3.000000e+000,5.000000e-001,5,1,7.183304e-001,0,1,0,
1711664524.663,,0.000000e+000,6.139526e+001,1.916332e-002,0.000000e+000,8.904089e-002,0.000000e+000,3,9.874711e-001,1.825000e+000,,,,,,,,,,,,,,,,,,0,3.000000e+000,5.000000e-001,5,1,6.347198e-001,0,0,0,
1711664548.063,,0.000000e+000,6.044140e+001,1.920582e-002,0.000000e+000,8.899413e-002,0.000000e+000,3,9.874399e-001,1.825000e+000,,,,,,,,,,,,,,,,,,0,3.000000e+000,5.000000e-001,5,1,7.358208e-001,0,0,0,
1711664572.697,,0.000000e+000,5.952943e+001,1.924878e-002,0.000000e+000,8.899629e-002,0.000000e+000,3,9.874105e-001,1.825000e+000,,,,,,,,,,,,,,,,,,0,3.000000e+000,5.000000e-001,5,1,9.201698e-001,0,0,0,
1711664596.583,,0.000000e+000,5.845930e+001,1.928699e-002,0.000000e+000,8.789676e-002,0.000000e+000,3,9.872534e-001,1.825000e+000,,,,,,,,,,,,,,,,,,0,3.000000e+000,5.000000e-001,5,1,8.540993e-001,0,0,0,
1711664622.722,,0.000000e+000,5.732904e+001,1.933601e-002,0.000000e+000,8.901575e-002,0.000000e+000,3,9.874486e-001,1.825000e+000,,,,,,,,,,,,,,,,,,0,3.000000e+000,5.000000e-001,5,1,6.995316e-001,0,0,0,
1711664643.867,,0.000000e+000,5.635110e+001,1.937237e-002,0.000000e+000,8.897913e-002,0.000000e+000,3,9.874924e-001,1.825000e+000,,,,,,,,,,,,,,,,,,0,3.000000e+000,5.000000e-001,5,1,7.154617e-001,0,0,0,
1711664666.539,,0.000000e+000,5.541753e+001,1.941096e-002,0.000000e+000,8.893283e-002,0.000000e+000,3,9.874785e-001,1.825000e+000,,,,,,,,,,,,,,,,,,0,3.000000e+000,5.000000e-001,5,1,6.194496e-001,0,0,0,
1711664689.431,,0.000000e+000,5.452844e+001,1.944753e-002,0.000000e+000,8.907022e-002,0.000000e+000,3,9.874005e-001,1.825000e+000,,,,,,,,,,,,,,,,,,0,3.000000e+000,5.000000e-001,5,1,7.962608e-001,0,0,0,
1711664714.861,,0.000000e+000,5.336192e+001,1.949132e-002,0.000000e+000,8.909500e-002,0.000000e+000,3,9.875109e-001,1.825000e+000,,,,,,,,,,,,,,,,,,0,3.000000e+000,5.000000e-001,5,1,8.064079e-001,0,0,0,
1711664735.992,,0.000000e+000,5.242004e+001,1.953010e-002,0.000000e+000,8.906168e-002,0.000000e+000,3,9.875052e-001,1.825000e+000,,,,,,,,,,,,,,,,,,0,3.000000e+000,5.000000e-001,5,1,9.103279e-001,0,0,0,
1711664757.880,,0.000000e+000,5.137772e+001,1.956773e-002,0.000000e+000,8.859217e-002,0.000000e+000,3,9.873769e-001,1.825000e+000,,,,,,,,,,,,,,,,,,0,3.000000e+000,5.000000e-001,5,1,8.162689e-001,0,0,0,
1711664780.787,,0.000000e+000,5.028958e+001,1.961115e-002,0.000000e+000,8.902139e-002,0.000000e+000,3,9.875358e-001,1.825000e+000,,,,,,,,,,,,,,,,,,0,3.000000e+000,5.000000e-001,5,1,6.363792e-001,0,0,0,
1711664801.197,,0.000000e+000,4.947257e+001,1.964647e-002,0.000000e+000,8.902041e-002,0.000000e+000,3,9.874588e-001,1.825000e+000,,,,,,,,,,,,,,,,,,0,3.000000e+000,5.000000e-001,5,1,6.539993e-001,0,0,0,
1711664827.340,,0.000000e+000,4.837105e+001,1.969231e-002,0.000000e+000,8.900212e-002,0.000000e+000,3,9.874892e-001,1.825000e+000,,,,,,,,,,,,,,,,,,0,3.000000e+000,5.000000e-001,5,1,8.424187e-001,0,0,0,
1711664850.989,,0.000000e+000,4.719533e+001,1.972992e-002,0.000000e+000,8.892117e-002,0.000000e+000,3,9.875627e-001,1.825000e+000,,,,,,,,,,,,,,,,,,0,3.000000e+000,5.000000e-001,5,1,7.593803e-001,0,0,0,
1711664872.624,,0.000000e+000,4.625396e+001,1.976589e-002,0.000000e+000,8.898539e-002,0.000000e+000,3,9.875426e-001,1.825000e+000,,,,,,,,,,,,,,,,,,0,3.000000e+000,5.000000e-001,5,1,7.644806e-001,0,0,0,
1711664896.193,,0.000000e+000,4.522222e+001,1.979873e-002,0.000000e+000,8.891537e-002,0.000000e+000,3,9.875688e-001,1.825000e+000,,,,,,,,,,,,,,,,,,0,3.000000e+000,5.000000e-001,5,1,7.566414e-001,0,0,0,
1711664916.072,,0.000000e+000,4.433267e+001,1.983352e-002,0.000000e+000,8.884139e-002,0.000000e+000,3,9.875559e-001,1.825000e+000,,,,,,,,,,,,,,,,,,0,3.000000e+000,5.000000e-001,5,1,8.436699e-001,0,0,0,
1711664934.503,,0.000000e+000,4.339510e+001,1.986649e-002,0.000000e+000,8.881194e-002,0.000000e+000,3,9.875291e-001,1.825000e+000,,,,,,,,,,,,,,,,,,0,3.000000e+000,5.000000e-001,5,1,8.407326e-001,0,1,0,
1711664958.141,,0.000000e+000,4.234232e+001,1.989161e-002,0.000000e+000,8.901104e-002,0.000000e+000,3,9.874915e-001,1.825000e+000,,,,,,,,,,,,,,,,,,0,3.000000e+000,5.000000e-001,5,1,6.777115e-001,0,1,0,
1711664978.283,,0.000000e+000,4.142929e+001,1.992115e-002,0.000000e+000,8.897264e-002,0.000000e+000,3,9.875418e-001,1.825000e+000,,,,,,,,,,,,,,,,,,0,3.000000e+000,5.000000e-001,5,1,7.602310e-001,0,1,0,
1711664999.671,,0.000000e+000,4.043805e+001,1.995199e-002,0.000000e+000,8.889228e-002,0.000000e+000,3,9.874991e-001,1.825000e+000,,,,,,,,,,,,,,,,,,0,3.000000e+000,5.000000e-001,5,1,6.521378e-001,0,1,0,
1711665023.569,,0.000000e+000,3.952764e+001,1.998052e-002,0.000000e+000,8.902194e-002,0.000000e+000,3,9.875947e-001,1.825000e+000,,,,,,,,,,,,,,,,,,0,3.000000e+000,5.000000e-001,5,1,8.048401e-001,0,1,0,
1711665045.974,,0.000000e+000,3.856131e+001,2.000996e-002,0.000000e+000,8.907314e-002,0.000000e+000,3,9.876104e-001,1.825000e+000,,,,,,,,,,,,,,,,,,0,3.000000e+000,5.000000e-001,5,1,6.027832e-001,0,1,0,
1711665076.382,,0.000000e+000,3.742546e+001,2.004333e-002,0.000000e+000,8.900768e-002,0.000000e+000,3,9.876039e-001,1.825000e+000,,,,,,,,,,,,,,,,,,0,3.000000e+000,5.000000e-001,5,1,6.626892e-001,0,1,0,
1711665100.269,,0.000000e+000,3.656301e+001,2.006762e-002,0.000000e+000,8.898817e-002,0.000000e+000,3,9.875865e-001,1.825000e+000,,,,,,,,,,,,,,,,,,0,3.000000e+000,5.000000e-001,5,1,5.619507e-001,0,1,0,
1711665128.691,,0.000000e+000,3.552592e+001,2.009321e-002,0.000000e+000,8.847725e-002,0.000000e+000,3,9.874768e-001,1.825000e+000,,,,,,,,,,,,,,,,,,0,3.000000e+000,5.000000e-001,5,1,7.111015e-001,0,1,0,
1711665154.880,,0.000000e+000,3.458215e+001,2.012138e-002,0.000000e+000,8.897988e-002,0.000000e+000,3,9.875811e-001,1.825000e+000,,,,,,,,,,,,,,,,,,0,3.000000e+000,5.000000e-001,5,1,5.498123e-001,0,1,0,
1711665182.026,,0.000000e+000,3.356890e+001,2.014442e-002,0.000000e+000,8.907552e-002,0.000000e+000,3,9.876328e-001,1.825000e+000,,,,,,,,,,,,,,,,,,0,3.000000e+000,5.000000e-001,5,1,5.420532e-001,0,1,0,
1711665211.424,,0.000000e+000,3.256135e+001,2.022780e-002,0.000000e+000,9.466156e-002,0.000000e+000,3,9.702911e-001,1.825000e+000,,,,,,,,,,,,,,,,,,0,3.000000e+000,5.000000e-001,5,1,5.441704e-001,0,1,0,
1711665241.316,,0.000000e+000,3.150766e+001,2.020028e-002,0.000000e+000,8.919037e-002,0.000000e+000,3,9.876167e-001,1.825000e+000,,,,,,,,,,,,,,,,,,0,3.000000e+000,5.000000e-001,5,1,4.782505e-001,0,0,0,
1711665270.966,,0.000000e+000,3.047788e+001,2.022690e-002,0.000000e+000,8.918861e-002,0.000000e+000,3,9.875812e-001,1.825000e+000,,,,,,,,,,,,,,,,,,0,3.000000e+000,5.000000e-001,5,1,7.625999e-001,0,0,0,
1711665299.107,,0.000000e+000,2.934425e+001,2.025421e-002,0.000000e+000,8.927069e-002,0.000000e+000,3,9.875672e-001,1.825000e+000,,,,,,,,,,,,,,,,,,0,3.000000e+000,5.000000e-001,5,1,6.517410e-001,0,0,0,
1711665321.993,,0.000000e+000,2.847006e+001,2.027498e-002,0.000000e+000,8.936012e-002,0.000000e+000,3,9.875889e-001,1.825000e+000,,,,,,,,,,,,,,,,,,0,3.000000e+000,5.000000e-001,5,1,5.912399e-001,0,0,0,
1711665346.623,,0.000000e+000,2.748969e+001,2.029338e-002,0.000000e+000,8.934744e-002,0.000000e+000,3,9.876096e-001,1.825000e+000,,,,,,,,,,,,,,,,,,0,3.000000e+000,5.000000e-001,5,1,6.909103e-001,0,0,0,
1711665372.017,,0.000000e+000,2.640404e+001,2.030907e-002,0.000000e+000,8.939313e-002,0.000000e+000,3,9.876294e-001,1.825000e+000,,,,,,,,,,,,,,,,,,0,3.000000e+000,5.000000e-001,5,1,6.162205e-001,0,0,0,
1711665396.462,,0.000000e+000,2.537461e+001,2.031817e-002,0.000000e+000,8.907801e-002,0.000000e+000,3,9.876307e-001,1.825000e+000,,,,,,,,,,,,,,,,,,0,3.000000e+000,5.000000e-001,5,1,7.401600e-001,0,0,0,
1711665422.623,,0.000000e+000,2.433590e+001,2.034550e-002,0.000000e+000,8.887777e-002,0.000000e+000,3,9.875538e-001,1.825000e+000,,,,,,,,,,,,,,,,,,0,3.000000e+000,5.000000e-001,5,1,4.561901e-001,0,0,0,
1711665445.772,,0.000000e+000,2.358950e+001,2.036116e-002,0.000000e+000,8.941438e-002,0.000000e+000,3,9.876347e-001,1.825000e+000,,,,,,,,,,,,,,,,,,0,3.000000e+000,5.000000e-001,5,1,6.765690e-001,0,0,0,
1711665478.214,,0.000000e+000,2.253749e+001,2.038059e-002,0.000000e+000,8.930492e-002,0.000000e+000,3,9.875939e-001,1.825000e+000,,,,,,,,,,,,,,,,,,0,3.000000e+000,5.000000e-001,5,1,7.009602e-001,0,0,0,
1711665510.368,,0.000000e+000,2.146823e+001,2.039331e-002,0.000000e+000,8.934958e-002,0.000000e+000,3,9.876391e-001,1.825000e+000,,,,,,,,,,,,,,,,,,0,3.000000e+000,5.000000e-001,5,1,5.621605e-001,0,0,0,
1711665534.767,,0.000000e+000,2.055323e+001,2.040335e-002,0.000000e+000,8.947282e-002,0.000000e+000,3,9.876434e-001,1.825000e+000,,,,,,,,,,,,,,,,,,0,3.000000e+000,5.000000e-001,5,1,4.742813e-001,0,0,0,
1711665566.222,,0.000000e+000,1.960334e+001,2.042136e-002,0.000000e+000,8.939897e-002,0.000000e+000,3,9.876131e-001,1.825000e+000,,,,,,,,,,,,,,,,,,0,3.000000e+000,5.000000e-001,5,1,5.628815e-001,0,0,0,
1711665597.551,,0.000000e+000,1.851974e+001,2.042966e-002,0.000000e+000,8.946000e-002,0.000000e+000,3,9.876601e-001,1.825000e+000,,,,,,,,,,,,,,,,,,0,3.000000e+000,5.000000e-001,5,1,6.144199e-001,0,0,0,
1711665628.839,,0.000000e+000,1.751898e+001,2.044217e-002,0.000000e+000,8.943323e-002,0.000000e+000,3,9.876354e-001,1.825000e+000,,,,,,,,,,,,,,,,,,0,3.000000e+000,5.000000e-001,5,1,6.924782e-001,0,0,0,
1711665659.215,,0.000000e+000,1.644508e+001,2.044928e-002,0.000000e+000,8.947457e-002,0.000000e+000,3,9.876378e-001,1.825000e+000,,,,,,,,,,,,,,,,,,0,3.000000e+000,5.000000e-001,5,1,6.211395e-001,0,0,0,
1711665682.099,,0.000000e+000,1.568182e+001,2.045674e-002,0.000000e+000,8.950655e-002,0.000000e+000,3,9.876170e-001,1.825000e+000,,,,,,,,,,,,,,,,,,0,3.000000e+000,5.000000e-001,5,1,4.877396e-001,0,0,0,
1711665716.017,,0.000000e+000,1.451617e+001,2.046348e-002,0.000000e+000,8.952251e-002,0.000000e+000,3,9.876218e-001,1.825000e+000,,,,,,,,,,,,,,,,,,0,3.000000e+000,5.000000e-001,5,1,5.791006e-001,0,0,0,
1711665746.167,,0.000000e+000,1.344152e+001,2.046577e-002,0.000000e+000,8.962950e-002,0.000000e+000,3,9.876648e-001,1.825000e+000,,,,,,,,,,,,,,,,,,0,3.000000e+000,5.000000e-001,5,1,5.258198e-001,0,0,0,
1711665773.804,,0.000000e+000,1.246330e+001,2.047163e-002,0.000000e+000,8.965449e-002,0.000000e+000,3,9.875990e-001,1.825000e+000,,,,,,,,,,,,,,,,,,0,3.000000e+000,5.000000e-001,5,1,6.762400e-001,0,0,0,
1711665799.493,,0.000000e+000,1.158393e+001,2.047270e-002,0.000000e+000,8.960717e-002,0.000000e+000,3,9.875789e-001,1.825000e+000,,,,,,,,,,,,,,,,,,0,3.000000e+000,5.000000e-001,5,1,6.993303e-001,0,1,0,
1711665828.642,,0.000000e+000,1.060798e+001,2.047284e-002,0.000000e+000,8.956691e-002,0.000000e+000,3,9.875889e-001,1.825000e+000,,,,,,,,,,,,,,,,,,0,3.000000e+000,5.000000e-001,5,1,5.136795e-001,0,1,0,
1711665860.811,,0.000000e+000,9.572577e+000,2.047141e-002,0.000000e+000,8.972330e-002,0.000000e+000,3,9.876001e-001,1.825000e+000,,,,,,,,,,,,,,,,,,0,3.000000e+000,5.000000e-001,5,1,5.161743e-001,0,1,0,
1711665892.871,,0.000000e+000,8.650532e+000,2.047073e-002,0.000000e+000,8.979863e-002,0.000000e+000,3,9.876139e-001,1.825000e+000,,,,,,,,,,,,,,,,,,0,3.000000e+000,5.000000e-001,5,1,6.601028e-001,0,1,0,
1711665930.762,,0.000000e+000,7.524176e+000,2.046936e-002,0.000000e+000,8.985551e-002,0.000000e+000,3,9.875697e-001,1.825000e+000,,,,,,,,,,,,,,,,,,0,3.000000e+000,5.000000e-001,5,1,4.178052e-001,0,1,0,
1711665961.154,,0.000000e+000,6.722092e+000,2.046654e-002,0.000000e+000,8.996595e-002,0.000000e+000,3,9.875233e-001,1.825000e+000,,,,,,,,,,,,,,,,,,0,3.000000e+000,5.000000e-001,5,1,4.726539e-001,0,1,0,
1711665999.093,,0.000000e+000,5.718092e+000,2.046224e-002,0.000000e+000,8.992983e-002,0.000000e+000,3,9.875866e-001,1.825000e+000,,,,,,,,,,,,,,,,,,0,3.000000e+000,5.000000e-001,5,1,4.679918e-001,0,1,0,
1711666602.035,,0.000000e+000,4.989246e+000,2.046201e-002,0.000000e+000,8.978876e-002,0.000000e+000,3,9.875337e-001,1.825000e+000,,,,,,,,,,,,,,,,,,0,3.000000e+000,5.000000e-001,5,1,3.446102e-002,0,0,0,
1711666692.476,,0.000000e+000,4.990509e+000,2.046208e-002,0.000000e+000,8.982461e-002,0.000000e+000,3,9.875461e-001,1.825000e+000,,,,,,,,,,,,,,,,,,0,3.000000e+000,5.000000e-001,5,1,9.744644e-003,0,0,0,
1711666755.401,,0.000000e+000,6.393852e+000,2.046790e-002,0.000000e+000,8.978825e-002,0.000000e+000,3,9.875676e-001,1.825000e+000,,,,,,,,,,,,,,,,,,0,3.000000e+000,5.000000e-001,5,1,6.897302e-001,0,0,0,
1711666785.043,,0.000000e+000,7.464658e+000,2.046977e-002,0.000000e+000,8.977696e-002,0.000000e+000,3,9.875816e-001,1.825000e+000,,,,,,,,,,,,,,,,,,0,3.000000e+000,5.000000e-001,5,1,5.409141e-001,0,0,0,
1711666815.932,,0.000000e+000,8.448262e+000,2.047390e-002,0.000000e+000,8.967628e-002,0.000000e+000,3,9.876001e-001,1.825000e+000,,,,,,,,,,,,,,,,,,0,3.000000e+000,5.000000e-001,5,1,5.900402e-001,0,0,0,
1711666844.241,,0.000000e+000,9.413988e+000,2.047493e-002,0.000000e+000,8.959226e-002,0.000000e+000,3,9.875807e-001,1.825000e+000,,,,,,,,,,,,,,,,,,0,3.000000e+000,5.000000e-001,5,1,5.366173e-001,0,0,0,
1711666876.150,,0.000000e+000,1.040248e+001,2.047456e-002,0.000000e+000,8.954038e-002,0.000000e+000,3,9.876078e-001,1.825000e+000,,,,,,,,,,,,,,,,,,0,3.000000e+000,5.000000e-001,5,1,5.451899e-001,0,0,0,
1711666907.052,,0.000000e+000,1.134881e+001,2.047514e-002,0.000000e+000,8.949747e-002,0.000000e+000,3,9.876149e-001,1.825000e+000,,,,,,,,,,,,,,,,,,0,3.000000e+000,5.000000e-001,5,1,4.836998e-001,0,0,0,
1711666947.973,,0.000000e+000,1.259161e+001,2.047343e-002,0.000000e+000,8.949263e-002,0.000000e+000,3,9.876012e-001,1.825000e+000,,,,,,,,,,,,,,,,,,0,3.000000e+000,5.000000e-001,5,1,5.494595e-001,0,0,0,
1711666968.851,,0.000000e+000,1.337988e+001,2.046909e-002,0.000000e+000,8.946297e-002,0.000000e+000,3,9.876198e-001,1.825000e+000,,,,,,,,,,,,,,,,,,0,3.000000e+000,5.000000e-001,5,1,5.383301e-001,0,0,0,
1711667005.777,,0.000000e+000,1.452153e+001,2.046719e-002,0.000000e+000,8.938145e-002,0.000000e+000,3,9.876246e-001,1.825000e+000,,,,,,,,,,,,,,,,,,0,3.000000e+000,5.000000e-001,5,1,5.224199e-001,0,0,0,
1711667032.177,,0.000000e+000,1.540090e+001,2.045435e-002,0.000000e+000,8.931984e-002,0.000000e+000,3,9.876231e-001,1.825000e+000,,,,,,,,,,,,,,,,,,0,3.000000e+000,5.000000e-001,5,1,5.802994e-001,0,0,0,
1711667064.322,,0.000000e+000,1.651410e+001,2.045184e-002,0.000000e+000,8.928613e-002,0.000000e+000,3,9.876229e-001,1.825000e+000,,,,,,,,,,,,,,,,,,0,3.000000e+000,5.000000e-001,5,1,5.332584e-001,0,0,0,
1711667093.212,,0.000000e+000,1.740701e+001,2.044712e-002,0.000000e+000,8.926220e-002,0.000000e+000,3,9.876237e-001,1.825000e+000,,,,,,,,,,,,,,,,,,0,3.000000e+000,5.000000e-001,5,1,5.924702e-001,0,0,0,
1711667124.102,,0.000000e+000,1.845036e+001,2.043800e-002,0.000000e+000,8.926040e-002,0.000000e+000,3,9.876458e-001,1.825000e+000,,,,,,,,,,,,,,,,,,0,3.000000e+000,5.000000e-001,5,1,5.787411e-001,0,0,0,
1711667158.042,,0.000000e+000,1.963181e+001,2.042732e-002,0.000000e+000,8.917279e-002,0.000000e+000,3,9.876359e-001,1.825000e+000,,,,,,,,,,,,,,,,,,0,3.000000e+000,5.000000e-001,5,1,6.441002e-001,0,0,0,
1711667181.602,,0.000000e+000,2.036876e+001,2.041769e-002,0.000000e+000,8.920739e-002,0.000000e+000,3,9.876345e-001,1.825000e+000,,,,,,,,,,,,,,,,,,0,3.000000e+000,5.000000e-001,5,1,5.768700e-001,0,0,0,
1711667212.732,,0.000000e+000,2.141803e+001,2.040561e-002,0.000000e+000,8.914774e-002,0.000000e+000,3,9.876434e-001,1.825000e+000,,,,,,,,,,,,,,,,,,0,3.000000e+000,5.000000e-001,5,1,6.343098e-001,0,0,0,
1711667240.571,,0.000000e+000,2.239299e+001,2.039306e-002,0.000000e+000,8.912190e-002,0.000000e+000,3,9.876670e-001,1.825000e+000,,,,,,,,,,,,,,,,,,0,3.000000e+000,5.000000e-001,5,1,5.600109e-001,0,0,0,
1711667274.452,,0.000000e+000,2.348142e+001,2.037740e-002,0.000000e+000,8.906853e-002,0.000000e+000,3,9.876352e-001,1.825000e+000,,,,,,,,,,,,,,,,,,0,3.000000e+000,5.000000e-001,5,1,6.170502e-001,0,0,0,
1711667303.089,,0.000000e+000,2.443758e+001,2.036159e-002,0.000000e+000,8.902674e-002,0.000000e+000,3,9.876574e-001,1.825000e+000,,,,,,,,,,,,,,,,,,0,3.000000e+000,5.000000e-001,5,1,6.731510e-001,0,0,0,
1711667332.667,,0.000000e+000,2.544352e+001,2.034763e-002,0.000000e+000,8.899162e-002,0.000000e+000,3,9.876875e-001,1.825000e+000,,,,,,,,,,,,,,,,,,0,3.000000e+000,5.000000e-001,5,1,6.105194e-001,0,0,0,
1711667379.823,,0.000000e+000,2.698863e+001,2.032094e-002,0.000000e+000,8.902027e-002,0.000000e+000,3,9.876378e-001,1.825000e+000,,,,,,,,,,,,,,,,,,0,3.000000e+000,5.000000e-001,5,1,5.387802e-001,0,0,0,
1711667404.458,,0.000000e+000,2.781379e+001,2.030469e-002,0.000000e+000,8.902121e-002,0.000000e+000,3,9.876837e-001,1.825000e+000,,,,,,,,,,,,,,,,,,0,3.000000e+000,5.000000e-001,5,1,6.386700e-001,0,1,0,
1711667428.346,,0.000000e+000,2.863247e+001,2.028741e-002,0.000000e+000,8.892618e-002,0.000000e+000,3,9.876426e-001,1.825000e+000,,,,,,,,,,,,,,,,,,0,3.000000e+000,5.000000e-001,5,1,5.985012e-001,0,1,0,
1711667455.153,,0.000000e+000,2.946168e+001,2.026803e-002,0.000000e+000,8.900163e-002,0.000000e+000,3,9.876575e-001,1.825000e+000,,,,,,,,,,,,,,,,,,0,3.000000e+000,5.000000e-001,5,1,5.275402e-001,0,1,0,
1711667487.311,,0.000000e+000,3.061669e+001,2.024721e-002,0.000000e+000,8.888513e-002,0.000000e+000,3,9.875840e-001,1.825000e+000,,,,,,,,,,,,,,,,,,0,3.000000e+000,5.000000e-001,5,1,5.873604e-001,0,1,0,
1711667511.695,,0.000000e+000,3.138745e+001,2.023212e-002,0.000000e+000,8.886044e-002,0.000000e+000,3,9.875787e-001,1.825000e+000,,,,,,,,,,,,,,,,,,0,3.000000e+000,5.000000e-001,5,1,5.559998e-001,0,1,0,
1711667546.349,,0.000000e+000,3.254420e+001,2.020410e-002,0.000000e+000,8.886501e-002,0.000000e+000,3,9.876013e-001,1.825000e+000,,,,,,,,,,,,,,,,,,0,3.000000e+000,5.000000e-001,5,1,6.288414e-001,0,1,0,
1711667576.992,,0.000000e+000,3.348396e+001,2.017760e-002,0.000000e+000,8.881252e-002,0.000000e+000,3,9.876186e-001,1.825000e+000,,,,,,,,,,,,,,,,,,0,3.000000e+000,5.000000e-001,5,1,5.572395e-001,0,1,0,
1711667602.883,,0.000000e+000,3.442292e+001,2.015589e-002,0.000000e+000,8.881062e-002,0.000000e+000,3,9.876152e-001,1.825000e+000,,,,,,,,,,,,,,,,,,0,3.000000e+000,5.000000e-001,5,1,6.308594e-001,0,1,0,
1711667632.528,,0.000000e+000,3.537437e+001,2.013122e-002,0.000000e+000,8.885171e-002,0.000000e+000,3,9.876220e-001,1.825000e+000,,,,,,,,,,,,,,,,,,0,3.000000e+000,5.000000e-001,5,1,6.634216e-001,0,1,0,
1711667659.917,,0.000000e+000,3.636430e+001,2.010751e-002,0.000000e+000,8.889845e-002,0.000000e+000,3,9.876323e-001,1.825000e+000,,,,,,,,,,,,,,,,,,0,3.000000e+000,5.000000e-001,5,1,4.346008e-001,0,0,0,
1711667691.566,,0.000000e+000,3.729889e+001,2.007826e-002,0.000000e+000,8.900712e-002,0.000000e+000,3,9.876382e-001,1.825000e+000,,,,,,,,,,,,,,,,,,0,3.000000e+000,5.000000e-001,5,1,5.815201e-001,0,0,0,
1711667722.219,,0.000000e+000,3.830553e+001,2.005066e-002,0.000000e+000,8.895710e-002,0.000000e+000,3,9.876497e-001,1.825000e+000,,,,,,,,,,,,,,,,,,0,3.000000e+000,5.000000e-001,5,1,5.724716e-001,0,0,0,
1711667756.115,,0.000000e+000,3.944914e+001,2.001885e-002,0.000000e+000,8.884665e-002,0.000000e+000,3,9.876231e-001,1.825000e+000,,,,,,,,,,,,,,,,,,0,3.000000e+000,5.000000e-001,5,1,5.787773e-001,0,0,0,
1711667784.519,,0.000000e+000,4.041476e+001,1.999043e-002,0.000000e+000,8.892700e-002,0.000000e+000,3,9.876416e-001,1.825000e+000,,,,,,,,,,,,,,,,,,0,3.000000e+000,5.000000e-001,5,1,4.971809e-001,0,0,0,
1711667816.164,,0.000000e+000,4.151287e+001,1.996026e-002,0.000000e+000,8.893023e-002,0.000000e+000,3,9.876140e-001,1.825000e+000,,,,,,,,,,,,,,,,,,0,3.000000e+000,5.000000e-001,5,1,5.614700e-001,0,0,0,
1711667847.071,,0.000000e+000,4.249811e+001,1.992996e-002,0.000000e+000,8.895292e-002,0.000000e+000,3,9.875678e-001,1.825000e+000,,,,,,,,,,,,,,,,,,0,3.000000e+000,5.000000e-001,5,1,5.608177e-001,0,0,0,
1711667872.703,,0.000000e+000,4.341061e+001,1.990535e-002,0.000000e+000,8.903264e-002,0.000000e+000,3,9.875939e-001,1.825000e+000,,,,,,,,,,,,,,,,,,0,3.000000e+000,5.000000e-001,5,1,5.539284e-001,0,0,0,
1711667903.010,,0.000000e+000,4.442427e+001,1.986894e-002,0.000000e+000,8.888466e-002,0.000000e+000,3,9.876033e-001,1.825000e+000,,,,,,,,,,,,,,,,,,0,3.000000e+000,5.000000e-001,5,1,4.877701e-001,0,0,0,
1711667935.896,,0.000000e+000,4.549863e+001,1.983460e-002,0.000000e+000,8.892661e-002,0.000000e+000,3,9.876660e-001,1.825000e+000,,,,,,,,,,,,,,,,,,0,3.000000e+000,5.000000e-001,5,1,5.542717e-001,0,0,0,
1711667979.308,,0.000000e+000,4.695369e+001,1.979022e-002,0.000000e+000,8.898008e-002,0.000000e+000,3,9.876413e-001,1.825000e+000,,,,,,,,,,,,,,,,,,0,3.000000e+000,5.000000e-001,5,1,4.039078e-001,0,0,0,
1711668001.694,,0.000000e+000,4.763470e+001,1.976242e-002,0.000000e+000,8.881415e-002,0.000000e+000,3,9.876258e-001,1.825000e+000,,,,,,,,,,,,,,,,,,0,3.000000e+000,5.000000e-001,5,1,5.495529e-001,0,0,0,
1711668024.755,,0.000000e+000,4.835847e+001,1.973539e-002,0.000000e+000,8.890755e-002,0.000000e+000,3,9.876267e-001,1.825000e+000,,,,,,,,,,,,,,,,,,0,3.000000e+000,5.000000e-001,5,1,6.149406e-001,0,0,0,
1711668055.376,,0.000000e+000,4.944540e+001,1.969986e-002,0.000000e+000,8.890138e-002,0.000000e+000,3,9.876377e-001,1.825000e+000,,,,,,,,,,,,,,,,,,0,3.000000e+000,5.000000e-001,5,1,4.793510e-001,0,0,0,
1711668085.518,,0.000000e+000,5.046874e+001,1.966466e-002,0.000000e+000,8.882817e-002,0.000000e+000,3,9.876337e-001,1.825000e+000,,,,,,,,,,,,,,,,,,0,3.000000e+000,5.000000e-001,5,1,4.735603e-001,0,0,0,
1711668113.915,,0.000000e+000,5.144566e+001,1.963035e-002,0.000000e+000,8.885502e-002,0.000000e+000,3,9.876580e-001,1.825000e+000,,,,,,,,,,,,,,,,,,0,3.000000e+000,5.000000e-001,5,1,5.413895e-001,0,0,0,
1711668142.570,,0.000000e+000,5.239128e+001,1.959427e-002,0.000000e+000,8.878651e-002,0.000000e+000,3,9.876453e-001,1.825000e+000,,,,,,,,,,,,,,,,,,0,3.000000e+000,5.000000e-001,5,1,5.394669e-001,0,0,0,
1711668174.262,,0.000000e+000,5.340185e+001,1.955635e-002,0.000000e+000,8.874474e-002,0.000000e+000,3,9.876177e-001,1.825000e+000,,,,,,,,,,,,,,,,,,0,3.000000e+000,5.000000e-001,5,1,5.320702e-001,0,0,0,
1711668205.908,,0.000000e+000,5.446500e+001,1.951419e-002,0.000000e+000,8.877398e-002,0.000000e+000,3,9.876590e-001,1.825000e+000,,,,,,,,,,,,,,,,,,0,3.000000e+000,5.000000e-001,5,1,6.655502e-001,0,0,0,
1711668235.306,,0.000000e+000,5.546353e+001,1.947661e-002,0.000000e+000,8.871828e-002,0.000000e+000,3,9.876730e-001,1.825000e+000,,,,,,,,,,,,,,,,,,0,3.000000e+000,5.000000e-001,5,1,5.274391e-001,0,0,0,
1711668261.200,,0.000000e+000,5.629535e+001,1.944586e-002,0.000000e+000,8.867331e-002,0.000000e+000,3,9.876165e-001,1.825000e+000,,,,,,,,,,,,,,,,,,0,3.000000e+000,5.000000e-001,5,1,5.833817e-001,0,0,0,
1711668296.653,,0.000000e+000,5.755242e+001,1.939775e-002,0.000000e+000,8.858517e-002,0.000000e+000,3,9.877186e-001,1.825000e+000,,,,,,,,,,,,,,,,,,0,3.000000e+000,5.000000e-001,5,1,5.878029e-001,0,0,0,
1711668323.313,,0.000000e+000,5.843682e+001,1.936306e-002,0.000000e+000,8.858560e-002,0.000000e+000,3,9.876513e-001,1.825000e+000,,,,,,,,,,,,,,,,,,0,3.000000e+000,5.000000e-001,5,1,6.509819e-001,0,0,0,
1711668353.386,,0.000000e+000,5.941112e+001,1.932164e-002,0.000000e+000,8.857173e-002,0.000000e+000,3,9.876983e-001,1.825000e+000,,,,,,,,,,,,,,,,,,0,3.000000e+000,5.000000e-001,5,1,6.525383e-001,0,0,0,
1711668382.752,,0.000000e+000,6.039421e+001,1.928210e-002,0.000000e+000,8.849137e-002,0.000000e+000,3,9.876633e-001,1.825000e+000,,,,,,,,,,,,,,,,,,0,3.000000e+000,5.000000e-001,5,1,6.629105e-001,0,0,0,
1711668412.655,,0.000000e+000,6.140652e+001,1.924121e-002,0.000000e+000,8.848336e-002,0.000000e+000,3,9.876682e-001,1.825000e+000,,,,,,,,,,,,,,,,,,0,3.000000e+000,5.000000e-001,5,1,5.851669e-001,0,0,0,
1711668442.564,,0.000000e+000,6.240696e+001,1.919975e-002,0.000000e+000,8.854501e-002,0.000000e+000,3,9.876819e-001,1.825000e+000,,,,,,,,,,,,,,,,,,0,3.000000e+000,5.000000e-001,5,1,6.560516e-001,0,0,0,
1711668473.637,,0.000000e+000,6.344259e+001,1.915705e-002,0.000000e+000,8.842517e-002,0.000000e+000,3,9.876302e-001,1.825000e+000,,,,,,,,,,,,,,,,,,0,3.000000e+000,5.000000e-001,5,1,6.475601e-001,0,0,0,
1711668500.194,,0.000000e+000,6.437553e+001,1.911816e-002,0.000000e+000,8.847757e-002,0.000000e+000,3,9.876752e-001,1.825000e+000,,,,,,,,,,,,,,,,,,0,3.000000e+000,5.000000e-001,5,1,5.642929e-001,0,0,0,
1711668532.571,,0.000000e+000,6.542381e+001,1.900973e-002,0.000000e+000,8.819914e-002,0.000000e+000,3,9.854278e-001,1.825000e+000,,,,,,,,,,,,,,,,,,0,3.000000e+000,5.000000e-001,5,1,5.101852e-001,0,1,0,
1711668579.236,,0.000000e+000,6.699518e+001,1.900488e-002,0.000000e+000,8.837818e-002,0.000000e+000,3,9.876457e-001,1.825000e+000,,,,,,,,,,,,,,,,,,0,3.000000e+000,5.000000e-001,5,1,6.210556e-001,0,1,0,
1711668601.653,,0.000000e+000,6.770967e+001,1.897255e-002,0.000000e+000,8.832634e-002,0.000000e+000,3,9.876607e-001,1.825000e+000,,,,,,,,,,,,,,,,,,0,3.000000e+000,5.000000e-001,5,1,5.431442e-001,0,1,0,
1711668625.829,,0.000000e+000,6.841068e+001,1.893700e-002,0.000000e+000,8.839014e-002,0.000000e+000,3,9.876681e-001,1.825000e+000,,,,,,,,,,,,,,,,,,0,3.000000e+000,5.000000e-001,5,1,6.126556e-001,0,1,0,
1711668657.227,,0.000000e+000,6.953084e+001,1.888971e-002,0.000000e+000,8.832745e-002,0.000000e+000,3,9.876730e-001,1.825000e+000,,,,,,,,,,,,,,,,,,0,3.000000e+000,5.000000e-001,5,1,5.397186e-001,0,1,0,
1711668685.619,,0.000000e+000,7.044389e+001,1.884620e-002,0.000000e+000,8.824766e-002,0.000000e+000,3,9.876761e-001,1.825000e+000,,,,,,,,,,,,,,,,,,0,3.000000e+000,5.000000e-001,5,1,6.082916e-001,0,1,0,
1711668717.261,,0.000000e+000,7.153809e+001,1.879989e-002,0.000000e+000,8.818312e-002,0.000000e+000,3,9.876631e-001,1.825000e+000,,,,,,,,,,,,,,,,,,0,3.000000e+000,5.000000e-001,5,1,6.059952e-001,0,1,0,
1711668746.665,,0.000000e+000,7.254291e+001,1.876610e-002,0.000000e+000,8.842676e-002,0.000000e+000,3,9.875782e-001,1.825000e+000,,,,,,,,,,,,,,,,,,0,3.000000e+000,5.000000e-001,5,1,6.245422e-001,0,1,0,
1711668779.058,,0.000000e+000,7.359642e+001,1.870392e-002,0.000000e+000,8.816458e-002,0.000000e+000,3,9.877083e-001,1.825000e+000,,,,,,,,,,,,,,,,,,0,3.000000e+000,5.000000e-001,5,1,5.363159e-001,0,1,0,
1711668802.943,,0.000000e+000,7.438039e+001,1.866828e-002,0.000000e+000,8.804698e-002,0.000000e+000,3,9.876572e-001,1.825000e+000,,,,,,,,,,,,,,,,,,0,3.000000e+000,5.000000e-001,5,1,7.527924e-001,0,1,0,
1711668833.136,,0.000000e+000,7.538345e+001,1.862244e-002,0.000000e+000,8.802713e-002,0.000000e+000,3,9.875976e-001,1.825000e+000,,,,,,,,,,,,,,,,,,0,3.000000e+000,5.000000e-001,5,1,6.126404e-001,0,0,0,
1711668865.793,,0.000000e+000,7.645307e+001,1.856774e-002,0.000000e+000,8.792596e-002,0.000000e+000,3,9.876471e-001,1.825000e+000,,,,,,,,,,,,,,,,,,0,3.000000e+000,5.000000e-001,5,1,5.994415e-001,0,0,0,
1711668894.690,,0.000000e+000,7.745045e+001,1.852204e-002,0.000000e+000,8.798376e-002,0.000000e+000,3,9.877162e-001,1.825000e+000,,,,,,,,,,,,,,,,,,0,3.000000e+000,5.000000e-001,5,1,6.135406e-001,0,0,0,
1711668923.330,,0.000000e+000,7.841493e+001,1.847893e-002,0.000000e+000,8.781535e-002,0.000000e+000,3,9.876763e-001,1.825000e+000,,,,,,,,,,,,,,,,,,0,3.000000e+000,5.000000e-001,5,1,5.376282e-001,0,0,0,
1711668955.645,,0.000000e+000,7.943657e+001,1.842673e-002,0.000000e+000,8.779231e-002,0.000000e+000,3,9.877183e-001,1.825000e+000,,,,,,,,,,,,,,,,,,0,3.000000e+000,5.000000e-001,5,1,7.267838e-001,0,0,0,
1711668984.769,,0.000000e+000,8.046422e+001,1.838235e-002,0.000000e+000,8.775681e-002,0.000000e+000,3,9.876531e-001,1.825000e+000,,,,,,,,,,,,,,,,,,0,3.000000e+000,5.000000e-001,5,1,5.299377e-001,0,0,0,
1711669014.076,,0.000000e+000,8.144762e+001,1.833369e-002,0.000000e+000,8.775256e-002,0.000000e+000,3,9.876553e-001,1.825000e+000,,,,,,,,,,,,,,,,,,0,3.000000e+000,5.000000e-001,5,1,5.333939e-001,0,0,0,
1711669043.713,,0.000000e+000,8.239700e+001,1.828434e-002,0.000000e+000,8.757646e-002,0.000000e+000,3,9.876571e-001,1.825000e+000,,,,,,,,,,,,,,,,,,0,3.000000e+000,5.000000e-001,5,1,5.980835e-001,0,0,0,
1711669076.894,,0.000000e+000,8.357066e+001,1.822876e-002,0.000000e+000,8.756895e-002,0.000000e+000,3,9.876908e-001,1.825000e+000,,,,,,,,,,,,,,,,,,0,3.000000e+000,5.000000e-001,5,1,5.963821e-001,0,0,0,
1711669102.534,,0.000000e+000,8.439867e+001,1.818579e-002,0.000000e+000,8.738493e-002,0.000000e+000,3,9.877462e-001,1.825000e+000,,,,,,,,,,,,,,,,,,0,3.000000e+000,5.000000e-001,5,1,6.671982e-001,0,0,0,
1711669132.181,,0.000000e+000,8.542940e+001,1.813787e-002,0.000000e+000,8.741592e-002,0.000000e+000,3,9.877307e-001,1.825000e+000,,,,,,,,,,,,,,,,,,0,3.000000e+000,5.000000e-001,5,1,5.058289e-001,0,0,0,
1711669181.349,,0.000000e+000,8.703557e+001,1.805774e-002,0.000000e+000,8.714093e-002,0.000000e+000,3,9.877522e-001,1.825000e+000,,,,,,,,,,,,,,,,,,0,3.000000e+000,5.000000e-001,5,1,7.229691e-001,0,0,0,
1711669206.494,,0.000000e+000,8.789998e+001,1.801470e-002,0.000000e+000,8.716782e-002,0.000000e+000,3,9.877538e-001,1.825000e+000,,,,,,,,,,,,,,,,,,0,3.000000e+000,5.000000e-001,5,1,6.386642e-001,0,0,0,
1711669230.155,,0.000000e+000,8.866873e+001,1.797649e-002,0.000000e+000,8.709586e-002,0.000000e+000,3,9.877346e-001,1.825000e+000,,,,,,,,,,,,,,,,,,0,3.000000e+000,5.000000e-001,5,1,6.394501e-001,0,0,0,
1711669253.791,,0.000000e+000,8.947446e+001,1.793510e-002,0.000000e+000,8.703237e-002,0.000000e+000,3,9.877458e-001,1.825000e+000,,,,,,,,,,,,,,,,,,0,3.000000e+000,5.000000e-001,5,1,5.736389e-001,0,0,0,
1711669280.428,,0.000000e+000,9.037419e+001,1.788971e-002,0.000000e+000,8.701167e-002,0.000000e+000,3,9.877945e-001,1.825000e+000,,,,,,,,,,,,,,,,,,0,3.000000e+000,5.000000e-001,5,1,5.988007e-001,0,0,0,
1711669313.376,,0.000000e+000,9.149934e+001,1.783366e-002,0.000000e+000,8.684701e-002,0.000000e+000,3,9.877813e-001,1.825000e+000,,,,,,,,,,,,,,,,,,0,3.000000e+000,5.000000e-001,5,1,6.473312e-001,0,0,0,
1711669342.833,,0.000000e+000,9.248723e+001,1.778568e-002,0.000000e+000,8.686562e-002,0.000000e+000,3,9.877964e-001,1.825000e+000,,,,,,,,,,,,,,,,,,0,3.000000e+000,5.000000e-001,5,1,5.738144e-001,0,0,0,
1711669369.726,,0.000000e+000,9.338374e+001,1.774052e-002,0.000000e+000,8.676298e-002,0.000000e+000,3,9.877827e-001,1.825000e+000,,,,,,,,,,,,,,,,,,0,3.000000e+000,5.000000e-001,5,1,5.633774e-001,0,0,0,
1711669401.628,,0.000000e+000,9.441171e+001,1.768758e-002,0.000000e+000,8.674935e-002,0.000000e+000,3,9.877970e-001,1.825000e+000,,,,,,,,,,,,,,,,,,0,3.000000e+000,5.000000e-001,5,1,5.842133e-001,0,0,0,
1711669434.529,,0.000000e+000,9.547528e+001,1.762917e-002,0.000000e+000,8.643416e-002,0.000000e+000,3,9.878193e-001,1.825000e+000,,,,,,,,,,,,,,,,,,0,3.000000e+000,5.000000e-001,5,1,6.054611e-001,0,0,0,
1711669462.607,,0.000000e+000,9.647089e+001,1.758019e-002,0.000000e+000,8.646277e-002,0.000000e+000,3,9.877285e-001,1.825000e+000,,,,,,,,,,,,,,,,,,0,3.000000e+000,5.000000e-001,5,1,5.978851e-001,0,0,0,
1711669489.735,,0.000000e+000,9.732907e+001,1.753093e-002,0.000000e+000,8.633570e-002,0.000000e+000,3,9.877501e-001,1.825000e+000,,,,,,,,,,,,,,,,,,0,3.000000e+000,5.000000e-001,5,1,4.599228e-001,0,0,0,
1711669520.132,,0.000000e+000,9.837485e+001,1.747962e-002,0.000000e+000,8.611591e-002,0.000000e+000,3,9.877831e-001,1.825000e+000,,,,,,,,,,,,,,,,,,0,3.000000e+000,5.000000e-001,5,1,4.605179e-001,0,0,0,
1711669551.788,,0.000000e+000,9.945844e+001,1.742739e-002,0.000000e+000,8.590115e-002,0.000000e+000,3,9.878730e-001,1.825000e+000,,,,,,,,,,,,,,,,,,0,3.000000e+000,5.000000e-001,5,1,5.296631e-001,0,0,0,
1711669586.444,,0.000000e+000,1.005949e+002,1.736469e-002,0.000000e+000,8.589885e-002,0.000000e+000,3,9.878042e-001,1.825000e+000,,,,,,,,,,,,,,,,,,0,3.000000e+000,5.000000e-001,5,1,5.831985e-001,0,0,0,
1711669612.835,,0.000000e+000,1.014632e+002,1.732196e-002,0.000000e+000,8.579127e-002,0.000000e+000,3,9.877747e-001,1.825000e+000,,,,,,,,,,,,,,,,,,0,3.000000e+000,5.000000e-001,5,1,6.463013e-001,0,0,0,
1711669641.987,,0.000000e+000,1.023950e+002,1.727006e-002,0.000000e+000,8.571880e-002,0.000000e+000,3,9.877732e-001,1.825000e+000,,,,,,,,,,,,,,,,,,0,3.000000e+000,5.000000e-001,5,1,5.683975e-001,0,1,0,
1711669674.384,,0.000000e+000,1.034608e+002,1.721307e-002,0.000000e+000,8.551263e-002,0.000000e+000,3,9.877958e-001,1.825000e+000,,,,,,,,,,,,,,,,,,0,3.000000e+000,5.000000e-001,5,1,5.697937e-001,0,1,0,
1711669701.523,,0.000000e+000,1.044532e+002,1.716587e-002,0.000000e+000,8.541679e-002,0.000000e+000,3,9.879097e-001,1.825000e+000,,,,,,,,,,,,,,,,,,0,3.000000e+000,5.000000e-001,5,1,5.671005e-001,0,1,0,
1711669731.168,,0.000000e+000,1.054113e+002,1.711381e-002,0.000000e+000,8.524860e-002,0.000000e+000,3,9.877961e-001,1.825000e+000,,,,,,,,,,,,,,,,,,0,3.000000e+000,5.000000e-001,5,1,4.991989e-001,0,1,0,
1711669781.585,,0.000000e+000,1.070856e+002,1.702749e-002,0.000000e+000,8.511753e-002,0.000000e+000,3,9.878297e-001,1.825000e+000,,,,,,,,,,,,,,,,,,0,3.000000e+000,5.000000e-001,5,1,5.699997e-001,0,1,0,
1711669803.774,,0.000000e+000,1.078327e+002,1.698605e-002,0.000000e+000,8.501940e-002,0.000000e+000,3,9.878172e-001,1.825000e+000,,,,,,,,,,,,,,,,,,0,3.000000e+000,5.000000e-001,5,1,6.442032e-001,0,1,0,
1711669822.902,,0.000000e+000,1.085073e+002,1.695301e-002,0.000000e+000,8.496474e-002,0.000000e+000,3,9.878353e-001,1.825000e+000,,,,,,,,,,,,,,,,,,0,3.000000e+000,5.000000e-001,5,1,5.700989e-001,0,1,0,
1711669850.544,,0.000000e+000,1.094376e+002,1.690200e-002,0.000000e+000,8.448353e-002,0.000000e+000,3,9.878941e-001,1.825000e+000,,,,,,,,,,,,,,,,,,0,3.000000e+000,5.000000e-001,5,1,5.722046e-001,0,1,0,
1711669882.472,,0.000000e+000,1.104335e+002,1.685621e-002,0.000000e+000,8.465184e-002,0.000000e+000,3,9.878076e-001,1.825000e+000,,,,,,,,,,,,,,,,,,0,3.000000e+000,5.000000e-001,5,1,7.111969e-001,0,1,0,
1711669911.871,,0.000000e+000,1.114632e+002,1.679892e-002,0.000000e+000,8.502025e-002,0.000000e+000,3,9.879579e-001,1.825000e+000,,,,,,,,,,,,,,,,,,0,3.000000e+000,5.000000e-001,5,1,6.341934e-001,0,1,0,
1711669943.462,,0.000000e+000,1.124429e+002,1.674952e-002,0.000000e+000,8.454651e-002,0.000000e+000,3,9.878554e-001,1.825000e+000,,,,,,,,,,,,,,,,,,0,3.000000e+000,5.000000e-001,5,1,6.285019e-001,0,0,0,
1711669972.337,,0.000000e+000,1.134220e+002,1.669947e-002,0.000000e+000,8.437065e-002,0.000000e+000,3,9.879262e-001,1.825000e+000,,,,,,,,,,,,,,,,,,0,3.000000e+000,5.000000e-001,5,1,6.362991e-001,0,0,0,
1711670003.733,,0.000000e+000,1.144678e+002,1.664398e-002,0.000000e+000,8.424809e-002,0.000000e+000,3,9.878977e-001,1.825000e+000,,,,,,,,,,,,,,,,,,0,3.000000e+000,5.000000e-001,5,1,6.319962e-001,0,0,0,
1711670032.873,,0.000000e+000,1.154077e+002,1.658741e-002,0.000000e+000,8.420379e-002,0.000000e+000,3,9.878947e-001,1.825000e+000,,,,,,,,,,,,,,,,,,0,3.000000e+000,5.000000e-001,5,1,5.618973e-001,0,0,0,
1711670061.519,,0.000000e+000,1.163797e+002,1.653546e-002,0.000000e+000,8.397819e-002,0.000000e+000,3,9.878968e-001,1.825000e+000,,,,,,,,,,,,,,,,,,0,3.000000e+000,5.000000e-001,5,1,6.939011e-001,0,0,0,
1711670089.411,,0.000000e+000,1.173777e+002,1.649185e-002,0.000000e+000,8.380940e-002,0.000000e+000,3,9.879346e-001,1.825000e+000,,,,,,,,,,,,,,,,,,0,3.000000e+000,5.000000e-001,5,1,4.854965e-001,0,0,0,
1711670123.081,,0.000000e+000,1.184838e+002,1.643112e-002,0.000000e+000,8.376256e-002,0.000000e+000,3,9.878954e-001,1.825000e+000,,,,,,,,,,,,,,,,,,0,3.000000e+000,5.000000e-001,5,1,6.213989e-001,0,0,0,
1711670153.475,,0.000000e+000,1.194447e+002,1.637833e-002,0.000000e+000,8.371529e-002,0.000000e+000,3,9.877840e-001,1.825000e+000,,,,,,,,,,,,,,,,,,0,3.000000e+000,5.000000e-001,5,1,4.811020e-001,0,0,0,
1711670182.124,,0.000000e+000,1.204016e+002,1.631652e-002,0.000000e+000,8.357821e-002,0.000000e+000,3,9.878761e-001,1.825000e+000,,,,,,,,,,,,,,,,,,0,3.000000e+000,5.000000e-001,5,1,4.799042e-001,0,0,0,
1711670212.524,,0.000000e+000,1.214604e+002,1.627425e-002,0.000000e+000,8.355291e-002,0.000000e+000,3,9.878353e-001,1.825000e+000,,,,,,,,,,,,,,,,,,0,3.000000e+000,5.000000e-001,5,1,5.460968e-001,0,0,0,
1711670246.195,,0.000000e+000,1.225852e+002,1.620896e-002,0.000000e+000,8.319680e-002,0.000000e+000,3,9.878564e-001,1.825000e+000,,,,,,,,,,,,,,,,,,0,3.000000e+000,5.000000e-001,5,1,6.105042e-001,0,0,0,
1711670270.333,,0.000000e+000,1.234661e+002,1.617279e-002,0.000000e+000,8.326616e-002,0.000000e+000,3,9.879130e-001,1.825000e+000,,,,,,,,,,,,,,,,,,0,3.000000e+000,5.000000e-001,5,1,4.768982e-001,0,0,0,
1711670298.972,,0.000000e+000,1.243092e+002,1.611394e-002,0.000000e+000,8.352984e-002,0.000000e+000,3,9.879680e-001,1.825000e+000,,,,,,,,,,,,,,,,,,0,3.000000e+000,5.000000e-001,5,1,5.438004e-001,0,0,0,
1711670329.364,,0.000000e+000,1.253589e+002,1.606563e-002,0.000000e+000,8.306708e-002,0.000000e+000,3,9.879682e-001,1.825000e+000,,,,,,,,,,,,,,,,,,0,3.000000e+000,5.000000e-001,5,1,4.771042e-001,0,0,0,
1711670383.292,,0.000000e+000,1.271152e+002,1.596766e-002,0.000000e+000,8.284679e-002,0.000000e+000,3,9.879658e-001,1.825000e+000,,,,,,,,,,,,,,,,,,0,3.000000e+000,5.000000e-001,5,1,6.112976e-001,0,0,0,
1711670405.933,,0.000000e+000,1.279534e+002,1.592793e-002,0.000000e+000,8.260638e-002,0.000000e+000,3,9.878748e-001,1.825000e+000,,,,,,,,,,,,,,,,,,0,3.000000e+000,5.000000e-001,5,1,5.361938e-001,0,0,0,
1711670428.569,,0.000000e+000,1.286489e+002,1.588569e-002,0.000000e+000,8.265888e-002,0.000000e+000,3,9.879623e-001,1.825000e+000,,,,,,,,,,,,,,,,,,0,3.000000e+000,5.000000e-001,5,1,5.970001e-001,0,0,0,
1711670453.988,,0.000000e+000,1.295100e+002,1.583997e-002,0.000000e+000,8.242998e-002,0.000000e+000,3,9.880044e-001,1.825000e+000,,,,,,,,,,,,,,,,,,0,3.000000e+000,5.000000e-001,5,1,6.041107e-001,0,0,0,
1711670479.933,,0.000000e+000,1.303387e+002,1.579815e-002,0.000000e+000,8.240508e-002,0.000000e+000,3,9.879511e-001,1.825000e+000,,,,,,,,,,,,,,,,,,0,3.000000e+000,5.000000e-001,5,1,5.350952e-001,0,0,0,
1711670509.825,,0.000000e+000,1.313040e+002,1.574156e-002,0.000000e+000,8.215098e-002,0.000000e+000,3,9.879648e-001,1.825000e+000,,,,,,,,,,,,,,,,,,0,3.000000e+000,5.000000e-001,5,1,5.948944e-001,0,0,0,
1711670541.980,,0.000000e+000,1.324936e+002,1.568245e-002,0.000000e+000,8.202038e-002,0.000000e+000,3,9.879650e-001,1.825000e+000,,,,,,,,,,,,,,,,,,0,3.000000e+000,5.000000e-001,5,1,5.948029e-001,0,0,0,
1711670571.124,,0.000000e+000,1.334133e+002,1.563141e-002,0.000000e+000,8.195379e-002,0.000000e+000,3,9.880233e-001,1.825000e+000,,,,,,,,,,,,,,,,,,0,3.000000e+000,5.000000e-001,5,1,5.971069e-001,0,0,0,
1711670599.792,,0.000000e+000,1.343990e+002,1.557965e-002,0.000000e+000,8.193040e-002,0.000000e+000,3,9.879945e-001,1.825000e+000,,,,,,,,,,,,,,,,,,0,3.000000e+000,5.000000e-001,5,1,4.599915e-001,0,0,0,
1711670634.439,,0.000000e+000,1.355529e+002,1.551971e-002,0.000000e+000,8.168405e-002,0.000000e+000,3,9.879848e-001,1.825000e+000,,,,,,,,,,,,,,,,,,0,3.000000e+000,5.000000e-001,5,1,5.279083e-001,0,0,0,
1711670660.574,,0.000000e+000,1.363979e+002,1.547178e-002,0.000000e+000,8.159365e-002,0.000000e+000,3,9.879895e-001,1.825000e+000,,,,,,,,,,,,,,,,,,0,3.000000e+000,5.000000e-001,5,1,6.519012e-001,0,0,0,
1711670694.382,,0.000000e+000,1.374780e+002,1.541298e-002,0.000000e+000,8.139152e-002,0.000000e+000,3,9.880459e-001,1.825000e+000,,,,,,,,,,,,,,,,,,0,3.000000e+000,5.000000e-001,5,1,5.881958e-001,0,0,0,
1711670726.447,,0.000000e+000,1.384970e+002,1.535417e-002,0.000000e+000,8.133207e-002,0.000000e+000,3,9.880283e-001,1.825000e+000,,,,,,,,,,,,,,,,,,0,3.000000e+000,5.000000e-001,5,1,5.485077e-001,0,1,0,
1711670755.076,,0.000000e+000,1.395590e+002,1.530406e-002,0.000000e+000,8.113280e-002,0.000000e+000,3,9.879402e-001,1.825000e+000,,,,,,,,,,,,,,,,,,0,3.000000e+000,5.000000e-001,5,1,4.810944e-001,0,1,0,
1711670784.386,,0.000000e+000,1.405517e+002,1.524956e-002,0.000000e+000,8.093217e-002,0.000000e+000,3,9.880215e-001,1.825000e+000,,,,,,,,,,,,,,,,,,0,3.000000e+000,5.000000e-001,5,1,5.467987e-001,0,1,0,
1711670813.757,,0.000000e+000,1.414447e+002,1.519676e-002,0.000000e+000,8.092834e-002,0.000000e+000,3,9.880185e-001,1.825000e+000,,,,,,,,,,,,,,,,,,0,3.000000e+000,5.000000e-001,5,1,5.530090e-001,0,1,0,
1711670843.419,,0.000000e+000,1.425115e+002,1.514195e-002,0.000000e+000,8.089262e-002,0.000000e+000,3,9.880387e-001,1.825000e+000,,,,,,,,,,,,,,,,,,0,3.000000e+000,5.000000e-001,5,1,6.215973e-001,0,1,0,
1711670870.861,,0.000000e+000,1.433972e+002,1.509158e-002,0.000000e+000,8.056266e-002,0.000000e+000,3,9.880654e-001,1.825000e+000,,,,,,,,,,,,,,,,,,0,3.000000e+000,5.000000e-001,5,1,6.141052e-001,0,1,0,
1711670898.254,,0.000000e+000,1.443640e+002,1.503325e-002,0.000000e+000,7.918534e-002,0.000000e+000,3,9.878057e-001,1.825000e+000,,,,,,,,,,,,,,,,,,0,3.000000e+000,5.000000e-001,5,1,4.830017e-001,0,1,0,
1711670931.700,,0.000000e+000,1.454684e+002,1.498517e-002,0.000000e+000,8.038934e-002,0.000000e+000,3,9.880747e-001,1.825000e+000,,,,,,,,,,,,,,,,,,0,3.000000e+000,5.000000e-001,5,1,4.783020e-001,0,1,0,
1711670963.844,,0.000000e+000,1.465130e+002,1.492474e-002,0.000000e+000,8.015610e-002,0.000000e+000,3,9.880633e-001,1.825000e+000,,,,,,,,,,,,,,,,,,0,3.000000e+000,5.000000e-001,5,1,6.365967e-001,0,1,0,
1711671010.254,,0.000000e+000,1.481322e+002,1.484211e-002,0.000000e+000,8.010224e-002,0.000000e+000,3,9.880981e-001,1.825000e+000,,,,,,,,,,,,,,,,,,0,3.000000e+000,5.000000e-001,5,1,5.483093e-001,0,1,0,
1711671032.644,,0.000000e+000,1.488776e+002,1.480263e-002,0.000000e+000,7.988939e-002,0.000000e+000,3,9.880522e-001,1.825000e+000,,,,,,,,,,,,,,,,,,0,3.000000e+000,5.000000e-001,5,1,5.474091e-001,0,0,0,
1711671054.525,,0.000000e+000,1.495541e+002,1.476254e-002,0.000000e+000,7.973150e-002,0.000000e+000,3,9.881291e-001,1.825000e+000,,,,,,,,,,,,,,,,,,0,3.000000e+000,5.000000e-001,5,1,5.398102e-001,0,0,0,
1711671079.663,,0.000000e+000,1.504383e+002,1.471770e-002,0.000000e+000,7.970405e-002,0.000000e+000,3,9.881900e-001,1.825000e+000,,,,,,,,,,,,,,,,,,0,3.000000e+000,5.000000e-001,5,1,4.109039e-001,0,0,0,
1711671112.806,,0.000000e+000,1.514846e+002,1.465817e-002,0.000000e+000,7.958601e-002,0.000000e+000,3,9.881330e-001,1.825000e+000,,,,,,,,,,,,,,,,,,0,3.000000e+000,5.000000e-001,5,1,6.210938e-001,0,0,0,
1711671143.962,,0.000000e+000,1.524908e+002,1.460056e-002,0.000000e+000,7.936242e-002,0.000000e+000,3,9.881993e-001,1.825000e+000,,,,,,,,,,,,,,,,,,0,3.000000e+000,5.000000e-001,5,1,6.036987e-001,0,0,0,
1711671167.341,,0.000000e+000,1.533660e+002,1.455931e-002,0.000000e+000,7.929534e-002,0.000000e+000,3,9.881908e-001,1.825000e+000,,,,,,,,,,,,,,,,,,0,3.000000e+000,5.000000e-001,5,1,4.765930e-001,0,0,0,
1711671201.983,,0.000000e+000,1.544375e+002,1.449546e-002,0.000000e+000,7.916704e-002,0.000000e+000,3,9.882237e-001,1.825000e+000,,,,,,,,,,,,,,,,,,0,3.000000e+000,5.000000e-001,5,1,6.051025e-001,0,0,0,
1711671237.387,,0.000000e+000,1.556400e+002,1.443430e-002,0.000000e+000,7.894203e-002,0.000000e+000,3,9.881932e-001,1.825000e+000,,,,,,,,,,,,,,,,,,0,3.000000e+000,5.000000e-001,5,1,4.635925e-001,0,0,0,
1711671261.530,,0.000000e+000,1.564705e+002,1.439206e-002,0.000000e+000,7.873172e-002,0.000000e+000,3,9.882233e-001,1.825000e+000,,,,,,,,,,,,,,,,,,0,3.000000e+000,5.000000e-001,5,1,6.595001e-001,0,0,0,
1711671289.931,,0.000000e+000,1.574254e+002,1.434133e-002,0.000000e+000,7.863769e-002,0.000000e+000,3,9.881907e-001,1.825000e+000,,,,,,,,,,,,,,,,,,0,3.000000e+000,5.000000e-001,5,1,6.001892e-001,0,0,0,
1711671321.606,,0.000000e+000,1.584556e+002,1.428549e-002,0.000000e+000,7.846592e-002,0.000000e+000,3,9.882339e-001,1.825000e+000,,,,,,,,,,,,,,,,,,0,3.000000e+000,5.000000e-001,5,1,6.683044e-001,0,0,0,
1711671350.997,,0.000000e+000,1.594469e+002,1.423253e-002,0.000000e+000,7.830068e-002,0.000000e+000,3,9.882493e-001,1.825000e+000,,,,,,,,,,,,,,,,,,0,3.000000e+000,5.000000e-001,5,1,6.623993e-001,0,0,0,
1711671378.653,,0.000000e+000,1.603633e+002,1.418269e-002,0.000000e+000,7.821452e-002,0.000000e+000,3,9.882628e-001,1.825000e+000,,,,,,,,,,,,,,,,,,0,3.000000e+000,5.000000e-001,5,1,5.245972e-001,0,0,0,
1711671411.807,,0.000000e+000,1.614572e+002,1.412411e-002,0.000000e+000,7.799467e-002,0.000000e+000,3,9.882500e-001,1.825000e+000,,,,,,,,,,,,,,,,,,0,3.000000e+000,5.000000e-001,5,1,4.683075e-001,0,0,0,
1711671446.715,,0.000000e+000,1.625647e+002,1.406198e-002,0.000000e+000,7.785430e-002,0.000000e+000,3,9.882706e-001,1.825000e+000,,,,,,,,,,,,,,,,,,0,3.000000e+000,5.000000e-001,5,1,5.948029e-001,0,0,0,
1711671473.044,,0.000000e+000,1.634828e+002,1.401430e-002,0.000000e+000,7.763610e-002,0.000000e+000,3,9.882666e-001,1.825000e+000,,,,,,,,,,,,,,,,,,0,3.000000e+000,5.000000e-001,5,1,4.580078e-001,0,0,0,
1711671503.921,,0.000000e+000,1.644621e+002,1.395840e-002,0.000000e+000,7.745369e-002,0.000000e+000,3,9.882769e-001,1.825000e+000,,,,,,,,,,,,,,,,,,0,3.000000e+000,5.000000e-001,5,1,7.238007e-001,0,0,0,
1711671530.812,,0.000000e+000,1.654444e+002,1.390988e-002,0.000000e+000,7.734427e-002,0.000000e+000,3,9.882628e-001,1.825000e+000,,,,,,,,,,,,,,,,,,0,3.000000e+000,5.000000e-001,5,1,5.856018e-001,0,0,0,
1711671563.896,,0.000000e+000,1.665790e+002,1.384782e-002,0.000000e+000,7.713128e-002,0.000000e+000,3,9.883896e-001,1.825000e+000,,,,,,,,,,,,,,,,,,0,3.000000e+000,5.000000e-001,5,1,6.523895e-001,0,0,0,
1711671612.317,,0.000000e+000,1.681952e+002,1.376114e-002,0.000000e+000,7.686172e-002,0.000000e+000,3,9.883427e-001,1.825000e+000,,,,,,,,,,,,,,,,,,0,3.000000e+000,5.000000e-001,5,1,6.493073e-001,0,0,0,
1711671636.120,,0.000000e+000,1.689724e+002,1.372022e-002,0.000000e+000,7.676517e-002,0.000000e+000,3,9.884275e-001,1.825000e+000,,,,,,,,,,,,,,,,,,0,3.000000e+000,5.000000e-001,5,1,6.475067e-001,0,0,0,
1711671661.483,,0.000000e+000,1.698065e+002,1.367640e-002,0.000000e+000,7.662052e-002,0.000000e+000,3,9.883570e-001,1.825000e+000,,,,,,,,,,,,,,,,,,0,3.000000e+000,5.000000e-001,5,1,6.535034e-001,0,0,0,
1711671685.145,,0.000000e+000,1.705359e+002,1.367561e-002,0.000000e+000,7.446648e-002,0.000000e+000,3,9.868077e-001,1.825000e+000,,,,,,,,,,,,,,,,,,0,3.000000e+000,5.000000e-001,5,1,5.735016e-001,0,0,0,
1711671711.531,,0.000000e+000,1.714707e+002,1.358637e-002,0.000000e+000,7.639662e-002,0.000000e+000,3,9.884128e-001,1.825000e+000,,,,,,,,,,,,,,,,,,0,3.000000e+000,5.000000e-001,5,1,6.420898e-001,0,0,0,
1711671741.928,,0.000000e+000,1.724984e+002,1.353009e-002,0.000000e+000,7.624496e-002,0.000000e+000,3,9.884207e-001,1.825000e+000,,,,,,,,,,,,,,,,,,0,3.000000e+000,5.000000e-001,5,1,6.414948e-001,0,0,0,
1711671768.574,,0.000000e+000,1.734097e+002,1.339329e-002,0.000000e+000,7.458110e-002,0.000000e+000,3,9.831939e-001,1.825000e+000,,,,,,,,,,,,,,,,,,0,3.000000e+000,5.000000e-001,5,1,5.599060e-001,0,0,0,
1711671797.994,,0.000000e+000,1.743624e+002,1.343210e-002,0.000000e+000,7.586893e-002,0.000000e+000,3,9.883208e-001,1.825000e+000,,,,,,,,,,,,,,,,,,0,3.000000e+000,5.000000e-001,5,1,5.415039e-001,0,1,0,
1711671830.404,,0.000000e+000,1.754069e+002,1.337557e-002,0.000000e+000,7.579333e-002,0.000000e+000,3,9.883798e-001,1.825000e+000,,,,,,,,,,,,,,,,,,0,3.000000e+000,5.000000e-001,5,1,6.049042e-001,0,1,0,
1711671861.333,,0.000000e+000,1.764384e+002,1.331818e-002,0.000000e+000,7.578468e-002,0.000000e+000,3,9.884254e-001,1.825000e+000,,,,,,,,,,,,,,,,,,0,3.000000e+000,5.000000e-001,5,1,6.694946e-001,0,1,0,
1711671889.722,,0.000000e+000,1.773852e+002,1.326581e-002,0.000000e+000,7.566558e-002,0.000000e+000,3,9.884544e-001,1.825000e+000,,,,,,,,,,,,,,,,,,0,3.000000e+000,5.000000e-001,5,1,5.425873e-001,0,1,0,
1711671921.402,,0.000000e+000,1.784557e+002,1.321811e-002,0.000000e+000,7.541987e-002,0.000000e+000,3,9.883750e-001,1.825000e+000,,,,,,,,,,,,,,,,,,0,3.000000e+000,5.000000e-001,5,1,5.404968e-001,0,1,0,
1711671955.204,,0.000000e+000,1.796072e+002,1.315001e-002,0.000000e+000,7.539661e-002,0.000000e+000,3,9.884450e-001,1.825000e+000,,,,,,,,,,,,,,,,,,0,3.000000e+000,5.000000e-001,5,1,6.923981e-001,0,1,0,
1711671980.076,,0.000000e+000,1.803452e+002,1.310447e-002,0.000000e+000,7.525984e-002,0.000000e+000,3,9.884850e-001,1.825000e+000,,,,,,,,,,,,,,,,,,0,3.000000e+000,5.000000e-001,5,1,6.804962e-001,0,1,0,
1711672008.905,,0.000000e+000,1.813929e+002,1.305350e-002,0.000000e+000,7.530519e-002,0.000000e+000,3,9.885292e-001,1.825000e+000,,,,,,,,,,,,,,,,,,0,3.000000e+000,5.000000e-001,5,1,4.790039e-001,0,1,0,
1711672039.707,,0.000000e+000,1.823778e+002,1.299719e-002,0.000000e+000,7.515152e-002,0.000000e+000,3,9.885240e-001,1.825000e+000,,,,,,,,,,,,,,,,,,0,3.000000e+000,5.000000e-001,5,1,5.456085e-001,0,1,0,
1711672071.838,,0.000000e+000,1.834117e+002,1.294062e-002,0.000000e+000,7.501929e-002,0.000000e+000,3,9.885256e-001,1.825000e+000,,,,,,,,,,,,,,,,,,0,3.000000e+000,5.000000e-001,5,1,6.047058e-001,0,1,0,
1711672103.734,,0.000000e+000,1.845117e+002,1.288097e-002,0.000000e+000,7.491680e-002,0.000000e+000,3,9.885171e-001,1.825000e+000,,,,,,,,,,,,,,,,,,0,3.000000e+000,5.000000e-001,5,1,5.395966e-001,0,0,0,
1711672132.123,,0.000000e+000,1.855017e+002,1.283056e-002,0.000000e+000,7.473488e-002,0.000000e+000,3,9.885167e-001,1.825000e+000,,,,,,,,,,,,,,,,,,0,3.000000e+000,5.000000e-001,5,1,5.362091e-001,0,0,0,
1711672164.280,,0.000000e+000,1.865663e+002,1.277308e-002,0.000000e+000,7.469331e-002,0.000000e+000,3,9.885619e-001,1.825000e+000,,,,,,,,,,,,,,,,,,0,3.000000e+000,5.000000e-001,5,1,6.614075e-001,0,0,0,
1711672209.190,,0.000000e+000,1.880751e+002,1.269144e-002,0.000000e+000,7.443968e-002,0.000000e+000,3,9.885615e-001,1.825000e+000,,,,,,,,,,,,,,,,,,0,3.000000e+000,5.000000e-001,5,1,6.529999e-001,0,0,0,
1711672232.356,,0.000000e+000,1.888335e+002,1.265068e-002,0.000000e+000,7.443748e-002,0.000000e+000,3,9.885876e-001,1.825000e+000,,,,,,,,,,,,,,,,,,0,3.000000e+000,5.000000e-001,5,1,5.827026e-001,0,0,0,
1711672252.992,,0.000000e+000,1.894889e+002,1.261327e-002,0.000000e+000,7.448638e-002,0.000000e+000,3,9.885552e-001,1.825000e+000,,,,,,,,,,,,,,,,,,0,3.000000e+000,5.000000e-001,5,1,5.959930e-001,0,0,0,
1711672283.154,,0.000000e+000,1.905255e+002,1.255899e-002,0.000000e+000,7.432348e-002,0.000000e+000,3,9.885651e-001,1.825000e+000,,,,,,,,,,,,,,,,,,0,3.000000e+000,5.000000e-001,5,1,5.831909e-001,0,0,0,
1711672312.984,,0.000000e+000,1.915392e+002,1.250554e-002,0.000000e+000,7.413039e-002,0.000000e+000,3,9.885489e-001,1.825000e+000,,,,,,,,,,,,,,,,,,0,3.000000e+000,5.000000e-001,5,1,6.372986e-001,0,0,0,
1711672338.107,,0.000000e+000,1.923925e+002,1.245796e-002,0.000000e+000,7.404875e-002,0.000000e+000,3,9.886692e-001,1.825000e+000,,,,,,,,,,,,,,,,,,0,3.000000e+000,5.000000e-001,5,1,5.842896e-001,0,0,0,
1711672369.260,,0.000000e+000,1.933908e+002,1.240052e-002,0.000000e+000,7.380251e-002,0.000000e+000,3,9.886003e-001,1.825000e+000,,,,,,,,,,,,,,,,,,0,3.000000e+000,5.000000e-001,5,1,6.490936e-001,0,0,0,
1711672399.402,,0.000000e+000,1.944236e+002,1.234791e-002,0.000000e+000,7.375064e-002,0.000000e+000,3,9.886211e-001,1.825000e+000,,,,,,,,,,,,,,,,,,0,3.000000e+000,5.000000e-001,5,1,5.265045e-001,0,0,0,
1711672433.045,,0.000000e+000,1.955075e+002,1.228658e-002,0.000000e+000,7.360289e-002,0.000000e+000,3,9.886339e-001,1.825000e+000,,,,,,,,,,,,,,,,,,0,3.000000e+000,5.000000e-001,5,1,6.425934e-001,0,0,0,
1711672461.185,,0.000000e+000,1.964658e+002,1.223628e-002,0.000000e+000,7.345895e-002,0.000000e+000,3,9.886378e-001,1.825000e+000,,,,,,,,,,,,,,,,,,0,3.000000e+000,5.000000e-001,5,1,6.283112e-001,0,0,0,
1711672486.837,,0.000000e+000,1.973510e+002,1.218962e-002,0.000000e+000,7.345904e-002,0.000000e+000,3,9.886123e-001,1.825000e+000,,,,,,,,,,,,,,,,,,0,3.000000e+000,5.000000e-001,5,1,5.110016e-001,0,0,0,
1711672521.997,,0.000000e+000,1.984868e+002,1.212490e-002,0.000000e+000,7.332770e-002,0.000000e+000,3,9.887094e-001,1.825000e+000,,,,,,,,,,,,,,,,,,0,3.000000e+000,5.000000e-001,5,1,6.304016e-001,0,0,0,
1711672547.199,,0.000000e+000,1.993582e+002,1.207749e-002,0.000000e+000,7.311258e-002,0.000000e+000,3,9.887075e-001,1.825000e+000,,,,,,,,,,,,,,,,,,0,3.000000e+000,5.000000e-001,5,1,5.104980e-001,0,0,0,
1711672580.124,,0.000000e+000,2.004581e+002,1.201757e-002,0.000000e+000,7.292619e-002,0.000000e+000,3,9.887015e-001,1.825000e+000,,,,,,,,,,,,,,,,,,0,3.000000e+000,5.000000e-001,5,1,5.580139e-001,0,0,0,
1711672611.018,,0.000000e+000,2.014528e+002,1.196122e-002,0.000000e+000,7.285120e-002,0.000000e+000,3,9.887738e-001,1.825000e+000,,,,,,,,,,,,,,,,,,0,3.000000e+000,5.000000e-001,5,1,6.909027e-001,0,0,0,
1711672639.935,,0.000000e+000,2.024404e+002,1.190644e-002,0.000000e+000,7.272223e-002,0.000000e+000,3,9.887605e-001,1.825000e+000,,,,,,,,,,,,,,,,,,0,3.000000e+000,5.000000e-001,5,1,5.578918e-001,0,0,0,
1711672670.137,,0.000000e+000,2.034536e+002,1.186066e-002,0.000000e+000,7.251035e-002,0.000000e+000,3,9.886461e-001,1.825000e+000,,,,,,,,,,,,,,,,,,0,3.000000e+000,5.000000e-001,5,1,6.280975e-001,0,0,0,
1711672703.539,,0.000000e+000,2.045313e+002,1.161140e-002,0.000000e+000,6.078218e-002,0.000000e+000,3,9.078937e-001,1.825000e+000,,,,,,,,,,,,,,,,,,0,3.000000e+000,5.000000e-001,5,1,6.782990e-001,0,1,0,
1711672731.179,,0.000000e+000,2.054763e+002,1.174076e-002,0.000000e+000,7.229070e-002,0.000000e+000,3,9.887804e-001,1.825000e+000,,,,,,,,,,,,,,,,,,0,3.000000e+000,5.000000e-001,5,1,5.959015e-001,0,1,0,
1711672758.510,,0.000000e+000,2.063762e+002,1.169051e-002,0.000000e+000,7.220335e-002,0.000000e+000,3,9.887818e-001,1.825000e+000,,,,,,,,,,,,,,,,,,0,3.000000e+000,5.000000e-001,5,1,5.166016e-001,0,1,0,
1711672791.624,,0.000000e+000,2.074020e+002,1.162815e-002,0.000000e+000,7.219559e-002,0.000000e+000,3,9.888049e-001,1.825000e+000,,,,,,,,,,,,,,,,,,0,3.000000e+000,5.000000e-001,5,1,5.955963e-001,0,1,0,
1711672834.047,,0.000000e+000,2.088391e+002,1.155129e-002,0.000000e+000,7.187905e-002,0.000000e+000,3,9.887657e-001,1.825000e+000,,,,,,,,,,,,,,,,,,0,3.000000e+000,5.000000e-001,5,1,6.721039e-001,0,1,0,
1711672854.425,,0.000000e+000,2.095477e+002,1.151416e-002,0.000000e+000,7.181098e-002,0.000000e+000,3,9.888031e-001,1.825000e+000,,,,,,,,,,,,,,,,,,0,3.000000e+000,5.000000e-001,5,1,6.307068e-001,0,1,0,
1711672880.336,,0.000000e+000,2.104485e+002,1.146482e-002,0.000000e+000,7.186507e-002,0.000000e+000,3,9.889012e-001,1.825000e+000,,,,,,,,,,,,,,,,,,0,3.000000e+000,5.000000e-001,5,1,4.913940e-001,0,1,0,
1711672910.485,,0.000000e+000,2.114330e+002,1.141047e-002,0.000000e+000,7.161828e-002,0.000000e+000,3,9.888380e-001,1.825000e+000,,,,,,,,,,,,,,,,,,0,3.000000e+000,5.000000e-001,5,1,6.300964e-001,0,1,0,
1711672940.299,,0.000000e+000,2.124382e+002,1.135481e-002,0.000000e+000,7.164838e-002,0.000000e+000,3,9.888981e-001,1.825000e+000,,,,,,,,,,,,,,,,,,0,3.000000e+000,5.000000e-001,5,1,5.594025e-001,0,1,0,
1711672972.917,,0.000000e+000,2.135240e+002,1.129584e-002,0.000000e+000,7.138282e-002,0.000000e+000,3,9.887810e-001,1.825000e+000,,,,,,,,,,,,,,,,,,0,3.000000e+000,5.000000e-001,5,1,4.994965e-001,0,1,0,
1711673004.584,,0.000000e+000,2.145821e+002,1.123856e-002,0.000000e+000,7.133414e-002,0.000000e+000,3,9.888362e-001,1.825000e+000,,,,,,,,,,,,,,,,,,0,3.000000e+000,5.000000e-001,5,1,6.844940e-001,0,0,0,
1711673036.160,,0.000000e+000,2.156135e+002,1.117898e-002,0.000000e+000,7.127565e-002,0.000000e+000,3,9.888352e-001,1.825000e+000,,,,,,,,,,,,,,,,,,0,3.000000e+000,5.000000e-001,5,1,5.456085e-001,0,0,0,
1711673062.795,,0.000000e+000,2.164990e+002,1.112892e-002,0.000000e+000,7.128247e-002,0.000000e+000,3,9.889004e-001,1.825000e+000,,,,,,,,,,,,,,,,,,0,3.000000e+000,5.000000e-001,5,1,5.438080e-001,0,0,0,
1711673089.201,,0.000000e+000,2.174223e+002,1.108067e-002,0.000000e+000,7.119118e-002,0.000000e+000,3,9.888492e-001,1.825000e+000,,,,,,,,,,,,,,,,,,0,3.000000e+000,5.000000e-001,5,1,4.804993e-001,0,0,0,
1711673119.866,,0.000000e+000,2.184064e+002,1.102513e-002,0.000000e+000,7.095233e-002,0.000000e+000,3,9.889026e-001,1.825000e+000,,,,,,,,,,,,,,,,,,0,3.000000e+000,5.000000e-001,5,1,6.835938e-001,0,0,0,
1711673147.287,,0.000000e+000,2.193768e+002,1.097523e-002,0.000000e+000,7.086799e-002,0.000000e+000,3,9.888433e-001,1.825000e+000,,,,,,,,,,,,,,,,,,0,3.000000e+000,5.000000e-001,5,1,4.827881e-001,0,0,0,
1711673180.428,,0.000000e+000,2.204224e+002,1.091405e-002,0.000000e+000,7.103649e-002,0.000000e+000,3,9.889124e-001,1.825000e+000,,,,,,,,,,,,,,,,,,0,3.000000e+000,5.000000e-001,5,1,5.503998e-001,0,0,0,
1711673211.824,,0.000000e+000,2.214362e+002,1.085552e-002,0.000000e+000,7.075743e-002,0.000000e+000,3,9.888152e-001,1.825000e+000,,,,,,,,,,,,,,,,,,0,3.000000e+000,5.000000e-001,5,1,5.746002e-001,0,0,0,
1711673239.224,,0.000000e+000,2.223753e+002,1.080420e-002,0.000000e+000,7.082620e-002,0.000000e+000,3,9.888521e-001,1.825000e+000,,,,,,,,,,,,,,,,,,0,3.000000e+000,5.000000e-001,5,1,4.828033e-001,0,0,0,
1711673268.625,,0.000000e+000,2.233386e+002,1.075111e-002,0.000000e+000,7.081293e-002,0.000000e+000,3,9.888570e-001,1.825000e+000,,,,,,,,,,,,,,,,,,0,3.000000e+000,5.000000e-001,5,1,6.168060e-001,0,0,0,
1711673302.345,,0.000000e+000,2.245195e+002,1.068822e-002,0.000000e+000,7.074584e-002,0.000000e+000,3,9.888937e-001,1.825000e+000,,,,,,,,,,,,,,,,,,0,3.000000e+000,5.000000e-001,5,1,4.787903e-001,0,0,0,
1711673330.250,,0.000000e+000,2.253986e+002,1.063721e-002,0.000000e+000,7.060905e-002,0.000000e+000,3,9.888769e-001,1.825000e+000,,,,,,,,,,,,,,,,,,0,3.000000e+000,5.000000e-001,5,1,6.212006e-001,0,0,0,
1711673359.954,,0.000000e+000,2.264207e+002,1.058169e-002,0.000000e+000,7.057697e-002,0.000000e+000,3,9.888995e-001,1.825000e+000,,,,,,,,,,,,,,,,,,0,3.000000e+000,5.000000e-001,5,1,4.801025e-001,0,0,0,
1711673390.106,,0.000000e+000,2.274084e+002,1.052774e-002,0.000000e+000,7.090396e-002,0.000000e+000,3,9.886263e-001,1.825000e+000,,,,,,,,,,,,,,,,,,0,3.000000e+000,5.000000e-001,5,1,5.446930e-001,0,0,0,
1711673438.048,,0.000000e+000,2.290404e+002,1.043755e-002,0.000000e+000,7.038870e-002,0.000000e+000,3,9.888853e-001,1.825000e+000,,,,,,,,,,,,,,,,,,0,3.000000e+000,5.000000e-001,5,1,6.750031e-001,0,0,0,
1711673460.706,,0.000000e+000,2.297791e+002,1.039425e-002,0.000000e+000,7.040536e-002,0.000000e+000,3,9.888878e-001,1.825000e+000,,,,,,,,,,,,,,,,,,0,3.000000e+000,5.000000e-001,5,1,6.791992e-001,0,0,0,
1711673483.863,,0.000000e+000,2.305190e+002,1.035110e-002,0.000000e+000,7.037842e-002,0.000000e+000,3,9.889073e-001,1.825000e+000,,,,,,,,,,,,,,,,,,0,3.000000e+000,5.000000e-001,5,1,6.766052e-001,0,0,0,
1711673514.533,,0.000000e+000,2.315627e+002,1.029478e-002,0.000000e+000,7.037531e-002,0.000000e+000,3,9.888930e-001,1.825000e+000,,,,,,,,,,,,,,,,,,0,3.000000e+000,5.000000e-001,5,1,6.199036e-001,0,0,0,
1711673539.187,,0.000000e+000,2.324258e+002,1.024797e-002,0.000000e+000,7.038239e-002,0.000000e+000,3,9.888899e-001,1.825000e+000,,,,,,,,,,,,,,,,,,0,3.000000e+000,5.000000e-001,5,1,4.770966e-001,0,0,0,
1711673573.847,,0.000000e+000,2.335170e+002,1.018477e-002,0.000000e+000,7.035617e-002,0.000000e+000,3,9.888393e-001,1.825000e+000,,,,,,,,,,,,,,,,,,0,3.000000e+000,5.000000e-001,5,1,6.798096e-001,0,0,0,
1711673600.184,,0.000000e+000,2.344731e+002,1.013332e-002,0.000000e+000,7.027016e-002,0.000000e+000,3,9.888380e-001,1.825000e+000,,,,,,,,,,,,,,,,,,0,3.000000e+000,5.000000e-001,5,1,6.067047e-001,0,0,0,
1711673630.308,,0.000000e+000,2.354442e+002,1.007745e-002,0.000000e+000,7.033022e-002,0.000000e+000,3,9.888394e-001,1.825000e+000,,,,,,,,,,,,,,,,,,0,3.000000e+000,5.000000e-001,5,1,5.612946e-001,0,1,0,
1711673659.742,,0.000000e+000,2.363690e+002,1.002195e-002,0.000000e+000,7.026107e-002,0.000000e+000,3,9.888027e-001,1.825000e+000,,,,,,,,,,,,,,,,,,0,3.000000e+000,5.000000e-001,5,1,5.655975e-001,0,1,0,
1711673691.403,,0.000000e+000,2.374252e+002,9.961713e-003,0.000000e+000,7.027015e-002,0.000000e+000,3,9.888428e-001,1.825000e+000,,,,,,,,,,,,,,,,,,0,3.000000e+000,5.000000e-001,5,1,5.852966e-001,0,1,0,
1711673720.560,,0.000000e+000,2.383876e+002,9.906593e-003,0.000000e+000,7.024857e-002,0.000000e+000,3,9.888362e-001,1.825000e+000,,,,,,,,,,,,,,,,,,0,3.000000e+000,5.000000e-001,5,1,6.490021e-001,0,1,0,
1711673751.975,,0.000000e+000,2.394504e+002,9.847711e-003,0.000000e+000,7.018588e-002,0.000000e+000,3,9.888421e-001,1.825000e+000,,,,,,,,,,,,,,,,,,0,3.000000e+000,5.000000e-001,5,1,6.472931e-001,0,1,0,
1711673782.392,,0.000000e+000,2.405190e+002,9.791306e-003,0.000000e+000,7.020681e-002,0.000000e+000,3,9.888176e-001,1.825000e+000,,,,,,,,,,,,,,,,,,0,3.000000e+000,5.000000e-001,5,1,6.529999e-001,0,1,0,
1711673812.079,,0.000000e+000,2.414720e+002,9.732734e-003,0.000000e+000,7.020471e-002,0.000000e+000,3,9.888554e-001,1.825000e+000,,,,,,,,,,,,,,,,,,0,3.000000e+000,5.000000e-001,5,1,5.747986e-001,0,1,0,
1711673842.979,,0.000000e+000,2.425163e+002,9.668862e-003,0.000000e+000,7.056051e-002,0.000000e+000,3,9.885885e-001,1.825000e+000,,,,,,,,,,,,,,,,,,0,3.000000e+000,5.000000e-001,5,1,5.111084e-001,0,1,0,
1711673869.147,,0.000000e+000,2.433544e+002,9.624336e-003,0.000000e+000,7.039732e-002,0.000000e+000,3,9.888374e-001,1.825000e+000,,,,,,,,,,,,,,,,,,0,3.000000e+000,5.000000e-001,5,1,5.068970e-001,0,1,0,
1711673899.567,,0.000000e+000,2.443994e+002,9.566338e-003,0.000000e+000,7.030480e-002,0.000000e+000,3,9.888447e-001,1.825000e+000,,,,,,,,,,,,,,,,,,0,3.000000e+000,5.000000e-001,5,1,5.653992e-001,0,1,0,
1711673930.728,,0.000000e+000,2.455195e+002,9.506925e-003,0.000000e+000,7.018510e-002,0.000000e+000,3,9.887823e-001,1.825000e+000,,,,,,,,,,,,,,,,,,0,3.000000e+000,5.000000e-001,5,1,4.298096e-001,0,0,0,
1711673958.619,,0.000000e+000,2.463665e+002,9.452891e-003,0.000000e+000,7.024149e-002,0.000000e+000,3,9.887974e-001,1.825000e+000,,,,,,,,,,,,,,,,,,0,3.000000e+000,5.000000e-001,5,1,5.899963e-001,0,0,0,
1711673993.033,,0.000000e+000,2.475126e+002,9.386837e-003,0.000000e+000,7.021353e-002,0.000000e+000,3,9.888380e-001,1.825000e+000,,,,,,,,,,,,,,,,,,0,3.000000e+000,5.000000e-001,5,1,6.589966e-001,0,0,0,
1711674037.461,,0.000000e+000,2.490501e+002,9.299828e-003,0.000000e+000,7.025477e-002,0.000000e+000,3,9.888296e-001,1.825000e+000,,,,,,,,,,,,,,,,,,0,3.000000e+000,5.000000e-001,5,1,4.821014e-001,0,0,0,
1711674061.896,,0.000000e+000,2.498443e+002,9.252214e-003,0.000000e+000,7.018641e-002,0.000000e+000,3,9.888390e-001,1.825000e+000,,,,,,,,,,,,,,,,,,0,3.000000e+000,5.000000e-001,5,1,5.579987e-001,0,0,0,
1711674083.299,,0.000000e+000,2.505336e+002,9.211034e-003,0.000000e+000,7.021545e-002,0.000000e+000,3,9.888426e-001,1.825000e+000,,,,,,,,,,,,,,,,,,0,3.000000e+000,5.000000e-001,5,1,5.610046e-001,0,0,0,
1711674109.392,,0.000000e+000,2.513656e+002,9.159786e-003,0.000000e+000,7.022040e-002,0.000000e+000,3,9.888722e-001,1.825000e+000,,,,,,,,,,,,,,,,,,0,3.000000e+000,5.000000e-001,5,1,5.646973e-001,0,0,0,
1711674138.694,,0.000000e+000,2.524257e+002,9.102794e-003,0.000000e+000,7.023975e-002,0.000000e+000,3,9.889020e-001,1.825000e+000,,,,,,,,,,,,,,,,,,0,3.000000e+000,5.000000e-001,5,1,4.868011e-001,0,0,0,
1711674168.559,,0.000000e+000,2.533866e+002,9.045063e-003,0.000000e+000,7.026721e-002,0.000000e+000,3,9.888753e-001,1.825000e+000,,,,,,,,,,,,,,,,,,0,3.000000e+000,5.000000e-001,5,1,4.739075e-001,0,0,0,
1711674201.968,,0.000000e+000,2.544510e+002,8.980002e-003,0.000000e+000,7.035065e-002,0.000000e+000,3,9.889060e-001,1.825000e+000,,,,,,,,,,,,,,,,,,0,3.000000e+000,5.000000e-001,5,1,5.699921e-001,0,0,0,
1711674233.553,,0.000000e+000,2.555073e+002,8.919293e-003,0.000000e+000,7.013998e-002,0.000000e+000,3,9.889041e-001,1.825000e+000,,,,,,,,,,,,,,,,,,0,3.000000e+000,5.000000e-001,5,1,5.999908e-001,0,0,0,
1711674261.174,,0.000000e+000,2.564062e+002,8.866215e-003,0.000000e+000,7.021304e-002,0.000000e+000,3,9.888436e-001,1.825000e+000,,,,,,,,,,,,,,,,,,0,3.000000e+000,5.000000e-001,5,1,6.042175e-001,0,0,0,
1711674291.629,,0.000000e+000,2.574271e+002,8.805591e-003,0.000000e+000,7.024092e-002,0.000000e+000,3,9.888598e-001,1.825000e+000,,,,,,,,,,,,,,,,,,0,3.000000e+000,5.000000e-001,5,1,6.345825e-001,0,0,0,
1711674316.595,,0.000000e+000,2.583089e+002,8.757804e-003,0.000000e+000,7.026373e-002,0.000000e+000,3,9.888803e-001,1.825000e+000,,,,,,,,,,,,,,,,,,0,3.000000e+000,5.000000e-001,5,1,4.747925e-001,0,0,0,
1711674350.752,,0.000000e+000,2.593926e+002,8.690817e-003,0.000000e+000,7.028445e-002,0.000000e+000,3,9.888456e-001,1.825000e+000,,,,,,,,,,,,,,,,,,0,3.000000e+000,5.000000e-001,5,1,6.007080e-001,0,0,0,
1711674378.665,,0.000000e+000,2.603362e+002,8.635720e-003,0.000000e+000,7.029291e-002,0.000000e+000,3,9.888967e-001,1.825000e+000,,,,,,,,,,,,,,,,,,0,3.000000e+000,5.000000e-001,5,1,6.050110e-001,0,0,0,
1711674411.524,,0.000000e+000,2.614146e+002,8.571411e-003,0.000000e+000,7.039019e-002,0.000000e+000,3,9.888732e-001,1.825000e+000,,,,,,,,,,,,,,,,,,0,3.000000e+000,5.000000e-001,5,1,6.187134e-001,0,0,0,
1711674442.646,,0.000000e+000,2.625149e+002,8.510027e-003,0.000000e+000,7.035515e-002,0.000000e+000,3,9.888127e-001,1.825000e+000,,,,,,,,,,,,,,,,,,0,3.000000e+000,5.000000e-001,5,1,5.346069e-001,0,0,0,
1711674469.063,,0.000000e+000,2.633355e+002,8.458278e-003,0.000000e+000,7.049126e-002,0.000000e+000,3,9.888381e-001,1.825000e+000,,,,,,,,,,,,,,,,,,0,3.000000e+000,5.000000e-001,5,1,5.342102e-001,0,0,0,
1711674501.999,,0.000000e+000,2.643970e+002,8.392094e-003,0.000000e+000,7.060341e-002,0.000000e+000,3,9.887869e-001,1.825000e+000,,,,,,,,,,,,,,,,,,0,3.000000e+000,5.000000e-001,5,1,6.156006e-001,0,0,0,
1711674532.915,,0.000000e+000,2.655247e+002,8.330648e-003,0.000000e+000,7.065620e-002,0.000000e+000,3,9.888819e-001,1.825000e+000,,,,,,,,,,,,,,,,,,0,3.000000e+000,5.000000e-001,5,1,6.759949e-001,0,0,0,
1711674557.578,,0.000000e+000,2.663770e+002,8.279230e-003,0.000000e+000,7.079648e-002,0.000000e+000,3,9.887919e-001,1.825000e+000,,,,,,,,,,,,,,,,,,0,3.000000e+000,5.000000e-001,5,1,4.967957e-001,0,1,0,
1711674590.497,,0.000000e+000,2.673976e+002,8.213648e-003,0.000000e+000,7.083196e-002,0.000000e+000,3,9.888089e-001,1.825000e+000,,,,,,,,,,,,,,,,,,0,3.000000e+000,5.000000e-001,5,1,5.657043e-001,0,1,0,
1711674640.471,,0.000000e+000,2.691535e+002,8.114399e-003,0.000000e+000,7.120786e-002,0.000000e+000,3,9.888021e-001,1.825000e+000,,,,,,,,,,,,,,,,,,0,3.000000e+000,5.000000e-001,5,1,5.925903e-001,0,1,0,
1711674663.116,,0.000000e+000,2.698516e+002,8.070898e-003,0.000000e+000,7.127125e-002,0.000000e+000,3,9.887673e-001,1.825000e+000,,,,,,,,,,,,,,,,,,0,3.000000e+000,5.000000e-001,5,1,7.093201e-001,0,1,0,
1711674682.519,,0.000000e+000,2.705152e+002,8.031614e-003,0.000000e+000,7.137641e-002,0.000000e+000,3,9.887626e-001,1.825000e+000,,,,,,,,,,,,,,,,,,0,3.000000e+000,5.000000e-001,5,1,6.179810e-001,0,1,0,
1711674710.599,,0.000000e+000,2.714216e+002,7.978288e-003,0.000000e+000,7.162740e-002,0.000000e+000,3,9.886966e-001,1.825000e+000,,,,,,,,,,,,,,,,,,0,3.000000e+000,5.000000e-001,5,1,6.415100e-001,0,1,0,
1711674742.221,,0.000000e+000,2.725371e+002,7.915711e-003,0.000000e+000,7.185373e-002,0.000000e+000,3,9.886758e-001,1.825000e+000,,,,,,,,,,,,,,,,,,0,3.000000e+000,5.000000e-001,5,1,4.925842e-001,0,1,0,
1711674769.561,,0.000000e+000,2.734435e+002,7.862367e-003,0.000000e+000,7.210246e-002,0.000000e+000,3,9.886633e-001,1.825000e+000,,,,,,,,,,,,,,,,,,0,3.000000e+000,5.000000e-001,5,1,4.865112e-001,0,1,0,
1711674801.447,,0.000000e+000,2.744937e+002,7.799309e-003,0.000000e+000,7.224536e-002,0.000000e+000,3,9.886397e-001,1.825000e+000,,,,,,,,,,,,,,,,,,0,3.000000e+000,5.000000e-001,5,1,5.002136e-001,0,1,0,
1711674829.869,,0.000000e+000,2.753698e+002,7.742782e-003,0.000000e+000,7.246167e-002,0.000000e+000,3,9.886250e-001,1.825000e+000,,,,,,,,,,,,,,,,,,0,3.000000e+000,5.000000e-001,5,1,7.208862e-001,0,1,0,
1711674862.835,,0.000000e+000,2.765851e+002,7.677945e-003,0.000000e+000,7.268994e-002,0.000000e+000,3,9.885725e-001,1.825000e+000,,,,,,,,,,,,,,,,,,0,3.000000e+000,5.000000e-001,5,1,6.379089e-001,0,0,0,
1711674889.740,,0.000000e+000,2.774501e+002,7.625806e-003,0.000000e+000,7.295127e-002,0.000000e+000,3,9.885856e-001,1.825000e+000,,,,,,,,,,,,,,,,,,0,3.000000e+000,5.000000e-001,5,1,5.519104e-001,0,0,0,
1711674919.442,,0.000000e+000,2.784525e+002,7.568304e-003,0.000000e+000,7.315480e-002,0.000000e+000,3,9.885095e-001,1.825000e+000,,,,,,,,,,,,,,,,,,0,3.000000e+000,5.000000e-001,5,1,6.066895e-001,0,0,0,
1711674950.104,,0.000000e+000,2.794780e+002,7.508348e-003,0.000000e+000,7.350941e-002,0.000000e+000,3,9.885321e-001,1.825000e+000,,,,,,,,,,,,,,,,,,0,3.000000e+000,5.000000e-001,5,1,6.319275e-001,0,0,0,
1711674977.512,,0.000000e+000,2.803983e+002,7.455816e-003,0.000000e+000,7.373442e-002,0.000000e+000,3,9.885365e-001,1.825000e+000,,,,,,,,,,,,,,,,,,0,3.000000e+000,5.000000e-001,5,1,5.542297e-001,0,0,0,
1711675010.428,,0.000000e+000,2.814494e+002,7.393157e-003,0.000000e+000,7.401997e-002,0.000000e+000,3,9.884980e-001,1.825000e+000,,,,,,,,,,,,,,,,,,0,3.000000e+000,5.000000e-001,5,1,6.414185e-001,0,0,0,
1711675038.087,,0.000000e+000,2.824408e+002,7.339128e-003,0.000000e+000,7.423458e-002,0.000000e+000,3,9.885343e-001,1.825000e+000,,,,,,,,,,,,,,,,,,0,3.000000e+000,5.000000e-001,5,1,5.523987e-001,0,0,0,
1711675068.508,,0.000000e+000,2.833926e+002,7.281840e-003,0.000000e+000,7.458952e-002,0.000000e+000,3,9.884707e-001,1.825000e+000,,,,,,,,,,,,,,,,,,0,3.000000e+000,5.000000e-001,5,1,5.563049e-001,0,0,0,
1711675099.464,,0.000000e+000,2.844305e+002,7.225330e-003,0.000000e+000,7.489296e-002,0.000000e+000,3,9.884284e-001,1.825000e+000,,,,,,,,,,,,,,,,,,0,3.000000e+000,5.000000e-001,5,1,4.866028e-001,0,0,0,
1711675133.629,,0.000000e+000,2.855353e+002,7.161587e-003,0.000000e+000,7.519631e-002,0.000000e+000,3,9.884101e-001,1.825000e+000,,,,,,,,,,,,,,,,,,0,3.000000e+000,5.000000e-001,5,1,5.545959e-001,0,0,0,
1711675158.953,,0.000000e+000,2.864341e+002,7.113614e-003,0.000000e+000,7.535025e-002,0.000000e+000,3,9.884199e-001,1.825000e+000,,,,,,,,,,,,,,,,,,0,3.000000e+000,5.000000e-001,5,1,6.012878e-001,0,0,0,
1711675187.329,,0.000000e+000,2.873175e+002,7.063438e-003,0.000000e+000,7.553056e-002,0.000000e+000,3,9.883708e-001,1.825000e+000,,,,,,,,,,,,,,,,,,0,3.000000e+000,5.000000e-001,5,1,6.051941e-001,0,0,0,
1711675219.741,,0.000000e+000,2.883752e+002,7.005005e-003,0.000000e+000,7.590839e-002,0.000000e+000,3,9.883216e-001,1.825000e+000,,,,,,,,,,,,,,,,,,0,3.000000e+000,5.000000e-001,5,1,5.771790e-001,0,0,0,
1711675264.661,,0.000000e+000,2.899581e+002,6.922188e-003,0.000000e+000,7.624131e-002,0.000000e+000,3,9.883180e-001,1.825000e+000,,,,,,,,,,,,,,,,,,0,3.000000e+000,5.000000e-001,5,1,5.948792e-001,0,0,0,
1711675286.810,,0.000000e+000,2.906152e+002,6.879631e-003,0.000000e+000,7.646895e-002,0.000000e+000,3,9.882895e-001,1.825000e+000,,,,,,,,,,,,,,,,,,0,3.000000e+000,5.000000e-001,5,1,5.867004e-001,0,0,0,
1711675310.965,,0.000000e+000,2.914481e+002,6.832550e-003,0.000000e+000,7.676174e-002,0.000000e+000,3,9.882729e-001,1.825000e+000,,,,,,,,,,,,,,,,,,0,3.000000e+000,5.000000e-001,5,1,7.237854e-001,0,0,0,
1711675338.885,,0.000000e+000,2.923977e+002,6.776973e-003,0.000000e+000,7.706267e-002,0.000000e+000,3,9.882148e-001,1.825000e+000,,,,,,,,,,,,,,,,,,0,3.000000e+000,5.000000e-001,5,1,5.270996e-001,0,0,0,
1711675374.342,,0.000000e+000,2.935408e+002,6.703444e-003,0.000000e+000,7.755964e-002,0.000000e+000,3,9.882011e-001,1.825000e+000,,,,,,,,,,,,,,,,,,0,3.000000e+000,5.000000e-001,5,1,7.462158e-001,0,0,0,
1711675397.495,,0.000000e+000,2.943516e+002,6.654422e-003,0.000000e+000,7.779976e-002,0.000000e+000,3,9.881144e-001,1.825000e+000,,,,,,,,,,,,,,,,,,0,3.000000e+000,5.000000e-001,5,1,6.708984e-001,0,0,0,
1711675429.915,,0.000000e+000,2.954245e+002,6.584230e-003,0.000000e+000,7.812408e-002,0.000000e+000,3,9.881212e-001,1.825000e+000,,,,,,,,,,,,,,,,,,0,3.000000e+000,5.000000e-001,5,1,6.301880e-001,0,1,0,
1711675460.077,,0.000000e+000,2.964537e+002,6.509126e-003,0.000000e+000,7.764754e-002,0.000000e+000,3,9.880275e-001,1.825000e+000,,,,,,,,,,,,,,,,,,0,3.000000e+000,5.000000e-001,5,1,4.848022e-001,0,1,0,
1711675492.743,,0.000000e+000,2.975381e+002,6.447216e-003,0.000000e+000,7.896452e-002,0.000000e+000,3,9.881079e-001,1.825000e+000,,,,,,,,,,,,,,,,,,0,3.000000e+000,5.000000e-001,5,1,6.631775e-001,0,1,0,
1711675520.910,,0.000000e+000,2.983961e+002,6.385199e-003,0.000000e+000,7.944266e-002,0.000000e+000,3,9.880126e-001,1.825000e+000,,,,,,,,,,,,,,,,,,0,3.000000e+000,5.000000e-001,5,1,7.727966e-001,0,1,0,
1711675547.568,,0.000000e+000,2.993710e+002,6.328534e-003,0.000000e+000,7.983702e-002,0.000000e+000,3,9.879428e-001,1.825000e+000,,,,,,,,,,,,,,,,,,0,3.000000e+000,5.000000e-001,5,1,5.187988e-001,0,1,0,
1711675820.758,,0.000000e+000,3.000149e+002,6.125683e-003,0.000000e+000,8.185761e-002,0.000000e+000,3,9.877319e-001,1.825000e+000,,,,,,,,,,,,,,,,,,0,3.000000e+000,5.000000e-001,5,1,1.181030e-002,0,0,0,
